fecha,serie,modelo,prediccion,observado
2025-01-01,Viajes MBTB,SARIMA punto 5,2605.408867402565,1316.0
2025-01-02,Viajes MBTB,SARIMA punto 5,2659.3496682651557,2357.0
2025-01-03,Viajes MBTB,SARIMA punto 5,2526.6389928782014,2612.0
2025-01-04,Viajes MBTB,SARIMA punto 5,1949.2197836117618,2130.0
2025-01-05,Viajes MBTB,SARIMA punto 5,1805.1936402085712,2625.0
2025-01-06,Viajes MBTB,SARIMA punto 5,2398.7463201168193,2927.0
2025-01-07,Viajes MBTB,SARIMA punto 5,2604.7250452965245,2752.0
2025-01-08,Viajes MBTB,SARIMA punto 5,2600.1689591359723,2641.0
2025-01-09,Viajes MBTB,SARIMA punto 5,2654.109759998563,2715.0
2025-01-10,Viajes MBTB,SARIMA punto 5,2521.3990846116085,2668.0
2025-01-11,Viajes MBTB,SARIMA punto 5,1943.9798753451687,2215.0
2025-01-12,Viajes MBTB,SARIMA punto 5,1799.9537319419783,2418.0
2025-01-13,Viajes MBTB,SARIMA punto 5,2393.506411850226,2894.0
2025-01-14,Viajes MBTB,SARIMA punto 5,2599.485137029931,2867.0
2025-01-15,Viajes MBTB,SARIMA punto 5,2594.929050869379,2791.0
2025-01-16,Viajes MBTB,SARIMA punto 5,2648.8698517319694,2609.0
2025-01-17,Viajes MBTB,SARIMA punto 5,2516.159176345015,2618.0
2025-01-18,Viajes MBTB,SARIMA punto 5,1938.7399670785753,2071.0
2025-01-19,Viajes MBTB,SARIMA punto 5,1794.713823675385,1974.0
2025-01-20,Viajes MBTB,SARIMA punto 5,2388.2665035836326,3173.0
2025-01-21,Viajes MBTB,SARIMA punto 5,2594.2452287633378,3082.0
2025-01-22,Viajes MBTB,SARIMA punto 5,2589.6891426027855,3082.0
2025-01-23,Viajes MBTB,SARIMA punto 5,2643.629943465376,2954.0
2025-01-24,Viajes MBTB,SARIMA punto 5,2510.9192680784217,2672.0
2025-01-25,Viajes MBTB,SARIMA punto 5,1933.500058811982,2271.0
2025-01-26,Viajes MBTB,SARIMA punto 5,1789.4739154087915,2110.0
2025-01-27,Viajes MBTB,SARIMA punto 5,2383.026595317039,2952.0
2025-01-28,Viajes MBTB,SARIMA punto 5,2589.0053204967444,2849.0
2025-01-29,Viajes MBTB,SARIMA punto 5,2584.449234336192,3223.0
2025-01-30,Viajes MBTB,SARIMA punto 5,2638.3900351987827,3218.0
2025-01-31,Viajes MBTB,SARIMA punto 5,2505.6793598118284,3377.0
2025-02-01,Viajes MBTB,SARIMA punto 5,1928.2601505453886,2427.0
2025-02-02,Viajes MBTB,SARIMA punto 5,1784.2340071421982,2490.0
2025-02-03,Viajes MBTB,SARIMA punto 5,2377.786687050446,2828.0
2025-02-04,Viajes MBTB,SARIMA punto 5,2583.765412230151,2338.0
2025-02-05,Viajes MBTB,SARIMA punto 5,2579.209326069599,1368.0
2025-02-06,Viajes MBTB,SARIMA punto 5,2633.1501269321893,3233.0
2025-02-07,Viajes MBTB,SARIMA punto 5,2500.439451545235,3099.0
2025-02-08,Viajes MBTB,SARIMA punto 5,1923.0202422787952,2199.0
2025-02-09,Viajes MBTB,SARIMA punto 5,1778.9940988756048,2200.0
2025-02-10,Viajes MBTB,SARIMA punto 5,2372.5467787838525,2609.0
2025-02-11,Viajes MBTB,SARIMA punto 5,2578.5255039635576,2341.0
2025-02-12,Viajes MBTB,SARIMA punto 5,2573.9694178030054,2121.0
2025-02-13,Viajes MBTB,SARIMA punto 5,2627.910218665596,3196.0
2025-02-14,Viajes MBTB,SARIMA punto 5,2495.1995432786416,2726.0
2025-02-15,Viajes MBTB,SARIMA punto 5,1917.7803340122018,2146.0
2025-02-16,Viajes MBTB,SARIMA punto 5,1773.7541906090114,1597.0
2025-02-17,Viajes MBTB,SARIMA punto 5,2367.306870517259,3014.0
2025-02-18,Viajes MBTB,SARIMA punto 5,2573.2855956969643,3241.0
2025-02-19,Viajes MBTB,SARIMA punto 5,2568.729509536412,3234.0
2025-02-20,Viajes MBTB,SARIMA punto 5,2622.6703103990026,3187.0
2025-02-21,Viajes MBTB,SARIMA punto 5,2489.9596350120482,3082.0
2025-02-22,Viajes MBTB,SARIMA punto 5,1912.5404257456084,2109.0
2025-02-23,Viajes MBTB,SARIMA punto 5,1768.514282342418,2217.0
2025-02-24,Viajes MBTB,SARIMA punto 5,2362.0669622506657,2579.0
2025-02-25,Viajes MBTB,SARIMA punto 5,2568.045687430371,1897.0
2025-02-26,Viajes MBTB,SARIMA punto 5,2563.4896012698186,2856.0
2025-02-27,Viajes MBTB,SARIMA punto 5,2617.430402132409,3166.0
2025-02-28,Viajes MBTB,SARIMA punto 5,2484.719726745455,2425.0
2025-03-01,Viajes MBTB,SARIMA punto 5,1907.300517479015,2292.0
2025-03-02,Viajes MBTB,SARIMA punto 5,1763.2743740758247,1308.0
2025-03-03,Viajes MBTB,SARIMA punto 5,2356.8270539840723,1818.0
2025-03-04,Viajes MBTB,SARIMA punto 5,2562.8057791637775,2132.0
2025-03-05,Viajes MBTB,SARIMA punto 5,2558.2496930032253,2675.0
2025-03-06,Viajes MBTB,SARIMA punto 5,2612.190493865816,2628.0
2025-03-07,Viajes MBTB,SARIMA punto 5,2479.4798184788615,2665.0
2025-03-08,Viajes MBTB,SARIMA punto 5,1902.0606092124217,1460.0
2025-03-09,Viajes MBTB,SARIMA punto 5,1758.0344658092313,2887.0
2025-03-10,Viajes MBTB,SARIMA punto 5,2351.587145717479,3225.0
2025-03-11,Viajes MBTB,SARIMA punto 5,2557.565870897184,2920.0
2025-03-12,Viajes MBTB,SARIMA punto 5,2553.009784736632,2730.0
2025-03-13,Viajes MBTB,SARIMA punto 5,2606.9505855992224,3183.0
2025-03-14,Viajes MBTB,SARIMA punto 5,2474.239910212268,3238.0
2025-03-15,Viajes MBTB,SARIMA punto 5,1896.8207009458283,2459.0
2025-03-16,Viajes MBTB,SARIMA punto 5,1752.794557542638,2742.0
2025-03-17,Viajes MBTB,SARIMA punto 5,2346.3472374508856,3019.0
2025-03-18,Viajes MBTB,SARIMA punto 5,2552.3259626305908,3085.0
2025-03-19,Viajes MBTB,SARIMA punto 5,2547.7698764700385,3156.0
2025-03-20,Viajes MBTB,SARIMA punto 5,2601.710677332629,3295.0
2025-03-21,Viajes MBTB,SARIMA punto 5,2469.0000019456747,3229.0
2025-03-22,Viajes MBTB,SARIMA punto 5,1891.580792679235,2968.0
2025-03-23,Viajes MBTB,SARIMA punto 5,1747.5546492760445,2195.0
2025-03-24,Viajes MBTB,SARIMA punto 5,2341.107329184292,1624.0
2025-03-25,Viajes MBTB,SARIMA punto 5,2547.0860543639974,3232.0
2025-03-26,Viajes MBTB,SARIMA punto 5,2542.529968203445,3288.0
2025-03-27,Viajes MBTB,SARIMA punto 5,2596.4707690660357,2610.0
2025-03-28,Viajes MBTB,SARIMA punto 5,2463.7600936790814,2544.0
2025-03-29,Viajes MBTB,SARIMA punto 5,1886.3408844126416,2707.0
2025-03-30,Viajes MBTB,SARIMA punto 5,1742.3147410094512,2506.0
2025-03-31,Viajes MBTB,SARIMA punto 5,2335.867420917699,2516.0
2025-04-01,Viajes MBTB,SARIMA punto 5,2541.846146097404,2920.0
2025-04-02,Viajes MBTB,SARIMA punto 5,2537.290059936852,2708.0
2025-04-03,Viajes MBTB,SARIMA punto 5,2591.2308607994423,3325.0
2025-04-04,Viajes MBTB,SARIMA punto 5,2458.520185412488,2987.0
2025-04-05,Viajes MBTB,SARIMA punto 5,1881.1009761460482,2547.0
2025-04-06,Viajes MBTB,SARIMA punto 5,1737.0748327428578,1990.0
2025-04-07,Viajes MBTB,SARIMA punto 5,2330.6275126511055,783.0
2025-04-08,Viajes MBTB,SARIMA punto 5,2536.6062378308106,2073.0
2025-04-09,Viajes MBTB,SARIMA punto 5,2532.0501516702584,2541.0
2025-04-10,Viajes MBTB,SARIMA punto 5,2585.990952532849,2728.0
2025-04-11,Viajes MBTB,SARIMA punto 5,2453.2802771458946,3260.0
2025-04-12,Viajes MBTB,SARIMA punto 5,1875.8610678794548,2591.0
2025-04-13,Viajes MBTB,SARIMA punto 5,1731.8349244762644,3534.0
2025-04-14,Viajes MBTB,SARIMA punto 5,2325.387604384512,3090.0
2025-04-15,Viajes MBTB,SARIMA punto 5,2531.3663295642173,3093.0
2025-04-16,Viajes MBTB,SARIMA punto 5,2526.810243403665,3309.0
2025-04-17,Viajes MBTB,SARIMA punto 5,2580.7510442662556,2817.0
2025-04-18,Viajes MBTB,SARIMA punto 5,2448.0403688793012,2116.0
2025-04-19,Viajes MBTB,SARIMA punto 5,1870.6211596128614,3873.0
2025-04-20,Viajes MBTB,SARIMA punto 5,1726.595016209671,1141.0
2025-04-21,Viajes MBTB,SARIMA punto 5,2320.1476961179187,2996.0
2025-04-22,Viajes MBTB,SARIMA punto 5,2526.126421297624,3235.0
2025-04-23,Viajes MBTB,SARIMA punto 5,2521.5703351370717,2568.0
2025-04-24,Viajes MBTB,SARIMA punto 5,2575.511135999662,2818.0
2025-04-25,Viajes MBTB,SARIMA punto 5,2442.800460612708,3127.0
2025-04-26,Viajes MBTB,SARIMA punto 5,1865.381251346268,2509.0
2025-04-27,Viajes MBTB,SARIMA punto 5,1721.3551079430777,2781.0
2025-04-28,Viajes MBTB,SARIMA punto 5,2314.9077878513253,3127.0
2025-04-29,Viajes MBTB,SARIMA punto 5,2520.8865130310305,3355.0
2025-04-30,Viajes MBTB,SARIMA punto 5,2516.3304268704783,3355.0
2025-05-01,Viajes MBTB,SARIMA punto 5,2570.271227733069,2074.0
2025-05-02,Viajes MBTB,SARIMA punto 5,2437.5605523461145,2969.0
2025-05-03,Viajes MBTB,SARIMA punto 5,1860.1413430796747,2898.0
2025-05-04,Viajes MBTB,SARIMA punto 5,1716.1151996764843,2781.0
2025-05-05,Viajes MBTB,SARIMA punto 5,2309.667879584732,2595.0
2025-05-06,Viajes MBTB,SARIMA punto 5,2515.646604764437,4067.0
2025-05-07,Viajes MBTB,SARIMA punto 5,2511.090518603885,3032.0
2025-05-08,Viajes MBTB,SARIMA punto 5,2565.0313194664755,3092.0
2025-05-09,Viajes MBTB,SARIMA punto 5,2432.320644079521,3205.0
2025-05-10,Viajes MBTB,SARIMA punto 5,1854.9014348130813,2883.0
2025-05-11,Viajes MBTB,SARIMA punto 5,1710.875291409891,2970.0
2025-05-12,Viajes MBTB,SARIMA punto 5,2304.4279713181386,3200.0
2025-05-13,Viajes MBTB,SARIMA punto 5,2510.4066964978438,3290.0
2025-05-14,Viajes MBTB,SARIMA punto 5,2505.8506103372915,3222.0
2025-05-15,Viajes MBTB,SARIMA punto 5,2559.791411199882,3353.0
2025-05-16,Viajes MBTB,SARIMA punto 5,2427.0807358129277,2875.0
2025-05-17,Viajes MBTB,SARIMA punto 5,1849.661526546488,1420.0
2025-05-18,Viajes MBTB,SARIMA punto 5,1705.6353831432975,2108.0
2025-05-19,Viajes MBTB,SARIMA punto 5,2299.188063051545,1888.0
2025-05-20,Viajes MBTB,SARIMA punto 5,2505.1667882312504,2824.0
2025-05-21,Viajes MBTB,SARIMA punto 5,2500.610702070698,2885.0
2025-05-22,Viajes MBTB,SARIMA punto 5,2554.5515029332887,2980.0
2025-05-23,Viajes MBTB,SARIMA punto 5,2421.8408275463344,2771.0
2025-05-24,Viajes MBTB,SARIMA punto 5,1844.4216182798946,1914.0
2025-05-25,Viajes MBTB,SARIMA punto 5,1700.3954748767042,2257.0
2025-05-26,Viajes MBTB,SARIMA punto 5,2293.948154784952,2072.0
2025-05-27,Viajes MBTB,SARIMA punto 5,2499.926879964657,1999.0
2025-05-28,Viajes MBTB,SARIMA punto 5,2495.370793804105,2448.0
2025-05-29,Viajes MBTB,SARIMA punto 5,2549.3115946666953,2438.0
2025-05-30,Viajes MBTB,SARIMA punto 5,2416.600919279741,2590.0
2025-05-31,Viajes MBTB,SARIMA punto 5,1839.1817100133012,2082.0
2025-06-01,Viajes MBTB,SARIMA punto 5,1695.1555666101108,2099.0
2025-06-02,Viajes MBTB,SARIMA punto 5,2288.7082465183585,2618.0
2025-06-03,Viajes MBTB,SARIMA punto 5,2494.6869716980636,2801.0
2025-06-04,Viajes MBTB,SARIMA punto 5,2490.1308855375114,2651.0
2025-06-05,Viajes MBTB,SARIMA punto 5,2544.071686400102,2795.0
2025-06-06,Viajes MBTB,SARIMA punto 5,2411.3610110131476,2652.0
2025-06-07,Viajes MBTB,SARIMA punto 5,1833.9418017467078,1760.0
2025-06-08,Viajes MBTB,SARIMA punto 5,1689.9156583435174,2186.0
2025-06-09,Viajes MBTB,SARIMA punto 5,2283.468338251765,2553.0
2025-06-10,Viajes MBTB,SARIMA punto 5,2489.4470634314703,2700.0
2025-06-11,Viajes MBTB,SARIMA punto 5,2484.890977270918,2584.0
2025-06-12,Viajes MBTB,SARIMA punto 5,2538.8317781335086,2503.0
2025-06-13,Viajes MBTB,SARIMA punto 5,2406.1211027465542,2335.0
2025-06-14,Viajes MBTB,SARIMA punto 5,1828.7018934801144,1452.0
2025-06-15,Viajes MBTB,SARIMA punto 5,1684.675750076924,1723.0
2025-06-16,Viajes MBTB,SARIMA punto 5,2278.2284299851717,997.0
2025-06-17,Viajes MBTB,SARIMA punto 5,2484.207155164877,2342.0
2025-06-18,Viajes MBTB,SARIMA punto 5,2479.6510690043247,2557.0
2025-06-19,Viajes MBTB,SARIMA punto 5,2533.591869866915,2616.0
2025-06-20,Viajes MBTB,SARIMA punto 5,2400.881194479961,2037.0
2025-06-21,Viajes MBTB,SARIMA punto 5,1823.461985213521,1965.0
2025-06-22,Viajes MBTB,SARIMA punto 5,1679.4358418103307,1666.0
2025-06-23,Viajes MBTB,SARIMA punto 5,2272.9885217185783,1716.0
2025-06-24,Viajes MBTB,SARIMA punto 5,2478.9672468982835,2114.0
2025-06-25,Viajes MBTB,SARIMA punto 5,2474.4111607377313,2276.0
2025-06-26,Viajes MBTB,SARIMA punto 5,2528.351961600322,2407.0
2025-06-27,Viajes MBTB,SARIMA punto 5,2395.6412862133675,2371.0
2025-06-28,Viajes MBTB,SARIMA punto 5,1818.2220769469277,1721.0
2025-06-29,Viajes MBTB,SARIMA punto 5,1674.1959335437373,1836.0
2025-06-30,Viajes MBTB,SARIMA punto 5,2267.748613451985,1815.0
2025-07-01,Viajes MBTB,SARIMA punto 5,2473.72733863169,2033.0
2025-07-02,Viajes MBTB,SARIMA punto 5,2469.171252471138,2104.0
2025-07-03,Viajes MBTB,SARIMA punto 5,2523.1120533337285,2129.0
2025-07-04,Viajes MBTB,SARIMA punto 5,2390.401377946774,2368.0
2025-07-05,Viajes MBTB,SARIMA punto 5,1812.9821686803343,1945.0
2025-07-06,Viajes MBTB,SARIMA punto 5,1668.956025277144,2166.0
2025-07-07,Viajes MBTB,SARIMA punto 5,2262.5087051853916,2507.0
2025-07-08,Viajes MBTB,SARIMA punto 5,2468.4874303650968,2608.0
2025-07-09,Viajes MBTB,SARIMA punto 5,2463.9313442045445,2345.0
2025-07-10,Viajes MBTB,SARIMA punto 5,2517.872145067135,2532.0
2025-07-11,Viajes MBTB,SARIMA punto 5,2385.1614696801807,2597.0
2025-07-12,Viajes MBTB,SARIMA punto 5,1807.742260413741,2198.0
2025-07-13,Viajes MBTB,SARIMA punto 5,1663.7161170105505,2708.0
2025-07-14,Viajes MBTB,SARIMA punto 5,2257.268796918798,2591.0
2025-07-15,Viajes MBTB,SARIMA punto 5,2463.2475220985034,2786.0
2025-07-16,Viajes MBTB,SARIMA punto 5,2458.691435937951,932.0
2025-07-17,Viajes MBTB,SARIMA punto 5,2512.6322368005417,2435.0
2025-07-18,Viajes MBTB,SARIMA punto 5,2379.9215614135874,2662.0
2025-07-19,Viajes MBTB,SARIMA punto 5,1802.5023521471476,2320.0
2025-07-20,Viajes MBTB,SARIMA punto 5,1658.4762087439572,2567.0
2025-07-21,Viajes MBTB,SARIMA punto 5,2252.028888652205,2660.0
2025-07-22,Viajes MBTB,SARIMA punto 5,2458.00761383191,2523.0
2025-07-23,Viajes MBTB,SARIMA punto 5,2453.451527671358,1804.0
2025-07-24,Viajes MBTB,SARIMA punto 5,2507.3923285339483,2432.0
2025-07-25,Viajes MBTB,SARIMA punto 5,2374.681653146994,2361.0
2025-07-26,Viajes MBTB,SARIMA punto 5,1797.2624438805542,1175.0
2025-07-27,Viajes MBTB,SARIMA punto 5,1653.2363004773638,518.0
2025-07-28,Viajes MBTB,SARIMA punto 5,2246.7889803856115,2366.0
2025-07-29,Viajes MBTB,SARIMA punto 5,2452.7677055653166,2498.0
2025-07-30,Viajes MBTB,SARIMA punto 5,2448.2116194047644,2655.0
2025-07-31,Viajes MBTB,SARIMA punto 5,2502.152420267355,2664.0
2025-08-01,Viajes MBTB,SARIMA punto 5,2369.4417448804006,2325.0
2025-08-02,Viajes MBTB,SARIMA punto 5,1792.0225356139608,2525.0
2025-08-03,Viajes MBTB,SARIMA punto 5,1647.9963922107704,2632.0
2025-08-04,Viajes MBTB,SARIMA punto 5,2241.549072119018,2616.0
2025-08-05,Viajes MBTB,SARIMA punto 5,2447.5277972987233,2738.0
2025-08-06,Viajes MBTB,SARIMA punto 5,2442.971711138171,2852.0
2025-08-07,Viajes MBTB,SARIMA punto 5,2496.9125120007616,2842.0
2025-08-08,Viajes MBTB,SARIMA punto 5,2364.2018366138072,2687.0
2025-08-09,Viajes MBTB,SARIMA punto 5,1786.7826273473675,2460.0
2025-08-10,Viajes MBTB,SARIMA punto 5,1642.756483944177,2733.0
2025-08-11,Viajes MBTB,SARIMA punto 5,2236.3091638524247,2611.0
2025-08-12,Viajes MBTB,SARIMA punto 5,2442.28788903213,2823.0
2025-08-13,Viajes MBTB,SARIMA punto 5,2437.7318028715777,2690.0
2025-08-14,Viajes MBTB,SARIMA punto 5,2491.672603734168,2664.0
2025-08-15,Viajes MBTB,SARIMA punto 5,2358.961928347214,2307.0
2025-08-16,Viajes MBTB,SARIMA punto 5,1781.542719080774,1856.0
2025-08-17,Viajes MBTB,SARIMA punto 5,1637.5165756775837,2292.0
2025-08-18,Viajes MBTB,SARIMA punto 5,2231.0692555858313,1997.0
2025-08-19,Viajes MBTB,SARIMA punto 5,2437.0479807655365,298.0
2025-08-20,Viajes MBTB,SARIMA punto 5,2432.4918946049843,2465.0
2025-08-21,Viajes MBTB,SARIMA punto 5,2486.432695467575,2722.0
2025-08-22,Viajes MBTB,SARIMA punto 5,2353.7220200806205,2456.0
2025-08-23,Viajes MBTB,SARIMA punto 5,1776.3028108141807,2047.0
2025-08-24,Viajes MBTB,SARIMA punto 5,1632.2766674109903,2775.0
2025-08-25,Viajes MBTB,SARIMA punto 5,2225.829347319238,2811.0
2025-08-26,Viajes MBTB,SARIMA punto 5,2431.808072498943,2956.0
2025-08-27,Viajes MBTB,SARIMA punto 5,2427.251986338391,3014.0
2025-08-28,Viajes MBTB,SARIMA punto 5,2481.1927872009815,2746.0
2025-08-29,Viajes MBTB,SARIMA punto 5,2348.482111814027,2645.0
2025-08-30,Viajes MBTB,SARIMA punto 5,1771.0629025475873,1194.0
2025-08-31,Viajes MBTB,SARIMA punto 5,1627.036759144397,346.0
2025-09-01,Viajes MBTB,SARIMA punto 5,2220.5894390526446,2120.0
2025-09-02,Viajes MBTB,SARIMA punto 5,2426.56816423235,2375.0
2025-09-03,Viajes MBTB,SARIMA punto 5,2422.0120780717975,2631.0
2025-09-04,Viajes MBTB,SARIMA punto 5,2475.952878934388,2393.0
2025-09-05,Viajes MBTB,SARIMA punto 5,2343.2422035474337,2533.0
2025-09-06,Viajes MBTB,SARIMA punto 5,1765.822994280994,2210.0
2025-09-07,Viajes MBTB,SARIMA punto 5,1621.7968508778035,2088.0
2025-09-08,Viajes MBTB,SARIMA punto 5,2215.349530786051,2605.0
2025-09-09,Viajes MBTB,SARIMA punto 5,2421.3282559657564,2864.0
2025-09-10,Viajes MBTB,SARIMA punto 5,2416.772169805204,3006.0
2025-09-11,Viajes MBTB,SARIMA punto 5,2470.7129706677947,3067.0
2025-09-12,Viajes MBTB,SARIMA punto 5,2338.0022952808404,2856.0
2025-09-13,Viajes MBTB,SARIMA punto 5,1760.5830860144006,2419.0
2025-09-14,Viajes MBTB,SARIMA punto 5,1616.5569426112102,2918.0
2025-09-15,Viajes MBTB,SARIMA punto 5,2210.109622519458,2323.0
2025-09-16,Viajes MBTB,SARIMA punto 5,2416.088347699163,2948.0
2025-09-17,Viajes MBTB,SARIMA punto 5,2411.532261538611,2903.0
2025-09-18,Viajes MBTB,SARIMA punto 5,2465.4730624012013,2942.0
2025-09-19,Viajes MBTB,SARIMA punto 5,2332.762387014247,2416.0
2025-09-20,Viajes MBTB,SARIMA punto 5,1755.3431777478072,1679.0
2025-09-21,Viajes MBTB,SARIMA punto 5,1611.3170343446168,2104.0
2025-09-22,Viajes MBTB,SARIMA punto 5,2204.8697142528645,3811.0
2025-09-23,Viajes MBTB,SARIMA punto 5,2410.8484394325696,2765.0
2025-09-24,Viajes MBTB,SARIMA punto 5,2406.2923532720174,3011.0
2025-09-25,Viajes MBTB,SARIMA punto 5,2460.233154134608,2811.0
2025-09-26,Viajes MBTB,SARIMA punto 5,2327.5224787476536,2751.0
2025-09-27,Viajes MBTB,SARIMA punto 5,1750.1032694812138,1415.0
2025-09-28,Viajes MBTB,SARIMA punto 5,1606.0771260780234,2859.0
2025-09-29,Viajes MBTB,SARIMA punto 5,2199.629805986271,2771.0
2025-09-30,Viajes MBTB,SARIMA punto 5,2405.6085311659763,2789.0
2025-10-01,Viajes MBTB,SARIMA punto 5,2401.052445005424,3140.0
2025-10-02,Viajes MBTB,SARIMA punto 5,2454.9932458680146,3091.0
2025-10-03,Viajes MBTB,SARIMA punto 5,2322.2825704810602,2982.0
2025-10-04,Viajes MBTB,SARIMA punto 5,1744.8633612146205,2557.0
2025-10-05,Viajes MBTB,SARIMA punto 5,1600.83721781143,1596.0
2025-10-06,Viajes MBTB,SARIMA punto 5,2194.3898977196777,2751.0
2025-10-07,Viajes MBTB,SARIMA punto 5,2400.368622899383,2971.0
2025-10-08,Viajes MBTB,SARIMA punto 5,2395.8125367388307,3162.0
2025-10-09,Viajes MBTB,SARIMA punto 5,2449.753337601421,3675.0
2025-10-10,Viajes MBTB,SARIMA punto 5,2317.042662214467,2642.0
2025-10-11,Viajes MBTB,SARIMA punto 5,1739.623452948027,2228.0
2025-10-12,Viajes MBTB,SARIMA punto 5,1595.5973095448367,2057.0
2025-10-13,Viajes MBTB,SARIMA punto 5,2189.1499894530843,3074.0
2025-10-14,Viajes MBTB,SARIMA punto 5,2395.1287146327895,3303.0
2025-10-15,Viajes MBTB,SARIMA punto 5,2390.5726284722373,3327.0
2025-10-16,Viajes MBTB,SARIMA punto 5,2444.513429334828,3249.0
2025-10-17,Viajes MBTB,SARIMA punto 5,2311.8027539478735,2423.0
2025-10-18,Viajes MBTB,SARIMA punto 5,1734.3835446814337,2709.0
2025-10-19,Viajes MBTB,SARIMA punto 5,1590.3574012782433,2415.0
2025-10-20,Viajes MBTB,SARIMA punto 5,2183.910081186491,2830.0
2025-10-21,Viajes MBTB,SARIMA punto 5,2389.888806366196,3171.0
2025-10-22,Viajes MBTB,SARIMA punto 5,2385.332720205644,3183.0
2025-10-23,Viajes MBTB,SARIMA punto 5,2439.2735210682345,3087.0
2025-10-24,Viajes MBTB,SARIMA punto 5,2306.56284568128,1061.0
2025-10-25,Viajes MBTB,SARIMA punto 5,1729.1436364148403,2127.0
2025-10-26,Viajes MBTB,SARIMA punto 5,1585.11749301165,4284.0
2025-10-27,Viajes MBTB,SARIMA punto 5,2178.6701729198976,2410.0
2025-10-28,Viajes MBTB,SARIMA punto 5,2384.648898099603,2330.0
2025-10-29,Viajes MBTB,SARIMA punto 5,2380.0928119390505,2873.0
2025-10-30,Viajes MBTB,SARIMA punto 5,2434.033612801641,2887.0
2025-10-31,Viajes MBTB,SARIMA punto 5,2301.3229374146867,2995.0
2025-11-01,Viajes MBTB,SARIMA punto 5,1723.903728148247,2614.0
2025-11-02,Viajes MBTB,SARIMA punto 5,1579.8775847450565,2995.0
2025-11-03,Viajes MBTB,SARIMA punto 5,2173.430264653304,2993.0
2025-11-04,Viajes MBTB,SARIMA punto 5,2379.4089898330094,2298.0
2025-11-05,Viajes MBTB,SARIMA punto 5,2374.852903672457,3011.0
2025-11-06,Viajes MBTB,SARIMA punto 5,2428.7937045350477,2655.0
2025-11-07,Viajes MBTB,SARIMA punto 5,2296.0830291480934,939.0
2025-11-08,Viajes MBTB,SARIMA punto 5,1718.6638198816536,2340.0
2025-11-09,Viajes MBTB,SARIMA punto 5,1574.6376764784632,2984.0
2025-11-10,Viajes MBTB,SARIMA punto 5,2168.190356386711,3122.0
2025-11-11,Viajes MBTB,SARIMA punto 5,2374.169081566416,2885.0
2025-11-12,Viajes MBTB,SARIMA punto 5,2369.612995405864,2724.0
2025-11-13,Viajes MBTB,SARIMA punto 5,2423.5537962684543,3207.0
2025-11-14,Viajes MBTB,SARIMA punto 5,2290.8431208815,2962.0
2025-11-15,Viajes MBTB,SARIMA punto 5,1713.4239116150602,2488.0
2025-11-16,Viajes MBTB,SARIMA punto 5,1569.3977682118698,2151.0
2025-11-17,Viajes MBTB,SARIMA punto 5,2162.9504481201175,2951.0
2025-11-18,Viajes MBTB,SARIMA punto 5,2368.9291732998227,2979.0
2025-11-19,Viajes MBTB,SARIMA punto 5,2364.3730871392704,3118.0
2025-11-20,Viajes MBTB,SARIMA punto 5,2418.313888001861,2322.0
2025-11-21,Viajes MBTB,SARIMA punto 5,2285.6032126149066,2519.0
2025-11-22,Viajes MBTB,SARIMA punto 5,1708.1840033484668,2470.0
2025-11-23,Viajes MBTB,SARIMA punto 5,1564.1578599452764,3121.0
2025-11-24,Viajes MBTB,SARIMA punto 5,2157.710539853524,2712.0
2025-11-25,Viajes MBTB,SARIMA punto 5,2363.6892650332293,3054.0
2025-11-26,Viajes MBTB,SARIMA punto 5,2359.133178872677,3019.0
2025-11-27,Viajes MBTB,SARIMA punto 5,2413.0739797352676,3101.0
2025-11-28,Viajes MBTB,SARIMA punto 5,2280.3633043483132,2609.0
2025-11-29,Viajes MBTB,SARIMA punto 5,1702.9440950818735,2100.0
2025-11-30,Viajes MBTB,SARIMA punto 5,1558.917951678683,2562.0
2025-12-01,Viajes MBTB,SARIMA punto 5,2152.4706315869307,2593.0
2025-12-02,Viajes MBTB,SARIMA punto 5,2358.449356766636,3025.0
2025-12-03,Viajes MBTB,SARIMA punto 5,2353.8932706060837,2944.0
2025-12-04,Viajes MBTB,SARIMA punto 5,2407.834071468674,2981.0
2025-12-05,Viajes MBTB,SARIMA punto 5,2275.12339608172,2708.0
2025-12-06,Viajes MBTB,SARIMA punto 5,1697.70418681528,2273.0
2025-12-07,Viajes MBTB,SARIMA punto 5,1553.6780434120897,2569.0
2025-12-08,Viajes MBTB,SARIMA punto 5,2147.2307233203373,2175.0
2025-12-09,Viajes MBTB,SARIMA punto 5,2353.2094485000425,3036.0
2025-12-10,Viajes MBTB,SARIMA punto 5,2348.6533623394903,2564.0
2025-12-11,Viajes MBTB,SARIMA punto 5,2402.594163202081,2114.0
2025-12-12,Viajes MBTB,SARIMA punto 5,2269.8834878151265,2851.0
2025-12-13,Viajes MBTB,SARIMA punto 5,1692.4642785486867,2242.0
2025-12-14,Viajes MBTB,SARIMA punto 5,1548.4381351454963,1924.0
2025-12-15,Viajes MBTB,SARIMA punto 5,2141.990815053744,2665.0
2025-12-16,Viajes MBTB,SARIMA punto 5,2347.969540233449,3058.0
2025-12-17,Viajes MBTB,SARIMA punto 5,2343.413454072897,3049.0
2025-12-18,Viajes MBTB,SARIMA punto 5,2397.3542549354875,2975.0
2025-12-19,Viajes MBTB,SARIMA punto 5,2264.643579548533,2866.0
2025-12-20,Viajes MBTB,SARIMA punto 5,1687.2243702820933,1722.0
2025-12-21,Viajes MBTB,SARIMA punto 5,1543.198226878903,2454.0
2025-12-22,Viajes MBTB,SARIMA punto 5,2136.7509067871506,2791.0
2025-12-23,Viajes MBTB,SARIMA punto 5,2342.729631966856,2788.0
2025-12-24,Viajes MBTB,SARIMA punto 5,2338.1735458063035,1746.0
2025-12-25,Viajes MBTB,SARIMA punto 5,2392.114346668894,1397.0
2025-12-26,Viajes MBTB,SARIMA punto 5,2259.4036712819398,2585.0
2025-12-27,Viajes MBTB,SARIMA punto 5,1681.9844620155,2145.0
2025-12-28,Viajes MBTB,SARIMA punto 5,1537.9583186123095,2365.0
2025-12-29,Viajes MBTB,SARIMA punto 5,2131.510998520557,2548.0
2025-12-30,Viajes MBTB,SARIMA punto 5,2337.4897237002624,2624.0
2025-12-31,Viajes MBTB,SARIMA punto 5,2332.93363753971,1605.0
2025-01-01,Viajes MBTB,SARIMA semanal + ciclo anual,2206.4122192203276,1316.0
2025-01-02,Viajes MBTB,SARIMA semanal + ciclo anual,2656.981063823475,2357.0
2025-01-03,Viajes MBTB,SARIMA semanal + ciclo anual,2666.3991767515945,2612.0
2025-01-04,Viajes MBTB,SARIMA semanal + ciclo anual,2573.603522644181,2130.0
2025-01-05,Viajes MBTB,SARIMA semanal + ciclo anual,2734.4483319098163,2625.0
2025-01-06,Viajes MBTB,SARIMA semanal + ciclo anual,2815.3291126624886,2927.0
2025-01-07,Viajes MBTB,SARIMA semanal + ciclo anual,2534.5806666066546,2752.0
2025-01-08,Viajes MBTB,SARIMA semanal + ciclo anual,2726.9121932084627,2641.0
2025-01-09,Viajes MBTB,SARIMA semanal + ciclo anual,2902.5279914447783,2715.0
2025-01-10,Viajes MBTB,SARIMA semanal + ciclo anual,2946.7678671998797,2668.0
2025-01-11,Viajes MBTB,SARIMA semanal + ciclo anual,2960.2216342614665,2215.0
2025-01-12,Viajes MBTB,SARIMA semanal + ciclo anual,3048.500037236955,2418.0
2025-01-13,Viajes MBTB,SARIMA semanal + ciclo anual,3112.584744822834,2894.0
2025-01-14,Viajes MBTB,SARIMA semanal + ciclo anual,3068.8728010983205,2867.0
2025-01-15,Viajes MBTB,SARIMA semanal + ciclo anual,3165.0973987648267,2791.0
2025-01-16,Viajes MBTB,SARIMA semanal + ciclo anual,3255.8831198553316,2609.0
2025-01-17,Viajes MBTB,SARIMA semanal + ciclo anual,3307.193507753478,2618.0
2025-01-18,Viajes MBTB,SARIMA semanal + ciclo anual,3348.877600401016,2071.0
2025-01-19,Viajes MBTB,SARIMA semanal + ciclo anual,3412.2746586458084,1974.0
2025-01-20,Viajes MBTB,SARIMA semanal + ciclo anual,3467.9907606108245,3173.0
2025-01-21,Viajes MBTB,SARIMA semanal + ciclo anual,3491.2072667770226,3082.0
2025-01-22,Viajes MBTB,SARIMA semanal + ciclo anual,3555.4450550209294,3082.0
2025-01-23,Viajes MBTB,SARIMA semanal + ciclo anual,3617.5517623599217,2954.0
2025-01-24,Viajes MBTB,SARIMA semanal + ciclo anual,3667.420139879221,2672.0
2025-01-25,Viajes MBTB,SARIMA semanal + ciclo anual,3713.90403423761,2271.0
2025-01-26,Viajes MBTB,SARIMA semanal + ciclo anual,3766.2996915334525,2110.0
2025-01-27,Viajes MBTB,SARIMA semanal + ciclo anual,3815.878070237147,2952.0
2025-01-28,Viajes MBTB,SARIMA semanal + ciclo anual,3855.26818448598,2849.0
2025-01-29,Viajes MBTB,SARIMA semanal + ciclo anual,3906.2860240435216,3223.0
2025-01-30,Viajes MBTB,SARIMA semanal + ciclo anual,3956.119500299545,3218.0
2025-01-31,Viajes MBTB,SARIMA semanal + ciclo anual,4001.7643604850564,3377.0
2025-02-01,Viajes MBTB,SARIMA semanal + ciclo anual,4045.8441077928915,2427.0
2025-02-02,Viajes MBTB,SARIMA semanal + ciclo anual,4091.1137238307506,2490.0
2025-02-03,Viajes MBTB,SARIMA semanal + ciclo anual,4134.978530134609,2828.0
2025-02-04,Viajes MBTB,SARIMA semanal + ciclo anual,4175.247107999752,2338.0
2025-02-05,Viajes MBTB,SARIMA semanal + ciclo anual,4218.390836802006,1368.0
2025-02-06,Viajes MBTB,SARIMA semanal + ciclo anual,4260.6038086000135,3233.0
2025-02-07,Viajes MBTB,SARIMA semanal + ciclo anual,4300.99126595478,3099.0
2025-02-08,Viajes MBTB,SARIMA semanal + ciclo anual,4340.328975811789,2199.0
2025-02-09,Viajes MBTB,SARIMA semanal + ciclo anual,4379.431960032302,2200.0
2025-02-10,Viajes MBTB,SARIMA semanal + ciclo anual,4417.527718832913,2609.0
2025-02-11,Viajes MBTB,SARIMA semanal + ciclo anual,4453.963684652931,2341.0
2025-02-12,Viajes MBTB,SARIMA semanal + ciclo anual,4490.658631637571,2121.0
2025-02-13,Viajes MBTB,SARIMA semanal + ciclo anual,4526.481327892975,3196.0
2025-02-14,Viajes MBTB,SARIMA semanal + ciclo anual,4561.164825102575,2726.0
2025-02-15,Viajes MBTB,SARIMA semanal + ciclo anual,4594.938250123034,2146.0
2025-02-16,Viajes MBTB,SARIMA semanal + ciclo anual,4628.042654598701,1597.0
2025-02-17,Viajes MBTB,SARIMA semanal + ciclo anual,4660.248197703771,3014.0
2025-02-18,Viajes MBTB,SARIMA semanal + ciclo anual,4691.360916911953,3241.0
2025-02-19,Viajes MBTB,SARIMA semanal + ciclo anual,4721.950301932373,3234.0
2025-02-20,Viajes MBTB,SARIMA semanal + ciclo anual,4751.680901071408,3187.0
2025-02-21,Viajes MBTB,SARIMA semanal + ciclo anual,4780.474072345949,3082.0
2025-02-22,Viajes MBTB,SARIMA semanal + ciclo anual,4808.39870321033,2109.0
2025-02-23,Viajes MBTB,SARIMA semanal + ciclo anual,4835.527518722541,2217.0
2025-02-24,Viajes MBTB,SARIMA semanal + ciclo anual,4861.793785006352,2579.0
2025-02-25,Viajes MBTB,SARIMA semanal + ciclo anual,4887.141718740685,1897.0
2025-02-26,Viajes MBTB,SARIMA semanal + ciclo anual,4911.74242991272,2856.0
2025-02-27,Viajes MBTB,SARIMA semanal + ciclo anual,4935.498749074233,3166.0
2025-02-28,Viajes MBTB,SARIMA semanal + ciclo anual,4958.390031673283,2425.0
2025-03-01,Viajes MBTB,SARIMA semanal + ciclo anual,4980.439724169002,2292.0
2025-03-02,Viajes MBTB,SARIMA semanal + ciclo anual,5001.672716538127,1308.0
2025-03-03,Viajes MBTB,SARIMA semanal + ciclo anual,5022.072811732565,1818.0
2025-03-04,Viajes MBTB,SARIMA semanal + ciclo anual,5041.627365728956,2132.0
2025-03-05,Viajes MBTB,SARIMA semanal + ciclo anual,5060.391377263022,2675.0
2025-03-06,Viajes MBTB,SARIMA semanal + ciclo anual,5078.340520509674,2628.0
2025-03-07,Viajes MBTB,SARIMA semanal + ciclo anual,5095.473479773615,2665.0
2025-03-08,Viajes MBTB,SARIMA semanal + ciclo anual,5111.802320786382,1460.0
2025-03-09,Viajes MBTB,SARIMA semanal + ciclo anual,5127.3398302837795,2887.0
2025-03-10,Viajes MBTB,SARIMA semanal + ciclo anual,5142.086889943057,3225.0
2025-03-11,Viajes MBTB,SARIMA semanal + ciclo anual,5156.04572191247,2920.0
2025-03-12,Viajes MBTB,SARIMA semanal + ciclo anual,5169.238906600396,2730.0
2025-03-13,Viajes MBTB,SARIMA semanal + ciclo anual,5181.6657591039975,3183.0
2025-03-14,Viajes MBTB,SARIMA semanal + ciclo anual,5193.332697306101,3238.0
2025-03-15,Viajes MBTB,SARIMA semanal + ciclo anual,5204.250379288691,2459.0
2025-03-16,Viajes MBTB,SARIMA semanal + ciclo anual,5214.429940624058,2742.0
2025-03-17,Viajes MBTB,SARIMA semanal + ciclo anual,5223.879241552424,3019.0
2025-03-18,Viajes MBTB,SARIMA semanal + ciclo anual,5232.606792456852,3085.0
2025-03-19,Viajes MBTB,SARIMA semanal + ciclo anual,5240.627392228482,3156.0
2025-03-20,Viajes MBTB,SARIMA semanal + ciclo anual,5247.9491745973155,3295.0
2025-03-21,Viajes MBTB,SARIMA semanal + ciclo anual,5254.582614660286,3229.0
2025-03-22,Viajes MBTB,SARIMA semanal + ciclo anual,5260.539672381402,2968.0
2025-03-23,Viajes MBTB,SARIMA semanal + ciclo anual,5265.832668674461,2195.0
2025-03-24,Viajes MBTB,SARIMA semanal + ciclo anual,5270.473164164833,1624.0
2025-03-25,Viajes MBTB,SARIMA semanal + ciclo anual,5274.473116598143,3232.0
2025-03-26,Viajes MBTB,SARIMA semanal + ciclo anual,5277.846546392514,3288.0
2025-03-27,Viajes MBTB,SARIMA semanal + ciclo anual,5280.605683910796,2610.0
2025-03-28,Viajes MBTB,SARIMA semanal + ciclo anual,5282.763634228764,2544.0
2025-03-29,Viajes MBTB,SARIMA semanal + ciclo anual,5284.33411438329,2707.0
2025-03-30,Viajes MBTB,SARIMA semanal + ciclo anual,5285.331111055851,2506.0
2025-03-31,Viajes MBTB,SARIMA semanal + ciclo anual,5285.768538865768,2516.0
2025-04-01,Viajes MBTB,SARIMA semanal + ciclo anual,5285.660574783644,2920.0
2025-04-02,Viajes MBTB,SARIMA semanal + ciclo anual,5285.022143196574,2708.0
2025-04-03,Viajes MBTB,SARIMA semanal + ciclo anual,5283.867763014119,3325.0
2025-04-04,Viajes MBTB,SARIMA semanal + ciclo anual,5282.212329004224,2987.0
2025-04-05,Viajes MBTB,SARIMA semanal + ciclo anual,5280.071024121625,2547.0
2025-04-06,Viajes MBTB,SARIMA semanal + ciclo anual,5277.459208103971,1990.0
2025-04-07,Viajes MBTB,SARIMA semanal + ciclo anual,5274.392306142887,783.0
2025-04-08,Viajes MBTB,SARIMA semanal + ciclo anual,5270.885898131128,2073.0
2025-04-09,Viajes MBTB,SARIMA semanal + ciclo anual,5266.955852540491,2541.0
2025-04-10,Viajes MBTB,SARIMA semanal + ciclo anual,5262.617974088799,2728.0
2025-04-11,Viajes MBTB,SARIMA semanal + ciclo anual,5257.888225421811,3260.0
2025-04-12,Viajes MBTB,SARIMA semanal + ciclo anual,5252.782690830707,2591.0
2025-04-13,Viajes MBTB,SARIMA semanal + ciclo anual,5247.317532892284,3534.0
2025-04-14,Viajes MBTB,SARIMA semanal + ciclo anual,5241.508949109831,3090.0
2025-04-15,Viajes MBTB,SARIMA semanal + ciclo anual,5235.373188075089,3093.0
2025-04-16,Viajes MBTB,SARIMA semanal + ciclo anual,5228.926578879382,3309.0
2025-04-17,Viajes MBTB,SARIMA semanal + ciclo anual,5222.185416234103,2817.0
2025-04-18,Viajes MBTB,SARIMA semanal + ciclo anual,5215.16601598414,2116.0
2025-04-19,Viajes MBTB,SARIMA semanal + ciclo anual,5207.884694097718,3873.0
2025-04-20,Viajes MBTB,SARIMA semanal + ciclo anual,5200.357743607084,1141.0
2025-04-21,Viajes MBTB,SARIMA semanal + ciclo anual,5192.60141161279,2996.0
2025-04-22,Viajes MBTB,SARIMA semanal + ciclo anual,5184.631894028777,3235.0
2025-04-23,Viajes MBTB,SARIMA semanal + ciclo anual,5176.4653343468,2568.0
2025-04-24,Viajes MBTB,SARIMA semanal + ciclo anual,5168.117779674433,2818.0
2025-04-25,Viajes MBTB,SARIMA semanal + ciclo anual,5159.605187455277,3127.0
2025-04-26,Viajes MBTB,SARIMA semanal + ciclo anual,5150.943409598655,2509.0
2025-04-27,Viajes MBTB,SARIMA semanal + ciclo anual,5142.148176133819,2781.0
2025-04-28,Viajes MBTB,SARIMA semanal + ciclo anual,5133.235079026722,3127.0
2025-04-29,Viajes MBTB,SARIMA semanal + ciclo anual,5124.219561416724,3355.0
2025-04-30,Viajes MBTB,SARIMA semanal + ciclo anual,5115.116908211413,3355.0
2025-05-01,Viajes MBTB,SARIMA semanal + ciclo anual,5105.942224175977,2074.0
2025-05-02,Viajes MBTB,SARIMA semanal + ciclo anual,5096.710427250731,2969.0
2025-05-03,Viajes MBTB,SARIMA semanal + ciclo anual,5087.436235359595,2898.0
2025-05-04,Viajes MBTB,SARIMA semanal + ciclo anual,5078.134153283047,2781.0
2025-05-05,Viajes MBTB,SARIMA semanal + ciclo anual,5068.818459794298,2595.0
2025-05-06,Viajes MBTB,SARIMA semanal + ciclo anual,5059.503196628293,4067.0
2025-05-07,Viajes MBTB,SARIMA semanal + ciclo anual,5050.202158086964,3032.0
2025-05-08,Viajes MBTB,SARIMA semanal + ciclo anual,5040.928877174658,3092.0
2025-05-09,Viajes MBTB,SARIMA semanal + ciclo anual,5031.696616503382,3205.0
2025-05-10,Viajes MBTB,SARIMA semanal + ciclo anual,5022.518357524322,2883.0
2025-05-11,Viajes MBTB,SARIMA semanal + ciclo anual,5013.406790044377,2970.0
2025-05-12,Viajes MBTB,SARIMA semanal + ciclo anual,5004.374302094075,3200.0
2025-05-13,Viajes MBTB,SARIMA semanal + ciclo anual,4995.432970619795,3290.0
2025-05-14,Viajes MBTB,SARIMA semanal + ciclo anual,4986.594552651831,3222.0
2025-05-15,Viajes MBTB,SARIMA semanal + ciclo anual,4977.870475736041,3353.0
2025-05-16,Viajes MBTB,SARIMA semanal + ciclo anual,4969.271830080541,2875.0
2025-05-17,Viajes MBTB,SARIMA semanal + ciclo anual,4960.809360510681,1420.0
2025-05-18,Viajes MBTB,SARIMA semanal + ciclo anual,4952.493458818911,2108.0
2025-05-19,Viajes MBTB,SARIMA semanal + ciclo anual,4944.334156534149,1888.0
2025-05-20,Viajes MBTB,SARIMA semanal + ciclo anual,4936.341118255486,2824.0
2025-05-21,Viajes MBTB,SARIMA semanal + ciclo anual,4928.523635450951,2885.0
2025-05-22,Viajes MBTB,SARIMA semanal + ciclo anual,4920.890620365278,2980.0
2025-05-23,Viajes MBTB,SARIMA semanal + ciclo anual,4913.450600767573,2771.0
2025-05-24,Viajes MBTB,SARIMA semanal + ciclo anual,4906.211714975924,1914.0
2025-05-25,Viajes MBTB,SARIMA semanal + ciclo anual,4899.181707335547,2257.0
2025-05-26,Viajes MBTB,SARIMA semanal + ciclo anual,4892.367924159947,2072.0
2025-05-27,Viajes MBTB,SARIMA semanal + ciclo anual,4885.777310179764,1999.0
2025-05-28,Viajes MBTB,SARIMA semanal + ciclo anual,4879.416405471159,2448.0
2025-05-29,Viajes MBTB,SARIMA semanal + ciclo anual,4873.291342758973,2438.0
2025-05-30,Viajes MBTB,SARIMA semanal + ciclo anual,4867.4078453120455,2590.0
2025-05-31,Viajes MBTB,SARIMA semanal + ciclo anual,4861.7712252637175,2082.0
2025-06-01,Viajes MBTB,SARIMA semanal + ciclo anual,4856.386382409557,2099.0
2025-06-02,Viajes MBTB,SARIMA semanal + ciclo anual,4851.2578034844155,2618.0
2025-06-03,Viajes MBTB,SARIMA semanal + ciclo anual,4846.389561930867,2801.0
2025-06-04,Viajes MBTB,SARIMA semanal + ciclo anual,4841.785318149159,2651.0
2025-06-05,Viajes MBTB,SARIMA semanal + ciclo anual,4837.448320195565,2795.0
2025-06-06,Viajes MBTB,SARIMA semanal + ciclo anual,4833.381404991314,2652.0
2025-06-07,Viajes MBTB,SARIMA semanal + ciclo anual,4829.586999989748,1760.0
2025-06-08,Viajes MBTB,SARIMA semanal + ciclo anual,4826.06712531399,2186.0
2025-06-09,Viajes MBTB,SARIMA semanal + ciclo anual,4822.8233963621615,2553.0
2025-06-10,Viajes MBTB,SARIMA semanal + ciclo anual,4819.857026879814,2700.0
2025-06-11,Viajes MBTB,SARIMA semanal + ciclo anual,4817.168832492263,2584.0
2025-06-12,Viajes MBTB,SARIMA semanal + ciclo anual,4814.759234682314,2503.0
2025-06-13,Viajes MBTB,SARIMA semanal + ciclo anual,4812.628265226728,2335.0
2025-06-14,Viajes MBTB,SARIMA semanal + ciclo anual,4810.775571070464,1452.0
2025-06-15,Viajes MBTB,SARIMA semanal + ciclo anual,4809.2004196365115,1723.0
2025-06-16,Viajes MBTB,SARIMA semanal + ciclo anual,4807.901704564258,997.0
2025-06-17,Viajes MBTB,SARIMA semanal + ciclo anual,4806.8779518698375,2342.0
2025-06-18,Viajes MBTB,SARIMA semanal + ciclo anual,4806.127326519399,2557.0
2025-06-19,Viajes MBTB,SARIMA semanal + ciclo anual,4805.647639403835,2616.0
2025-06-20,Viajes MBTB,SARIMA semanal + ciclo anual,4805.436354711434,2037.0
2025-06-21,Viajes MBTB,SARIMA semanal + ciclo anual,4805.490597684473,1965.0
2025-06-22,Viajes MBTB,SARIMA semanal + ciclo anual,4805.807162750939,1666.0
2025-06-23,Viajes MBTB,SARIMA semanal + ciclo anual,4806.382522020951,1716.0
2025-06-24,Viajes MBTB,SARIMA semanal + ciclo anual,4807.212834137237,2114.0
2025-06-25,Viajes MBTB,SARIMA semanal + ciclo anual,4808.293953468052,2276.0
2025-06-26,Viajes MBTB,SARIMA semanal + ciclo anual,4809.6214396299265,2407.0
2025-06-27,Viajes MBTB,SARIMA semanal + ciclo anual,4811.1905673297515,2371.0
2025-06-28,Viajes MBTB,SARIMA semanal + ciclo anual,4812.9963365123685,1721.0
2025-06-29,Viajes MBTB,SARIMA semanal + ciclo anual,4815.033482801162,1836.0
2025-06-30,Viajes MBTB,SARIMA semanal + ciclo anual,4817.296488218377,1815.0
2025-07-01,Viajes MBTB,SARIMA semanal + ciclo anual,4819.779592171766,2033.0
2025-07-02,Viajes MBTB,SARIMA semanal + ciclo anual,4822.476802693556,2104.0
2025-07-03,Viajes MBTB,SARIMA semanal + ciclo anual,4825.3819079173,2129.0
2025-07-04,Viajes MBTB,SARIMA semanal + ciclo anual,4828.4884877787035,2368.0
2025-07-05,Viajes MBTB,SARIMA semanal + ciclo anual,4831.789925925283,1945.0
2025-07-06,Viajes MBTB,SARIMA semanal + ciclo anual,4835.279421820024,2166.0
2025-07-07,Viajes MBTB,SARIMA semanal + ciclo anual,4838.950003023858,2507.0
2025-07-08,Viajes MBTB,SARIMA semanal + ciclo anual,4842.794537641605,2608.0
2025-07-09,Viajes MBTB,SARIMA semanal + ciclo anual,4846.805746915772,2345.0
2025-07-10,Viajes MBTB,SARIMA semanal + ciclo anual,4850.976217952386,2532.0
2025-07-11,Viajes MBTB,SARIMA semanal + ciclo anual,4855.2984165631215,2597.0
2025-07-12,Viajes MBTB,SARIMA semanal + ciclo anual,4859.764700207571,2198.0
2025-07-13,Viajes MBTB,SARIMA semanal + ciclo anual,4864.367331019557,2708.0
2025-07-14,Viajes MBTB,SARIMA semanal + ciclo anual,4869.098488901251,2591.0
2025-07-15,Viajes MBTB,SARIMA semanal + ciclo anual,4873.950284668805,2786.0
2025-07-16,Viajes MBTB,SARIMA semanal + ciclo anual,4878.914773233144,932.0
2025-07-17,Viajes MBTB,SARIMA semanal + ciclo anual,4883.983966799478,2435.0
2025-07-18,Viajes MBTB,SARIMA semanal + ciclo anual,4889.149848069199,2662.0
2025-07-19,Viajes MBTB,SARIMA semanal + ciclo anual,4894.404383427729,2320.0
2025-07-20,Viajes MBTB,SARIMA semanal + ciclo anual,4899.739536101924,2567.0
2025-07-21,Viajes MBTB,SARIMA semanal + ciclo anual,4905.147279270772,2660.0
2025-07-22,Viajes MBTB,SARIMA semanal + ciclo anual,4910.619609113033,2523.0
2025-07-23,Viajes MBTB,SARIMA semanal + ciclo anual,4916.148557775758,1804.0
2025-07-24,Viajes MBTB,SARIMA semanal + ciclo anual,4921.726206247478,2432.0
2025-07-25,Viajes MBTB,SARIMA semanal + ciclo anual,4927.344697120249,2361.0
2025-07-26,Viajes MBTB,SARIMA semanal + ciclo anual,4932.996247224648,1175.0
2025-07-27,Viajes MBTB,SARIMA semanal + ciclo anual,4938.673160122102,518.0
2025-07-28,Viajes MBTB,SARIMA semanal + ciclo anual,4944.367838439131,2366.0
2025-07-29,Viajes MBTB,SARIMA semanal + ciclo anual,4950.072796028154,2498.0
2025-07-30,Viajes MBTB,SARIMA semanal + ciclo anual,4955.780669939893,2655.0
2025-07-31,Viajes MBTB,SARIMA semanal + ciclo anual,4961.484232192501,2664.0
2025-08-01,Viajes MBTB,SARIMA semanal + ciclo anual,4967.176401322871,2325.0
2025-08-02,Viajes MBTB,SARIMA semanal + ciclo anual,4972.8502537058885,2525.0
2025-08-03,Viajes MBTB,SARIMA semanal + ciclo anual,4978.499034627508,2632.0
2025-08-04,Viajes MBTB,SARIMA semanal + ciclo anual,4984.116169098096,2616.0
2025-08-05,Viajes MBTB,SARIMA semanal + ciclo anual,4989.695272392555,2738.0
2025-08-06,Viajes MBTB,SARIMA semanal + ciclo anual,4995.230160304254,2852.0
2025-08-07,Viajes MBTB,SARIMA semanal + ciclo anual,5000.714859100039,2842.0
2025-08-08,Viajes MBTB,SARIMA semanal + ciclo anual,5006.143615164044,2687.0
2025-08-09,Viajes MBTB,SARIMA semanal + ciclo anual,5011.510904318337,2460.0
2025-08-10,Viajes MBTB,SARIMA semanal + ciclo anual,5016.811440808883,2733.0
2025-08-11,Viajes MBTB,SARIMA semanal + ciclo anual,5022.040185945667,2611.0
2025-08-12,Viajes MBTB,SARIMA semanal + ciclo anual,5027.1923563863365,2823.0
2025-08-13,Viajes MBTB,SARIMA semanal + ciclo anual,5032.263432053017,2690.0
2025-08-14,Viajes MBTB,SARIMA semanal + ciclo anual,5037.24916367256,2664.0
2025-08-15,Viajes MBTB,SARIMA semanal + ciclo anual,5042.145579930821,2307.0
2025-08-16,Viajes MBTB,SARIMA semanal + ciclo anual,5046.948994232105,1856.0
2025-08-17,Viajes MBTB,SARIMA semanal + ciclo anual,5051.656011055393,2292.0
2025-08-18,Viajes MBTB,SARIMA semanal + ciclo anual,5056.263531899406,1997.0
2025-08-19,Viajes MBTB,SARIMA semanal + ciclo anual,5060.768760809167,298.0
2025-08-20,Viajes MBTB,SARIMA semanal + ciclo anual,5065.169209477113,2465.0
2025-08-21,Viajes MBTB,SARIMA semanal + ciclo anual,5069.462701912416,2722.0
2025-08-22,Viajes MBTB,SARIMA semanal + ciclo anual,5073.647378672679,2456.0
2025-08-23,Viajes MBTB,SARIMA semanal + ciclo anual,5077.721700652688,2047.0
2025-08-24,Viajes MBTB,SARIMA semanal + ciclo anual,5081.68445242545,2775.0
2025-08-25,Viajes MBTB,SARIMA semanal + ciclo anual,5085.534745131324,2811.0
2025-08-26,Viajes MBTB,SARIMA semanal + ciclo anual,5089.272018911549,2956.0
2025-08-27,Viajes MBTB,SARIMA semanal + ciclo anual,5092.896044883097,3014.0
2025-08-28,Viajes MBTB,SARIMA semanal + ciclo anual,5096.406926652259,2746.0
2025-08-29,Viajes MBTB,SARIMA semanal + ciclo anual,5099.805101365033,2645.0
2025-08-30,Viajes MBTB,SARIMA semanal + ciclo anual,5103.091340292844,1194.0
2025-08-31,Viajes MBTB,SARIMA semanal + ciclo anual,5106.266748952787,346.0
2025-09-01,Viajes MBTB,SARIMA semanal + ciclo anual,5109.332766762084,2120.0
2025-09-02,Viajes MBTB,SARIMA semanal + ciclo anual,5112.291166227068,2375.0
2025-09-03,Viajes MBTB,SARIMA semanal + ciclo anual,5115.144051667527,2631.0
2025-09-04,Viajes MBTB,SARIMA semanal + ciclo anual,5117.893857477858,2393.0
2025-09-05,Viajes MBTB,SARIMA semanal + ciclo anual,5120.543345926995,2533.0
2025-09-06,Viajes MBTB,SARIMA semanal + ciclo anual,5123.095604499713,2210.0
2025-09-07,Viajes MBTB,SARIMA semanal + ciclo anual,5125.554042782365,2088.0
2025-09-08,Viajes MBTB,SARIMA semanal + ciclo anual,5127.9223888967845,2605.0
2025-09-09,Viajes MBTB,SARIMA semanal + ciclo anual,5130.204685486549,2864.0
2025-09-10,Viajes MBTB,SARIMA semanal + ciclo anual,5132.405285260397,3006.0
2025-09-11,Viajes MBTB,SARIMA semanal + ciclo anual,5134.528846098107,3067.0
2025-09-12,Viajes MBTB,SARIMA semanal + ciclo anual,5136.580325724709,2856.0
2025-09-13,Viajes MBTB,SARIMA semanal + ciclo anual,5138.564975959402,2419.0
2025-09-14,Viajes MBTB,SARIMA semanal + ciclo anual,5140.488336546105,2918.0
2025-09-15,Viajes MBTB,SARIMA semanal + ciclo anual,5142.356228573026,2323.0
2025-09-16,Viajes MBTB,SARIMA semanal + ciclo anual,5144.174747489236,2948.0
2025-09-17,Viajes MBTB,SARIMA semanal + ciclo anual,5145.950255726597,2903.0
2025-09-18,Viajes MBTB,SARIMA semanal + ciclo anual,5147.689374936018,2942.0
2025-09-19,Viajes MBTB,SARIMA semanal + ciclo anual,5149.398977847397,2416.0
2025-09-20,Viajes MBTB,SARIMA semanal + ciclo anual,5151.0861797630805,1679.0
2025-09-21,Viajes MBTB,SARIMA semanal + ciclo anual,5152.758329695162,2104.0
2025-09-22,Viajes MBTB,SARIMA semanal + ciclo anual,5154.423001157365,3811.0
2025-09-23,Viajes MBTB,SARIMA semanal + ciclo anual,5156.08798262265,2765.0
2025-09-24,Viajes MBTB,SARIMA semanal + ciclo anual,5157.761267658156,3011.0
2025-09-25,Viajes MBTB,SARIMA semanal + ciclo anual,5159.451044749437,2811.0
2025-09-26,Viajes MBTB,SARIMA semanal + ciclo anual,5161.165686826385,2751.0
2025-09-27,Viajes MBTB,SARIMA semanal + ciclo anual,5162.9137405035435,1415.0
2025-09-28,Viajes MBTB,SARIMA semanal + ciclo anual,5164.703915047941,2859.0
2025-09-29,Viajes MBTB,SARIMA semanal + ciclo anual,5166.545071087874,2771.0
2025-09-30,Viajes MBTB,SARIMA semanal + ciclo anual,5168.446209076364,2789.0
2025-10-01,Viajes MBTB,SARIMA semanal + ciclo anual,5170.41645752342,3140.0
2025-10-02,Viajes MBTB,SARIMA semanal + ciclo anual,5172.465061011414,3091.0
2025-10-03,Viajes MBTB,SARIMA semanal + ciclo anual,5174.601368008228,2982.0
2025-10-04,Viajes MBTB,SARIMA semanal + ciclo anual,5176.834818493055,2557.0
2025-10-05,Viajes MBTB,SARIMA semanal + ciclo anual,5179.174931409995,1596.0
2025-10-06,Viajes MBTB,SARIMA semanal + ciclo anual,5181.631291964794,2751.0
2025-10-07,Viajes MBTB,SARIMA semanal + ciclo anual,5184.213538780271,2971.0
2025-10-08,Viajes MBTB,SARIMA semanal + ciclo anual,5186.931350926184,3162.0
2025-10-09,Viajes MBTB,SARIMA semanal + ciclo anual,5189.794434839443,3675.0
2025-10-10,Viajes MBTB,SARIMA semanal + ciclo anual,5192.812511150705,2642.0
2025-10-11,Viajes MBTB,SARIMA semanal + ciclo anual,5195.995301433552,2228.0
2025-10-12,Viajes MBTB,SARIMA semanal + ciclo anual,5199.352514892513,2057.0
2025-10-13,Viajes MBTB,SARIMA semanal + ciclo anual,5202.893835006332,3074.0
2025-10-14,Viajes MBTB,SARIMA semanal + ciclo anual,5206.628906142914,3303.0
2025-10-15,Viajes MBTB,SARIMA semanal + ciclo anual,5210.5673201624395,3327.0
2025-10-16,Viajes MBTB,SARIMA semanal + ciclo anual,5214.718603025191,3249.0
2025-10-17,Viajes MBTB,SARIMA semanal + ciclo anual,5219.092201420595,2423.0
2025-10-18,Viajes MBTB,SARIMA semanal + ciclo anual,5223.697469434039,2709.0
2025-10-19,Viajes MBTB,SARIMA semanal + ciclo anual,5228.543655267939,2415.0
2025-10-20,Viajes MBTB,SARIMA semanal + ciclo anual,5233.6398880335055,2830.0
2025-10-21,Viajes MBTB,SARIMA semanal + ciclo anual,5238.995164629596,3171.0
2025-10-22,Viajes MBTB,SARIMA semanal + ciclo anual,5244.618336724932,3183.0
2025-10-23,Viajes MBTB,SARIMA semanal + ciclo anual,5250.518097859871,3087.0
2025-10-24,Viajes MBTB,SARIMA semanal + ciclo anual,5256.702970683784,1061.0
2025-10-25,Viajes MBTB,SARIMA semanal + ciclo anual,5263.181294343945,2127.0
2025-10-26,Viajes MBTB,SARIMA semanal + ciclo anual,5269.96121204169,4284.0
2025-10-27,Viajes MBTB,SARIMA semanal + ciclo anual,5277.050658771376,2410.0
2025-10-28,Viajes MBTB,SARIMA semanal + ciclo anual,5284.457349257529,2330.0
2025-10-29,Viajes MBTB,SARIMA semanal + ciclo anual,5292.188766105284,2873.0
2025-10-30,Viajes MBTB,SARIMA semanal + ciclo anual,5300.252148179047,2887.0
2025-10-31,Viajes MBTB,SARIMA semanal + ciclo anual,5308.654479223968,2995.0
2025-11-01,Viajes MBTB,SARIMA semanal + ciclo anual,5317.402476744643,2614.0
2025-11-02,Viajes MBTB,SARIMA semanal + ciclo anual,5326.502581155083,2995.0
2025-11-03,Viajes MBTB,SARIMA semanal + ciclo anual,5335.960945213697,2993.0
2025-11-04,Viajes MBTB,SARIMA semanal + ciclo anual,5345.783423756776,2298.0
2025-11-05,Viajes MBTB,SARIMA semanal + ciclo anual,5355.9755637435155,3011.0
2025-11-06,Viajes MBTB,SARIMA semanal + ciclo anual,5366.542594625354,2655.0
2025-11-07,Viajes MBTB,SARIMA semanal + ciclo anual,5377.48941905197,939.0
2025-11-08,Viajes MBTB,SARIMA semanal + ciclo anual,5388.820603925913,2340.0
2025-11-09,Viajes MBTB,SARIMA semanal + ciclo anual,5400.540371817463,2984.0
2025-11-10,Viajes MBTB,SARIMA semanal + ciclo anual,5412.6525927508355,3122.0
2025-11-11,Viajes MBTB,SARIMA semanal + ciclo anual,5425.160776372523,2885.0
2025-11-12,Viajes MBTB,SARIMA semanal + ciclo anual,5438.068064511969,2724.0
2025-11-13,Viajes MBTB,SARIMA semanal + ciclo anual,5451.377224144506,3207.0
2025-11-14,Viajes MBTB,SARIMA semanal + ciclo anual,5465.090640765833,2962.0
2025-11-15,Viajes MBTB,SARIMA semanal + ciclo anual,5479.21031218696,2488.0
2025-11-16,Viajes MBTB,SARIMA semanal + ciclo anual,5493.737842758024,2151.0
2025-11-17,Viajes MBTB,SARIMA semanal + ciclo anual,5508.674438028839,2951.0
2025-11-18,Viajes MBTB,SARIMA semanal + ciclo anual,5524.020899853571,2979.0
2025-11-19,Viajes MBTB,SARIMA semanal + ciclo anual,5539.777621946452,3118.0
2025-11-20,Viajes MBTB,SARIMA semanal + ciclo anual,5555.94458589481,2322.0
2025-11-21,Viajes MBTB,SARIMA semanal + ciclo anual,5572.5213576352635,2519.0
2025-11-22,Viajes MBTB,SARIMA semanal + ciclo anual,5589.507084398339,2470.0
2025-11-23,Viajes MBTB,SARIMA semanal + ciclo anual,5606.900492126198,3121.0
2025-11-24,Viajes MBTB,SARIMA semanal + ciclo anual,5624.699883367709,2712.0
2025-11-25,Viajes MBTB,SARIMA semanal + ciclo anual,5642.903135654384,3054.0
2025-11-26,Viajes MBTB,SARIMA semanal + ciclo anual,5661.507700360267,3019.0
2025-11-27,Viajes MBTB,SARIMA semanal + ciclo anual,5680.510602048256,3101.0
2025-11-28,Viajes MBTB,SARIMA semanal + ciclo anual,5699.908438304706,2609.0
2025-11-29,Viajes MBTB,SARIMA semanal + ciclo anual,5719.697380063717,2100.0
2025-11-30,Viajes MBTB,SARIMA semanal + ciclo anual,5739.873172421789,2562.0
2025-12-01,Viajes MBTB,SARIMA semanal + ciclo anual,5760.431135943049,2593.0
2025-12-02,Viajes MBTB,SARIMA semanal + ciclo anual,5781.366168454682,3025.0
2025-12-03,Viajes MBTB,SARIMA semanal + ciclo anual,5802.672747331495,2944.0
2025-12-04,Viajes MBTB,SARIMA semanal + ciclo anual,5824.344932268165,2981.0
2025-12-05,Viajes MBTB,SARIMA semanal + ciclo anual,5846.376368536971,2708.0
2025-12-06,Viajes MBTB,SARIMA semanal + ciclo anual,5868.760290728339,2273.0
2025-12-07,Viajes MBTB,SARIMA semanal + ciclo anual,5891.489526970887,2569.0
2025-12-08,Viajes MBTB,SARIMA semanal + ciclo anual,5914.5565036272,2175.0
2025-12-09,Viajes MBTB,SARIMA semanal + ciclo anual,5937.953250460879,3036.0
2025-12-10,Viajes MBTB,SARIMA semanal + ciclo anual,5961.67140626991,2564.0
2025-12-11,Viajes MBTB,SARIMA semanal + ciclo anual,5985.702224980864,2114.0
2025-12-12,Viajes MBTB,SARIMA semanal + ciclo anual,6010.036582197895,2851.0
2025-12-13,Viajes MBTB,SARIMA semanal + ciclo anual,6034.664982199844,2242.0
2025-12-14,Viajes MBTB,SARIMA semanal + ciclo anual,6059.577565378484,1924.0
2025-12-15,Viajes MBTB,SARIMA semanal + ciclo anual,6084.764116110074,2665.0
2025-12-16,Viajes MBTB,SARIMA semanal + ciclo anual,6110.214071052227,3058.0
2025-12-17,Viajes MBTB,SARIMA semanal + ciclo anual,6135.916527857343,3049.0
2025-12-18,Viajes MBTB,SARIMA semanal + ciclo anual,6161.860254293383,2975.0
2025-12-19,Viajes MBTB,SARIMA semanal + ciclo anual,6188.033697762538,2866.0
2025-12-20,Viajes MBTB,SARIMA semanal + ciclo anual,6214.424995207419,1722.0
2025-12-21,Viajes MBTB,SARIMA semanal + ciclo anual,6241.02198339441,2454.0
2025-12-22,Viajes MBTB,SARIMA semanal + ciclo anual,6267.812209562988,2791.0
2025-12-23,Viajes MBTB,SARIMA semanal + ciclo anual,6294.78294242965,2788.0
2025-12-24,Viajes MBTB,SARIMA semanal + ciclo anual,6321.921183534525,1746.0
2025-12-25,Viajes MBTB,SARIMA semanal + ciclo anual,6349.213678918313,1397.0
2025-12-26,Viajes MBTB,SARIMA semanal + ciclo anual,6376.646931116951,2585.0
2025-12-27,Viajes MBTB,SARIMA semanal + ciclo anual,6404.207211460874,2145.0
2025-12-28,Viajes MBTB,SARIMA semanal + ciclo anual,6431.880572665393,2365.0
2025-12-29,Viajes MBTB,SARIMA semanal + ciclo anual,6459.652861698483,2548.0
2025-12-30,Viajes MBTB,SARIMA semanal + ciclo anual,6487.509732911803,2624.0
2025-12-31,Viajes MBTB,SARIMA semanal + ciclo anual,6515.436661420463,1605.0
2025-01-01,Temperatura,SARIMA punto 5,28.436347427383836,28.37
2025-01-02,Temperatura,SARIMA punto 5,27.889294310485642,28.47
2025-01-03,Temperatura,SARIMA punto 5,28.351300160654308,26.33
2025-01-04,Temperatura,SARIMA punto 5,28.931329481140025,26.69
2025-01-05,Temperatura,SARIMA punto 5,25.413315304899598,26.23
2025-01-06,Temperatura,SARIMA punto 5,25.47498564078217,27.25
2025-01-07,Temperatura,SARIMA punto 5,28.586967110078398,28.9
2025-01-08,Temperatura,SARIMA punto 5,28.002100301788968,29.56
2025-01-09,Temperatura,SARIMA punto 5,26.7849168392008,29.36
2025-01-10,Temperatura,SARIMA punto 5,27.251239961979973,29.94
2025-01-11,Temperatura,SARIMA punto 5,26.37787944973709,28.98
2025-01-12,Temperatura,SARIMA punto 5,27.992398603854255,28.5
2025-01-13,Temperatura,SARIMA punto 5,24.112936267599405,28.97
2025-01-14,Temperatura,SARIMA punto 5,25.59807088462749,29.65
2025-01-15,Temperatura,SARIMA punto 5,21.1767166665106,31.4
2025-01-16,Temperatura,SARIMA punto 5,23.2380442852279,33.13
2025-01-17,Temperatura,SARIMA punto 5,25.431420297883435,31.51
2025-01-18,Temperatura,SARIMA punto 5,26.296360879148335,28.08
2025-01-19,Temperatura,SARIMA punto 5,24.08249648197999,24.07
2025-01-20,Temperatura,SARIMA punto 5,23.26954484538761,24.51
2025-01-21,Temperatura,SARIMA punto 5,24.34729037769344,26.63
2025-01-22,Temperatura,SARIMA punto 5,23.875568409414154,29.58
2025-01-23,Temperatura,SARIMA punto 5,24.824253165570767,29.65
2025-01-24,Temperatura,SARIMA punto 5,25.51324857890772,28.97
2025-01-25,Temperatura,SARIMA punto 5,25.602481273005736,27.99
2025-01-26,Temperatura,SARIMA punto 5,25.611895202765236,27.98
2025-01-27,Temperatura,SARIMA punto 5,27.111447560793614,28.67
2025-01-28,Temperatura,SARIMA punto 5,29.40110565069324,25.76
2025-01-29,Temperatura,SARIMA punto 5,31.12084449887069,26.56
2025-01-30,Temperatura,SARIMA punto 5,31.650645030430454,27.94
2025-01-31,Temperatura,SARIMA punto 5,32.07049267591782,27.69
2025-02-01,Temperatura,SARIMA punto 5,32.43037630714543,28.66
2025-02-02,Temperatura,SARIMA punto 5,32.670287424374884,29.7
2025-02-03,Temperatura,SARIMA punto 5,29.030219535483933,31.79
2025-02-04,Temperatura,SARIMA punto 5,32.030167681772724,29.5
2025-02-05,Temperatura,SARIMA punto 5,34.32012807577345,25.15
2025-02-06,Temperatura,SARIMA punto 5,35.30009782460835,23.97
2025-02-07,Temperatura,SARIMA punto 5,35.500074718689895,26.63
2025-02-08,Temperatura,SARIMA punto 5,28.250057070329373,29.6
2025-02-09,Temperatura,SARIMA punto 5,27.660043590465776,27.01
2025-02-10,Temperatura,SARIMA punto 5,29.230033294510957,31.54
2025-02-11,Temperatura,SARIMA punto 5,24.44002543043393,26.72
2025-02-12,Temperatura,SARIMA punto 5,17.820019423831475,21.3
2025-02-13,Temperatura,SARIMA punto 5,19.21001483597292,24.25
2025-02-14,Temperatura,SARIMA punto 5,22.100011331754644,26.62
2025-02-15,Temperatura,SARIMA punto 5,24.290008655223623,24.12
2025-02-16,Temperatura,SARIMA punto 5,25.40000661088228,23.25
2025-02-17,Temperatura,SARIMA punto 5,25.96000504940905,23.73
2025-02-18,Temperatura,SARIMA punto 5,26.150003856751745,19.3
2025-02-19,Temperatura,SARIMA punto 5,26.730002945797,23.28
2025-02-20,Temperatura,SARIMA punto 5,28.200002250007397,26.77
2025-02-21,Temperatura,SARIMA punto 5,28.660001718561492,29.73
2025-02-22,Temperatura,SARIMA punto 5,21.74000131264173,31.45
2025-02-23,Temperatura,SARIMA punto 5,23.800001002599164,31.86
2025-02-24,Temperatura,SARIMA punto 5,21.770000765787845,31.76
2025-02-25,Temperatura,SARIMA punto 5,23.700000584910743,27.12
2025-02-26,Temperatura,SARIMA punto 5,25.050000446756346,25.89
2025-02-27,Temperatura,SARIMA punto 5,26.700000341233658,25.41
2025-02-28,Temperatura,SARIMA punto 5,26.870000260635155,27.12
2025-03-01,Temperatura,SARIMA punto 5,26.310000199073805,26.99
2025-03-02,Temperatura,SARIMA punto 5,26.63000015205309,25.36
2025-03-03,Temperatura,SARIMA punto 5,19.650000116138543,27.01
2025-03-04,Temperatura,SARIMA punto 5,20.180000088706922,27.96
2025-03-05,Temperatura,SARIMA punto 5,20.330000067754575,29.38
2025-03-06,Temperatura,SARIMA punto 5,21.360000051751122,27.79
2025-03-07,Temperatura,SARIMA punto 5,23.530000039527643,28.78
2025-03-08,Temperatura,SARIMA punto 5,25.860000030191316,19.16
2025-03-09,Temperatura,SARIMA punto 5,26.540000023060205,17.28
2025-03-10,Temperatura,SARIMA punto 5,25.150000017613444,18.59
2025-03-11,Temperatura,SARIMA punto 5,27.230000013453196,20.43
2025-03-12,Temperatura,SARIMA punto 5,29.000000010275585,16.46
2025-03-13,Temperatura,SARIMA punto 5,23.03000000784852,16.14
2025-03-14,Temperatura,SARIMA punto 5,23.44000000599472,16.91
2025-03-15,Temperatura,SARIMA punto 5,23.180000004578783,19.55
2025-03-16,Temperatura,SARIMA punto 5,24.030000003497285,20.73
2025-03-17,Temperatura,SARIMA punto 5,23.310000002671234,21.06
2025-03-18,Temperatura,SARIMA punto 5,24.880000002040294,23.53
2025-03-19,Temperatura,SARIMA punto 5,26.460000001558384,24.12
2025-03-20,Temperatura,SARIMA punto 5,27.570000001190298,23.98
2025-03-21,Temperatura,SARIMA punto 5,16.860000000909153,24.34
2025-03-22,Temperatura,SARIMA punto 5,16.400000000694412,23.9
2025-03-23,Temperatura,SARIMA punto 5,18.210000000530396,22.01
2025-03-24,Temperatura,SARIMA punto 5,22.100000000405117,20.46
2025-03-25,Temperatura,SARIMA punto 5,23.20000000030943,21.31
2025-03-26,Temperatura,SARIMA punto 5,21.310000000236343,22.34
2025-03-27,Temperatura,SARIMA punto 5,21.63000000018052,22.78
2025-03-28,Temperatura,SARIMA punto 5,21.65000000013788,22.48
2025-03-29,Temperatura,SARIMA punto 5,21.930000000105313,21.2
2025-03-30,Temperatura,SARIMA punto 5,24.41000000008044,23.07
2025-03-31,Temperatura,SARIMA punto 5,20.00000000006144,15.49
2025-04-01,Temperatura,SARIMA punto 5,17.60000000004693,14.95
2025-04-02,Temperatura,SARIMA punto 5,17.600000000035845,18.11
2025-04-03,Temperatura,SARIMA punto 5,19.020000000027377,17.05
2025-04-04,Temperatura,SARIMA punto 5,17.920000000020913,10.91
2025-04-05,Temperatura,SARIMA punto 5,18.910000000015973,12.38
2025-04-06,Temperatura,SARIMA punto 5,17.1300000000122,16.8
2025-04-07,Temperatura,SARIMA punto 5,17.96000000000932,16.05
2025-04-08,Temperatura,SARIMA punto 5,19.450000000007115,17.93
2025-04-09,Temperatura,SARIMA punto 5,21.610000000005435,19.0
2025-04-10,Temperatura,SARIMA punto 5,16.200000000004152,19.9
2025-04-11,Temperatura,SARIMA punto 5,15.10000000000317,19.88
2025-04-12,Temperatura,SARIMA punto 5,16.520000000002423,17.48
2025-04-13,Temperatura,SARIMA punto 5,17.93000000000185,15.28
2025-04-14,Temperatura,SARIMA punto 5,21.310000000001413,16.03
2025-04-15,Temperatura,SARIMA punto 5,20.04000000000108,15.89
2025-04-16,Temperatura,SARIMA punto 5,15.650000000000825,17.6
2025-04-17,Temperatura,SARIMA punto 5,16.970000000000628,19.32
2025-04-18,Temperatura,SARIMA punto 5,17.86000000000048,17.15
2025-04-19,Temperatura,SARIMA punto 5,18.240000000000364,13.88
2025-04-20,Temperatura,SARIMA punto 5,20.420000000000282,13.1
2025-04-21,Temperatura,SARIMA punto 5,21.630000000000212,16.21
2025-04-22,Temperatura,SARIMA punto 5,21.590000000000163,18.43
2025-04-23,Temperatura,SARIMA punto 5,17.670000000000126,19.54
2025-04-24,Temperatura,SARIMA punto 5,13.550000000000097,19.43
2025-04-25,Temperatura,SARIMA punto 5,15.750000000000073,21.01
2025-04-26,Temperatura,SARIMA punto 5,19.140000000000057,16.64
2025-04-27,Temperatura,SARIMA punto 5,14.380000000000043,13.82
2025-04-28,Temperatura,SARIMA punto 5,13.340000000000032,14.68
2025-04-29,Temperatura,SARIMA punto 5,16.750000000000025,15.52
2025-04-30,Temperatura,SARIMA punto 5,20.55000000000002,16.44
2025-05-01,Temperatura,SARIMA punto 5,14.260000000000014,16.55
2025-05-02,Temperatura,SARIMA punto 5,10.77000000000001,18.4
2025-05-03,Temperatura,SARIMA punto 5,9.90000000000001,19.53
2025-05-04,Temperatura,SARIMA punto 5,13.240000000000007,21.79
2025-05-05,Temperatura,SARIMA punto 5,17.450000000000003,21.09
2025-05-06,Temperatura,SARIMA punto 5,17.830000000000002,22.05
2025-05-07,Temperatura,SARIMA punto 5,17.880000000000003,20.37
2025-05-08,Temperatura,SARIMA punto 5,13.040000000000001,17.7
2025-05-09,Temperatura,SARIMA punto 5,9.460000000000003,15.93
2025-05-10,Temperatura,SARIMA punto 5,11.200000000000001,16.74
2025-05-11,Temperatura,SARIMA punto 5,11.960000000000003,16.27
2025-05-12,Temperatura,SARIMA punto 5,11.38,14.93
2025-05-13,Temperatura,SARIMA punto 5,8.41,17.32
2025-05-14,Temperatura,SARIMA punto 5,8.33,20.8
2025-05-15,Temperatura,SARIMA punto 5,8.75,22.2
2025-05-16,Temperatura,SARIMA punto 5,10.44,21.34
2025-05-17,Temperatura,SARIMA punto 5,9.01,22.67
2025-05-18,Temperatura,SARIMA punto 5,9.72,12.79
2025-05-19,Temperatura,SARIMA punto 5,9.25,10.09
2025-05-20,Temperatura,SARIMA punto 5,10.23,10.7
2025-05-21,Temperatura,SARIMA punto 5,11.14,11.04
2025-05-22,Temperatura,SARIMA punto 5,11.3,11.13
2025-05-23,Temperatura,SARIMA punto 5,11.3,12.72
2025-05-24,Temperatura,SARIMA punto 5,8.18,13.32
2025-05-25,Temperatura,SARIMA punto 5,5.1,14.52
2025-05-26,Temperatura,SARIMA punto 5,7.16,18.76
2025-05-27,Temperatura,SARIMA punto 5,7.29,12.89
2025-05-28,Temperatura,SARIMA punto 5,8.61,6.92
2025-05-29,Temperatura,SARIMA punto 5,12.77,6.24
2025-05-30,Temperatura,SARIMA punto 5,12.69,8.31
2025-05-31,Temperatura,SARIMA punto 5,14.44,8.98
2025-06-01,Temperatura,SARIMA punto 5,14.37,9.7
2025-06-02,Temperatura,SARIMA punto 5,11.59,10.54
2025-06-03,Temperatura,SARIMA punto 5,7.69,11.23
2025-06-04,Temperatura,SARIMA punto 5,9.61,12.67
2025-06-05,Temperatura,SARIMA punto 5,11.96,11.28
2025-06-06,Temperatura,SARIMA punto 5,15.74,10.28
2025-06-07,Temperatura,SARIMA punto 5,20.56,9.8
2025-06-08,Temperatura,SARIMA punto 5,21.16,10.49
2025-06-09,Temperatura,SARIMA punto 5,19.38,8.79
2025-06-10,Temperatura,SARIMA punto 5,13.87,10.03
2025-06-11,Temperatura,SARIMA punto 5,14.45,10.03
2025-06-12,Temperatura,SARIMA punto 5,20.44,10.42
2025-06-13,Temperatura,SARIMA punto 5,22.32,13.03
2025-06-14,Temperatura,SARIMA punto 5,17.51,8.64
2025-06-15,Temperatura,SARIMA punto 5,13.75,7.2
2025-06-16,Temperatura,SARIMA punto 5,12.11,10.1
2025-06-17,Temperatura,SARIMA punto 5,12.45,9.14
2025-06-18,Temperatura,SARIMA punto 5,16.04,7.86
2025-06-19,Temperatura,SARIMA punto 5,14.15,9.06
2025-06-20,Temperatura,SARIMA punto 5,11.65,9.25
2025-06-21,Temperatura,SARIMA punto 5,17.16,9.29
2025-06-22,Temperatura,SARIMA punto 5,15.5,9.02
2025-06-23,Temperatura,SARIMA punto 5,10.58,4.04
2025-06-24,Temperatura,SARIMA punto 5,6.74,5.21
2025-06-25,Temperatura,SARIMA punto 5,7.9,6.71
2025-06-26,Temperatura,SARIMA punto 5,8.35,7.13
2025-06-27,Temperatura,SARIMA punto 5,10.96,7.01
2025-06-28,Temperatura,SARIMA punto 5,8.67,6.35
2025-06-29,Temperatura,SARIMA punto 5,5.78,4.23
2025-06-30,Temperatura,SARIMA punto 5,7.52,2.1
2025-07-01,Temperatura,SARIMA punto 5,8.19,2.4
2025-07-02,Temperatura,SARIMA punto 5,9.69,2.62
2025-07-03,Temperatura,SARIMA punto 5,7.7,5.5
2025-07-04,Temperatura,SARIMA punto 5,7.34,7.67
2025-07-05,Temperatura,SARIMA punto 5,4.67,9.52
2025-07-06,Temperatura,SARIMA punto 5,4.36,12.92
2025-07-07,Temperatura,SARIMA punto 5,5.5,14.53
2025-07-08,Temperatura,SARIMA punto 5,3.3,13.4
2025-07-09,Temperatura,SARIMA punto 5,1.8,14.18
2025-07-10,Temperatura,SARIMA punto 5,2.97,12.93
2025-07-11,Temperatura,SARIMA punto 5,5.06,12.28
2025-07-12,Temperatura,SARIMA punto 5,6.57,12.85
2025-07-13,Temperatura,SARIMA punto 5,5.36,13.35
2025-07-14,Temperatura,SARIMA punto 5,5.37,14.34
2025-07-15,Temperatura,SARIMA punto 5,9.81,18.01
2025-07-16,Temperatura,SARIMA punto 5,12.3,10.95
2025-07-17,Temperatura,SARIMA punto 5,12.04,7.52
2025-07-18,Temperatura,SARIMA punto 5,12.83,8.13
2025-07-19,Temperatura,SARIMA punto 5,12.3,10.0
2025-07-20,Temperatura,SARIMA punto 5,9.69,12.22
2025-07-21,Temperatura,SARIMA punto 5,10.74,13.41
2025-07-22,Temperatura,SARIMA punto 5,11.88,10.52
2025-07-23,Temperatura,SARIMA punto 5,14.21,8.33
2025-07-24,Temperatura,SARIMA punto 5,15.7,9.87
2025-07-25,Temperatura,SARIMA punto 5,12.68,13.54
2025-07-26,Temperatura,SARIMA punto 5,13.04,10.64
2025-07-27,Temperatura,SARIMA punto 5,12.66,7.81
2025-07-28,Temperatura,SARIMA punto 5,9.67,9.85
2025-07-29,Temperatura,SARIMA punto 5,7.08,9.9
2025-07-30,Temperatura,SARIMA punto 5,6.59,11.76
2025-07-31,Temperatura,SARIMA punto 5,12.88,14.3
2025-08-01,Temperatura,SARIMA punto 5,19.5,16.98
2025-08-02,Temperatura,SARIMA punto 5,22.53,12.73
2025-08-03,Temperatura,SARIMA punto 5,15.02,12.15
2025-08-04,Temperatura,SARIMA punto 5,11.93,10.32
2025-08-05,Temperatura,SARIMA punto 5,12.47,9.5
2025-08-06,Temperatura,SARIMA punto 5,14.77,10.82
2025-08-07,Temperatura,SARIMA punto 5,10.0,10.28
2025-08-08,Temperatura,SARIMA punto 5,6.79,7.51
2025-08-09,Temperatura,SARIMA punto 5,5.18,8.92
2025-08-10,Temperatura,SARIMA punto 5,8.14,9.68
2025-08-11,Temperatura,SARIMA punto 5,9.51,11.44
2025-08-12,Temperatura,SARIMA punto 5,7.82,13.83
2025-08-13,Temperatura,SARIMA punto 5,10.57,11.64
2025-08-14,Temperatura,SARIMA punto 5,12.13,8.59
2025-08-15,Temperatura,SARIMA punto 5,14.08,7.91
2025-08-16,Temperatura,SARIMA punto 5,12.34,8.5
2025-08-17,Temperatura,SARIMA punto 5,11.61,11.31
2025-08-18,Temperatura,SARIMA punto 5,12.87,13.99
2025-08-19,Temperatura,SARIMA punto 5,13.17,15.18
2025-08-20,Temperatura,SARIMA punto 5,10.54,13.81
2025-08-21,Temperatura,SARIMA punto 5,9.34,13.88
2025-08-22,Temperatura,SARIMA punto 5,7.53,12.7
2025-08-23,Temperatura,SARIMA punto 5,6.63,8.55
2025-08-24,Temperatura,SARIMA punto 5,7.58,9.0
2025-08-25,Temperatura,SARIMA punto 5,7.55,11.66
2025-08-26,Temperatura,SARIMA punto 5,9.39,13.88
2025-08-27,Temperatura,SARIMA punto 5,11.27,14.26
2025-08-28,Temperatura,SARIMA punto 5,11.9,14.98
2025-08-29,Temperatura,SARIMA punto 5,12.31,17.56
2025-08-30,Temperatura,SARIMA punto 5,10.86,18.05
2025-08-31,Temperatura,SARIMA punto 5,8.71,16.77
2025-09-01,Temperatura,SARIMA punto 5,9.82,10.56
2025-09-02,Temperatura,SARIMA punto 5,13.78,12.26
2025-09-03,Temperatura,SARIMA punto 5,13.94,12.28
2025-09-04,Temperatura,SARIMA punto 5,13.73,7.31
2025-09-05,Temperatura,SARIMA punto 5,12.59,7.01
2025-09-06,Temperatura,SARIMA punto 5,15.42,8.22
2025-09-07,Temperatura,SARIMA punto 5,16.31,9.48
2025-09-08,Temperatura,SARIMA punto 5,16.54,11.79
2025-09-09,Temperatura,SARIMA punto 5,15.96,13.32
2025-09-10,Temperatura,SARIMA punto 5,18.6,14.72
2025-09-11,Temperatura,SARIMA punto 5,15.62,14.36
2025-09-12,Temperatura,SARIMA punto 5,14.46,14.44
2025-09-13,Temperatura,SARIMA punto 5,14.71,15.36
2025-09-14,Temperatura,SARIMA punto 5,13.68,16.57
2025-09-15,Temperatura,SARIMA punto 5,14.67,16.86
2025-09-16,Temperatura,SARIMA punto 5,17.75,17.62
2025-09-17,Temperatura,SARIMA punto 5,18.03,18.93
2025-09-18,Temperatura,SARIMA punto 5,21.6,18.29
2025-09-19,Temperatura,SARIMA punto 5,20.16,22.74
2025-09-20,Temperatura,SARIMA punto 5,17.76,20.54
2025-09-21,Temperatura,SARIMA punto 5,20.09,13.63
2025-09-22,Temperatura,SARIMA punto 5,20.8,13.65
2025-09-23,Temperatura,SARIMA punto 5,17.45,15.6
2025-09-24,Temperatura,SARIMA punto 5,17.0,15.63
2025-09-25,Temperatura,SARIMA punto 5,18.54,14.68
2025-09-26,Temperatura,SARIMA punto 5,15.83,16.94
2025-09-27,Temperatura,SARIMA punto 5,15.82,16.31
2025-09-28,Temperatura,SARIMA punto 5,19.95,14.92
2025-09-29,Temperatura,SARIMA punto 5,23.08,17.37
2025-09-30,Temperatura,SARIMA punto 5,26.1,16.84
2025-10-01,Temperatura,SARIMA punto 5,20.15,16.45
2025-10-02,Temperatura,SARIMA punto 5,16.11,17.92
2025-10-03,Temperatura,SARIMA punto 5,16.13,20.66
2025-10-04,Temperatura,SARIMA punto 5,17.72,24.59
2025-10-05,Temperatura,SARIMA punto 5,21.13,18.38
2025-10-06,Temperatura,SARIMA punto 5,19.88,13.13
2025-10-07,Temperatura,SARIMA punto 5,18.81,15.29
2025-10-08,Temperatura,SARIMA punto 5,19.92,16.79
2025-10-09,Temperatura,SARIMA punto 5,18.12,18.65
2025-10-10,Temperatura,SARIMA punto 5,18.99,20.54
2025-10-11,Temperatura,SARIMA punto 5,22.53,22.0
2025-10-12,Temperatura,SARIMA punto 5,18.01,16.16
2025-10-13,Temperatura,SARIMA punto 5,18.77,18.65
2025-10-14,Temperatura,SARIMA punto 5,21.04,20.37
2025-10-15,Temperatura,SARIMA punto 5,21.09,21.69
2025-10-16,Temperatura,SARIMA punto 5,22.26,23.27
2025-10-17,Temperatura,SARIMA punto 5,20.66,18.6
2025-10-18,Temperatura,SARIMA punto 5,21.56,18.01
2025-10-19,Temperatura,SARIMA punto 5,22.63,18.31
2025-10-20,Temperatura,SARIMA punto 5,24.92,19.78
2025-10-21,Temperatura,SARIMA punto 5,28.35,23.38
2025-10-22,Temperatura,SARIMA punto 5,26.94,21.78
2025-10-23,Temperatura,SARIMA punto 5,22.81,25.46
2025-10-24,Temperatura,SARIMA punto 5,18.42,21.93
2025-10-25,Temperatura,SARIMA punto 5,16.86,17.96
2025-10-26,Temperatura,SARIMA punto 5,18.03,18.15
2025-10-27,Temperatura,SARIMA punto 5,20.8,14.6
2025-10-28,Temperatura,SARIMA punto 5,22.41,12.05
2025-10-29,Temperatura,SARIMA punto 5,24.33,13.64
2025-10-30,Temperatura,SARIMA punto 5,24.69,16.09
2025-10-31,Temperatura,SARIMA punto 5,24.08,19.05
2025-11-01,Temperatura,SARIMA punto 5,25.47,22.36
2025-11-02,Temperatura,SARIMA punto 5,22.98,23.34
2025-11-03,Temperatura,SARIMA punto 5,22.65,24.55
2025-11-04,Temperatura,SARIMA punto 5,21.63,21.47
2025-11-05,Temperatura,SARIMA punto 5,20.24,17.97
2025-11-06,Temperatura,SARIMA punto 5,21.59,16.86
2025-11-07,Temperatura,SARIMA punto 5,21.34,14.3
2025-11-08,Temperatura,SARIMA punto 5,21.64,16.29
2025-11-09,Temperatura,SARIMA punto 5,23.92,19.35
2025-11-10,Temperatura,SARIMA punto 5,24.2,21.27
2025-11-11,Temperatura,SARIMA punto 5,19.46,22.51
2025-11-12,Temperatura,SARIMA punto 5,19.51,19.43
2025-11-13,Temperatura,SARIMA punto 5,23.24,22.03
2025-11-14,Temperatura,SARIMA punto 5,25.02,23.88
2025-11-15,Temperatura,SARIMA punto 5,26.55,26.29
2025-11-16,Temperatura,SARIMA punto 5,28.22,20.84
2025-11-17,Temperatura,SARIMA punto 5,18.86,17.85
2025-11-18,Temperatura,SARIMA punto 5,20.27,21.09
2025-11-19,Temperatura,SARIMA punto 5,21.28,22.44
2025-11-20,Temperatura,SARIMA punto 5,22.35,25.14
2025-11-21,Temperatura,SARIMA punto 5,23.17,18.83
2025-11-22,Temperatura,SARIMA punto 5,24.34,18.14
2025-11-23,Temperatura,SARIMA punto 5,25.98,19.43
2025-11-24,Temperatura,SARIMA punto 5,26.62,21.32
2025-11-25,Temperatura,SARIMA punto 5,26.17,24.25
2025-11-26,Temperatura,SARIMA punto 5,27.68,26.91
2025-11-27,Temperatura,SARIMA punto 5,24.86,28.43
2025-11-28,Temperatura,SARIMA punto 5,25.53,28.06
2025-11-29,Temperatura,SARIMA punto 5,21.54,19.22
2025-11-30,Temperatura,SARIMA punto 5,23.02,19.41
2025-12-01,Temperatura,SARIMA punto 5,23.07,22.02
2025-12-02,Temperatura,SARIMA punto 5,19.26,23.35
2025-12-03,Temperatura,SARIMA punto 5,18.64,26.49
2025-12-04,Temperatura,SARIMA punto 5,22.19,27.22
2025-12-05,Temperatura,SARIMA punto 5,26.28,29.21
2025-12-06,Temperatura,SARIMA punto 5,22.9,27.18
2025-12-07,Temperatura,SARIMA punto 5,18.95,24.4
2025-12-08,Temperatura,SARIMA punto 5,18.85,21.29
2025-12-09,Temperatura,SARIMA punto 5,21.23,24.01
2025-12-10,Temperatura,SARIMA punto 5,24.08,25.93
2025-12-11,Temperatura,SARIMA punto 5,25.06,26.98
2025-12-12,Temperatura,SARIMA punto 5,27.61,27.45
2025-12-13,Temperatura,SARIMA punto 5,25.01,28.04
2025-12-14,Temperatura,SARIMA punto 5,25.24,23.24
2025-12-15,Temperatura,SARIMA punto 5,23.56,20.86
2025-12-16,Temperatura,SARIMA punto 5,23.88,21.18
2025-12-17,Temperatura,SARIMA punto 5,25.26,24.41
2025-12-18,Temperatura,SARIMA punto 5,23.82,26.73
2025-12-19,Temperatura,SARIMA punto 5,26.12,28.38
2025-12-20,Temperatura,SARIMA punto 5,26.71,25.83
2025-12-21,Temperatura,SARIMA punto 5,18.94,25.89
2025-12-22,Temperatura,SARIMA punto 5,21.74,25.19
2025-12-23,Temperatura,SARIMA punto 5,24.02,27.41
2025-12-24,Temperatura,SARIMA punto 5,22.74,29.08
2025-12-25,Temperatura,SARIMA punto 5,20.81,25.35
2025-12-26,Temperatura,SARIMA punto 5,21.48,27.89
2025-12-27,Temperatura,SARIMA punto 5,23.8,28.93
2025-12-28,Temperatura,SARIMA punto 5,25.6,25.32
2025-12-29,Temperatura,SARIMA punto 5,25.77,29.13
2025-12-30,Temperatura,SARIMA punto 5,26.42,30.31
2025-12-31,Temperatura,SARIMA punto 5,28.3,31.76
2025-01-01,Temperatura,Ciclo anual + AR(1),27.909756602936135,28.37
2025-01-02,Temperatura,Ciclo anual + AR(1),27.629563434043543,28.47
2025-01-03,Temperatura,Ciclo anual + AR(1),27.431687843962404,26.33
2025-01-04,Temperatura,Ciclo anual + AR(1),27.2952498354165,26.69
2025-01-05,Temperatura,Ciclo anual + AR(1),27.20452624999013,26.23
2025-01-06,Temperatura,Ciclo anual + AR(1),27.147674644070683,27.25
2025-01-07,Temperatura,Ciclo anual + AR(1),27.11577298980564,28.9
2025-01-08,Temperatura,Ciclo anual + AR(1),27.10209704109446,29.56
2025-01-09,Temperatura,Ciclo anual + AR(1),27.101576547567433,29.36
2025-01-10,Temperatura,Ciclo anual + AR(1),27.11038605546783,29.94
2025-01-11,Temperatura,Ciclo anual + AR(1),27.125636988024212,28.98
2025-01-12,Temperatura,Ciclo anual + AR(1),27.14514594076805,28.5
2025-01-13,Temperatura,Ciclo anual + AR(1),27.16726033018407,28.97
2025-01-14,Temperatura,Ciclo anual + AR(1),27.190727201918236,29.65
2025-01-15,Temperatura,Ciclo anual + AR(1),27.214594517414675,31.4
2025-01-16,Temperatura,Ciclo anual + AR(1),27.238136881193313,33.13
2025-01-17,Temperatura,Ciclo anual + AR(1),27.260799660149534,31.51
2025-01-18,Temperatura,Ciclo anual + AR(1),27.282156943149356,28.08
2025-01-19,Temperatura,Ciclo anual + AR(1),27.301879915636604,24.07
2025-01-20,Temperatura,Ciclo anual + AR(1),27.319713071640805,24.51
2025-01-21,Temperatura,Ciclo anual + AR(1),27.335456323465756,26.63
2025-01-22,Temperatura,Ciclo anual + AR(1),27.348951549365715,29.58
2025-01-23,Temperatura,Ciclo anual + AR(1),27.36007248074631,29.65
2025-01-24,Temperatura,Ciclo anual + AR(1),27.368717102261297,28.97
2025-01-25,Temperatura,Ciclo anual + AR(1),27.374801942736514,27.99
2025-01-26,Temperatura,Ciclo anual + AR(1),27.37825778878936,27.98
2025-01-27,Temperatura,Ciclo anual + AR(1),27.37902646885223,28.67
2025-01-28,Temperatura,Ciclo anual + AR(1),27.377058442481413,25.76
2025-01-29,Temperatura,Ciclo anual + AR(1),27.372310995432095,26.56
2025-01-30,Temperatura,Ciclo anual + AR(1),27.364746890345756,27.94
2025-01-31,Temperatura,Ciclo anual + AR(1),27.35433336004443,27.69
2025-02-01,Temperatura,Ciclo anual + AR(1),27.34104135838203,28.66
2025-02-02,Temperatura,Ciclo anual + AR(1),27.32484500464,29.7
2025-02-03,Temperatura,Ciclo anual + AR(1),27.305721173285903,31.79
2025-02-04,Temperatura,Ciclo anual + AR(1),27.283649192827163,29.5
2025-02-05,Temperatura,Ciclo anual + AR(1),27.258610626457894,25.15
2025-02-06,Temperatura,Ciclo anual + AR(1),27.23058911394365,23.97
2025-02-07,Temperatura,Ciclo anual + AR(1),27.19957025926675,26.63
2025-02-08,Temperatura,Ciclo anual + AR(1),27.165541552376162,29.6
2025-02-09,Temperatura,Ciclo anual + AR(1),27.128492316261973,27.01
2025-02-10,Temperatura,Ciclo anual + AR(1),27.088413672739144,31.54
2025-02-11,Temperatura,Ciclo anual + AR(1),27.045298521954344,26.72
2025-02-12,Temperatura,Ciclo anual + AR(1),26.999141531856495,21.3
2025-02-13,Temperatura,Ciclo anual + AR(1),26.94993913479456,24.25
2025-02-14,Temperatura,Ciclo anual + AR(1),26.897689529101722,26.62
2025-02-15,Temperatura,Ciclo anual + AR(1),26.84239268404832,24.12
2025-02-16,Temperatura,Ciclo anual + AR(1),26.78405034694061,23.25
2025-02-17,Temperatura,Ciclo anual + AR(1),26.722666051439475,23.73
2025-02-18,Temperatura,Ciclo anual + AR(1),26.658245126397418,19.3
2025-02-19,Temperatura,Ciclo anual + AR(1),26.590794704681052,23.28
2025-02-20,Temperatura,Ciclo anual + AR(1),26.52032373157425,26.77
2025-02-21,Temperatura,Ciclo anual + AR(1),26.4468429724535,29.73
2025-02-22,Temperatura,Ciclo anual + AR(1),26.37036501949986,31.45
2025-02-23,Temperatura,Ciclo anual + AR(1),26.29090429726792,31.86
2025-02-24,Temperatura,Ciclo anual + AR(1),26.208477066973746,31.76
2025-02-25,Temperatura,Ciclo anual + AR(1),26.12310142939657,27.12
2025-02-26,Temperatura,Ciclo anual + AR(1),26.03479732631301,25.89
2025-02-27,Temperatura,Ciclo anual + AR(1),25.943586540402475,25.41
2025-02-28,Temperatura,Ciclo anual + AR(1),25.849492693576494,27.12
2025-03-01,Temperatura,Ciclo anual + AR(1),25.752541243696843,26.99
2025-03-02,Temperatura,Ciclo anual + AR(1),25.652759479656076,25.36
2025-03-03,Temperatura,Ciclo anual + AR(1),25.550176514802015,27.01
2025-03-04,Temperatura,Ciclo anual + AR(1),25.44482327869336,27.96
2025-03-05,Temperatura,Ciclo anual + AR(1),25.33673250717865,29.38
2025-03-06,Temperatura,Ciclo anual + AR(1),25.225938730795352,27.79
2025-03-07,Temperatura,Ciclo anual + AR(1),25.112478261489123,28.78
2025-03-08,Temperatura,Ciclo anual + AR(1),24.99638917765683,19.16
2025-03-09,Temperatura,Ciclo anual + AR(1),24.877711307519313,17.28
2025-03-10,Temperatura,Ciclo anual + AR(1),24.75648621083331,18.59
2025-03-11,Temperatura,Ciclo anual + AR(1),24.63275715895344,20.43
2025-03-12,Temperatura,Ciclo anual + AR(1),24.506569113258184,16.46
2025-03-13,Temperatura,Ciclo anual + AR(1),24.37796870195536,16.14
2025-03-14,Temperatura,Ciclo anual + AR(1),24.247004195285157,16.91
2025-03-15,Temperatura,Ciclo anual + AR(1),24.1137254791404,19.55
2025-03-16,Temperatura,Ciclo anual + AR(1),23.978184027125693,20.73
2025-03-17,Temperatura,Ciclo anual + AR(1),23.840432871079116,21.06
2025-03-18,Temperatura,Ciclo anual + AR(1),23.700526570081724,23.53
2025-03-19,Temperatura,Ciclo anual + AR(1),23.558521177982044,24.12
2025-03-20,Temperatura,Ciclo anual + AR(1),23.41447420946416,23.98
2025-03-21,Temperatura,Ciclo anual + AR(1),23.268444604690153,24.34
2025-03-22,Temperatura,Ciclo anual + AR(1),23.120492692548687,23.9
2025-03-23,Temperatura,Ciclo anual + AR(1),22.97068015254381,22.01
2025-03-24,Temperatura,Ciclo anual + AR(1),22.81906997535852,20.46
2025-03-25,Temperatura,Ciclo anual + AR(1),22.665726422130597,21.31
2025-03-26,Temperatura,Ciclo anual + AR(1),22.510714982478344,22.34
2025-03-27,Temperatura,Ciclo anual + AR(1),22.35410233131586,22.78
2025-03-28,Temperatura,Ciclo anual + AR(1),22.195956284499047,22.48
2025-03-29,Temperatura,Ciclo anual + AR(1),22.036345753344296,21.2
2025-03-30,Temperatura,Ciclo anual + AR(1),21.875340698063688,23.07
2025-03-31,Temperatura,Ciclo anual + AR(1),21.713012080161075,15.49
2025-04-01,Temperatura,Ciclo anual + AR(1),21.549431813835405,14.95
2025-04-02,Temperatura,Ciclo anual + AR(1),21.38467271643798,18.11
2025-04-03,Temperatura,Ciclo anual + AR(1),21.218808458032004,17.05
2025-04-04,Temperatura,Ciclo anual + AR(1),21.05191351010326,10.91
2025-04-05,Temperatura,Ciclo anual + AR(1),20.884063093472314,12.38
2025-04-06,Temperatura,Ciclo anual + AR(1),20.71533312545911,16.8
2025-04-07,Temperatura,Ciclo anual + AR(1),20.545800166351498,16.05
2025-04-08,Temperatura,Ciclo anual + AR(1),20.37554136523081,17.93
2025-04-09,Temperatura,Ciclo anual + AR(1),20.204634405207443,19.0
2025-04-10,Temperatura,Ciclo anual + AR(1),20.033157448120637,19.9
2025-04-11,Temperatura,Ciclo anual + AR(1),19.861189078756855,19.88
2025-04-12,Temperatura,Ciclo anual + AR(1),19.68880824864218,17.48
2025-04-13,Temperatura,Ciclo anual + AR(1),19.516094219464243,15.28
2025-04-14,Temperatura,Ciclo anual + AR(1),19.343126506179594,16.03
2025-04-15,Temperatura,Ciclo anual + AR(1),19.169984819863195,15.89
2025-04-16,Temperatura,Ciclo anual + AR(1),18.996749010356524,17.6
2025-04-17,Temperatura,Ciclo anual + AR(1),18.82349900877151,19.32
2025-04-18,Temperatura,Ciclo anual + AR(1),18.65031476990673,17.15
2025-04-19,Temperatura,Ciclo anual + AR(1),18.4772762146341,13.88
2025-04-20,Temperatura,Ciclo anual + AR(1),18.304463172312303,13.1
2025-04-21,Temperatura,Ciclo anual + AR(1),18.13195532328491,16.21
2025-04-22,Temperatura,Ciclo anual + AR(1),17.9598321415196,18.43
2025-04-23,Temperatura,Ciclo anual + AR(1),17.788172837446176,19.54
2025-04-24,Temperatura,Ciclo anual + AR(1),17.61705630104964,19.43
2025-04-25,Temperatura,Ciclo anual + AR(1),17.446561045274784,21.01
2025-04-26,Temperatura,Ciclo anual + AR(1),17.276765149798656,16.64
2025-04-27,Temperatura,Ciclo anual + AR(1),17.10774620522637,13.82
2025-04-28,Temperatura,Ciclo anual + AR(1),16.939581257765653,14.68
2025-04-29,Temperatura,Ciclo anual + AR(1),16.772346754434494,15.52
2025-04-30,Temperatura,Ciclo anual + AR(1),16.606118488856406,16.44
2025-05-01,Temperatura,Ciclo anual + AR(1),16.44097154769636,16.55
2025-05-02,Temperatura,Ciclo anual + AR(1),16.276980257790427,18.4
2025-05-03,Temperatura,Ciclo anual + AR(1),16.114218134020515,19.53
2025-05-04,Temperatura,Ciclo anual + AR(1),15.95275782798595,21.79
2025-05-05,Temperatura,Ciclo anual + AR(1),15.792671077521712,21.09
2025-05-06,Temperatura,Ciclo anual + AR(1),15.634028657112468,22.05
2025-05-07,Temperatura,Ciclo anual + AR(1),15.47690032925099,20.37
2025-05-08,Temperatura,Ciclo anual + AR(1),15.321354796787835,17.7
2025-05-09,Temperatura,Ciclo anual + AR(1),15.167459656318567,15.93
2025-05-10,Temperatura,Ciclo anual + AR(1),15.015281352653158,16.74
2025-05-11,Temperatura,Ciclo anual + AR(1),14.864885134411562,16.27
2025-05-12,Temperatura,Ciclo anual + AR(1),14.71633501078767,14.93
2025-05-13,Temperatura,Ciclo anual + AR(1),14.569693709522902,17.32
2025-05-14,Temperatura,Ciclo anual + AR(1),14.425022636128965,20.8
2025-05-15,Temperatura,Ciclo anual + AR(1),14.282381834398452,22.2
2025-05-16,Temperatura,Ciclo anual + AR(1),14.14182994824008,21.34
2025-05-17,Temperatura,Ciclo anual + AR(1),14.003424184873698,22.67
2025-05-18,Temperatura,Ciclo anual + AR(1),13.867220279419548,12.79
2025-05-19,Temperatura,Ciclo anual + AR(1),13.733272460913657,10.09
2025-05-20,Temperatura,Ciclo anual + AR(1),13.601633419780395,10.7
2025-05-21,Temperatura,Ciclo anual + AR(1),13.472354276791094,11.04
2025-05-22,Temperatura,Ciclo anual + AR(1),13.345484553536462,11.13
2025-05-23,Temperatura,Ciclo anual + AR(1),13.221072144438367,12.72
2025-05-24,Temperatura,Ciclo anual + AR(1),13.099163290325222,13.32
2025-05-25,Temperatura,Ciclo anual + AR(1),12.979802553593041,14.52
2025-05-26,Temperatura,Ciclo anual + AR(1),12.86303279497303,18.76
2025-05-27,Temperatura,Ciclo anual + AR(1),12.748895151924309,12.89
2025-05-28,Temperatura,Ciclo anual + AR(1),12.637429018668627,6.92
2025-05-29,Temperatura,Ciclo anual + AR(1),12.52867202788245,6.24
2025-05-30,Temperatura,Ciclo anual + AR(1),12.422660034059476,8.31
2025-05-31,Temperatura,Ciclo anual + AR(1),12.319427098555241,8.98
2025-06-01,Temperatura,Ciclo anual + AR(1),12.21900547632304,9.7
2025-06-02,Temperatura,Ciclo anual + AR(1),12.121425604349273,10.54
2025-06-03,Temperatura,Ciclo anual + AR(1),12.026716091793723,11.23
2025-06-04,Temperatura,Ciclo anual + AR(1),11.934903711838867,12.67
2025-06-05,Temperatura,Ciclo anual + AR(1),11.846013395250093,11.28
2025-06-06,Temperatura,Ciclo anual + AR(1),11.760068225647139,10.28
2025-06-07,Temperatura,Ciclo anual + AR(1),11.677089436484973,9.8
2025-06-08,Temperatura,Ciclo anual + AR(1),11.597096409740379,10.49
2025-06-09,Temperatura,Ciclo anual + AR(1),11.520106676298932,8.79
2025-06-10,Temperatura,Ciclo anual + AR(1),11.446135918034877,10.03
2025-06-11,Temperatura,Ciclo anual + AR(1),11.375197971574778,10.03
2025-06-12,Temperatura,Ciclo anual + AR(1),11.307304833733758,10.42
2025-06-13,Temperatura,Ciclo anual + AR(1),11.24246666861158,13.03
2025-06-14,Temperatura,Ciclo anual + AR(1),11.18069181633378,8.64
2025-06-15,Temperatura,Ciclo anual + AR(1),11.121986803421443,7.2
2025-06-16,Temperatura,Ciclo anual + AR(1),11.066356354771159,10.1
2025-06-17,Temperatura,Ciclo anual + AR(1),11.013803407225438,9.14
2025-06-18,Temperatura,Ciclo anual + AR(1),10.96432912471166,7.86
2025-06-19,Temperatura,Ciclo anual + AR(1),10.917932914926121,9.06
2025-06-20,Temperatura,Ciclo anual + AR(1),10.87461244753822,9.25
2025-06-21,Temperatura,Ciclo anual + AR(1),10.834363673887932,9.29
2025-06-22,Temperatura,Ciclo anual + AR(1),10.797180848148324,9.02
2025-06-23,Temperatura,Ciclo anual + AR(1),10.763056549923148,4.04
2025-06-24,Temperatura,Ciclo anual + AR(1),10.73198170824817,5.21
2025-06-25,Temperatura,Ciclo anual + AR(1),10.703945626963268,6.71
2025-06-26,Temperatura,Ciclo anual + AR(1),10.678936011420973,7.13
2025-06-27,Temperatura,Ciclo anual + AR(1),10.65693899649562,7.01
2025-06-28,Temperatura,Ciclo anual + AR(1),10.637939175856085,6.35
2025-06-29,Temperatura,Ciclo anual + AR(1),10.621919632463552,4.23
2025-06-30,Temperatura,Ciclo anual + AR(1),10.608861970254646,2.1
2025-07-01,Temperatura,Ciclo anual + AR(1),10.598746346968936,2.4
2025-07-02,Temperatura,Ciclo anual + AR(1),10.591551508078743,2.62
2025-07-03,Temperatura,Ciclo anual + AR(1),10.587254821777947,5.5
2025-07-04,Temperatura,Ciclo anual + AR(1),10.585832314985494,7.67
2025-07-05,Temperatura,Ciclo anual + AR(1),10.587258710318274,9.52
2025-07-06,Temperatura,Ciclo anual + AR(1),10.591507463987046,12.92
2025-07-07,Temperatura,Ciclo anual + AR(1),10.598550804568198,14.53
2025-07-08,Temperatura,Ciclo anual + AR(1),10.608359772603302,13.4
2025-07-09,Temperatura,Ciclo anual + AR(1),10.620904260977568,14.18
2025-07-10,Temperatura,Ciclo anual + AR(1),10.636153056027597,12.93
2025-07-11,Temperatura,Ciclo anual + AR(1),10.654073879328234,12.28
2025-07-12,Temperatura,Ciclo anual + AR(1),10.674633430107516,12.85
2025-07-13,Temperatura,Ciclo anual + AR(1),10.69779742823836,13.35
2025-07-14,Temperatura,Ciclo anual + AR(1),10.723530657754987,14.34
2025-07-15,Temperatura,Ciclo anual + AR(1),10.751797010841763,18.01
2025-07-16,Temperatura,Ciclo anual + AR(1),10.782559532241654,10.95
2025-07-17,Temperatura,Ciclo anual + AR(1),10.81578046403129,7.52
2025-07-18,Temperatura,Ciclo anual + AR(1),10.851421290709263,8.13
2025-07-19,Temperatura,Ciclo anual + AR(1),10.889442784544297,10.0
2025-07-20,Temperatura,Ciclo anual + AR(1),10.929805051129552,12.22
2025-07-21,Temperatura,Ciclo anual + AR(1),10.972467575089476,13.41
2025-07-22,Temperatura,Ciclo anual + AR(1),11.017389265885612,10.52
2025-07-23,Temperatura,Ciclo anual + AR(1),11.064528503667578,8.33
2025-07-24,Temperatura,Ciclo anual + AR(1),11.113843185116082,9.87
2025-07-25,Temperatura,Ciclo anual + AR(1),11.165290769224386,13.54
2025-07-26,Temperatura,Ciclo anual + AR(1),11.218828322965514,10.64
2025-07-27,Temperatura,Ciclo anual + AR(1),11.274412566792414,7.81
2025-07-28,Temperatura,Ciclo anual + AR(1),11.331999919918715,9.85
2025-07-29,Temperatura,Ciclo anual + AR(1),11.391546545328431,9.9
2025-07-30,Temperatura,Ciclo anual + AR(1),11.45300839446319,11.76
2025-07-31,Temperatura,Ciclo anual + AR(1),11.516341251536108,14.3
2025-08-01,Temperatura,Ciclo anual + AR(1),11.581500777422434,16.98
2025-08-02,Temperatura,Ciclo anual + AR(1),11.648442553077254,12.73
2025-08-03,Temperatura,Ciclo anual + AR(1),11.7171221224318,12.15
2025-08-04,Temperatura,Ciclo anual + AR(1),11.787495034720141,10.32
2025-08-05,Temperatura,Ciclo anual + AR(1),11.859516886189521,9.5
2025-08-06,Temperatura,Ciclo anual + AR(1),11.933143361148083,10.82
2025-08-07,Temperatura,Ciclo anual + AR(1),12.008330272304613,10.28
2025-08-08,Temperatura,Ciclo anual + AR(1),12.085033600356564,7.51
2025-08-09,Temperatura,Ciclo anual + AR(1),12.163209532782757,8.92
2025-08-10,Temperatura,Ciclo anual + AR(1),12.242814501799224,9.68
2025-08-11,Temperatura,Ciclo anual + AR(1),12.32380522143718,11.44
2025-08-12,Temperatura,Ciclo anual + AR(1),12.406138723703425,13.83
2025-08-13,Temperatura,Ciclo anual + AR(1),12.48977239378507,11.64
2025-08-14,Temperatura,Ciclo anual + AR(1),12.574664004261486,8.59
2025-08-15,Temperatura,Ciclo anual + AR(1),12.66077174828754,7.91
2025-08-16,Temperatura,Ciclo anual + AR(1),12.748054271714224,8.5
2025-08-17,Temperatura,Ciclo anual + AR(1),12.836470704113447,11.31
2025-08-18,Temperatura,Ciclo anual + AR(1),12.925980688675844,13.99
2025-08-19,Temperatura,Ciclo anual + AR(1),13.016544410951361,15.18
2025-08-20,Temperatura,Ciclo anual + AR(1),13.108122626404576,13.81
2025-08-21,Temperatura,Ciclo anual + AR(1),13.200676686757777,13.88
2025-08-22,Temperatura,Ciclo anual + AR(1),13.294168565096411,12.7
2025-08-23,Temperatura,Ciclo anual + AR(1),13.388560879713602,8.55
2025-08-24,Temperatura,Ciclo anual + AR(1),13.483816916671636,9.0
2025-08-25,Temperatura,Ciclo anual + AR(1),13.579900651059933,11.66
2025-08-26,Temperatura,Ciclo anual + AR(1),13.676776766931399,13.88
2025-08-27,Temperatura,Ciclo anual + AR(1),13.774410675899569,14.26
2025-08-28,Temperatura,Ciclo anual + AR(1),13.872768534382306,14.98
2025-08-29,Temperatura,Ciclo anual + AR(1),13.97181725947777,17.56
2025-08-30,Temperatura,Ciclo anual + AR(1),14.071524543461434,18.05
2025-08-31,Temperatura,Ciclo anual + AR(1),14.171858866894603,16.77
2025-09-01,Temperatura,Ciclo anual + AR(1),14.272789510335546,10.56
2025-09-02,Temperatura,Ciclo anual + AR(1),14.37428656464785,12.26
2025-09-03,Temperatura,Ciclo anual + AR(1),14.47632093990073,12.28
2025-09-04,Temperatura,Ciclo anual + AR(1),14.578864372859163,7.31
2025-09-05,Temperatura,Ciclo anual + AR(1),14.68188943306276,7.01
2025-09-06,Temperatura,Ciclo anual + AR(1),14.785369527494048,8.22
2025-09-07,Temperatura,Ciclo anual + AR(1),14.88927890383928,9.48
2025-09-08,Temperatura,Ciclo anual + AR(1),14.993592652346056,11.79
2025-09-09,Temperatura,Ciclo anual + AR(1),15.09828670628384,13.32
2025-09-10,Temperatura,Ciclo anual + AR(1),15.203337841015811,14.72
2025-09-11,Temperatura,Ciclo anual + AR(1),15.30872367169152,14.36
2025-09-12,Temperatura,Ciclo anual + AR(1),15.414422649572145,14.44
2025-09-13,Temperatura,Ciclo anual + AR(1),15.520414057001386,15.36
2025-09-14,Temperatura,Ciclo anual + AR(1),15.626678001037,16.57
2025-09-15,Temperatura,Ciclo anual + AR(1),15.733195405760188,16.86
2025-09-16,Temperatura,Ciclo anual + AR(1),15.839948003280181,17.62
2025-09-17,Temperatura,Ciclo anual + AR(1),15.946918323455076,18.93
2025-09-18,Temperatura,Ciclo anual + AR(1),16.054089682349655,18.29
2025-09-19,Temperatura,Ciclo anual + AR(1),16.161446169453985,22.74
2025-09-20,Temperatura,Ciclo anual + AR(1),16.26897263368736,20.54
2025-09-21,Temperatura,Ciclo anual + AR(1),16.376654668213586,13.63
2025-09-22,Temperatura,Ciclo anual + AR(1),16.484478594095872,13.65
2025-09-23,Temperatura,Ciclo anual + AR(1),16.592431442820278,15.6
2025-09-24,Temperatura,Ciclo anual + AR(1),16.700500937718232,15.63
2025-09-25,Temperatura,Ciclo anual + AR(1),16.808675474320506,14.68
2025-09-26,Temperatura,Ciclo anual + AR(1),16.916944099675717,16.94
2025-09-27,Temperatura,Ciclo anual + AR(1),17.02529649066824,16.31
2025-09-28,Temperatura,Ciclo anual + AR(1),17.1337229313711,14.92
2025-09-29,Temperatura,Ciclo anual + AR(1),17.242214289471416,17.37
2025-09-30,Temperatura,Ciclo anual + AR(1),17.350761991806458,16.84
2025-10-01,Temperatura,Ciclo anual + AR(1),17.459357999049463,16.45
2025-10-02,Temperatura,Ciclo anual + AR(1),17.56799477958618,17.92
2025-10-03,Temperatura,Ciclo anual + AR(1),17.67666528262329,20.66
2025-10-04,Temperatura,Ciclo anual + AR(1),17.785362910570957,24.59
2025-10-05,Temperatura,Ciclo anual + AR(1),17.89408149074342,18.38
2025-10-06,Temperatura,Ciclo anual + AR(1),18.002815246421076,13.13
2025-10-07,Temperatura,Ciclo anual + AR(1),18.111558767319625,15.29
2025-10-08,Temperatura,Ciclo anual + AR(1),18.220306979511783,16.79
2025-10-09,Temperatura,Ciclo anual + AR(1),18.32905511484771,18.65
2025-10-10,Temperatura,Ciclo anual + AR(1),18.437798679921634,20.54
2025-10-11,Temperatura,Ciclo anual + AR(1),18.546533424631885,22.0
2025-10-12,Temperatura,Ciclo anual + AR(1),18.655255310382703,16.16
2025-10-13,Temperatura,Ciclo anual + AR(1),18.76396047797597,18.65
2025-10-14,Temperatura,Ciclo anual + AR(1),18.872645215242272,20.37
2025-10-15,Temperatura,Ciclo anual + AR(1),18.98130592446022,21.69
2025-10-16,Temperatura,Ciclo anual + AR(1),19.089939089613473,23.27
2025-10-17,Temperatura,Ciclo anual + AR(1),19.198541243535452,18.6
2025-10-18,Temperatura,Ciclo anual + AR(1),19.307108934991437,18.01
2025-10-19,Temperatura,Ciclo anual + AR(1),19.415638695747734,18.31
2025-10-20,Temperatura,Ciclo anual + AR(1),19.524127007678402,19.78
2025-10-21,Temperatura,Ciclo anual + AR(1),19.632570269958734,23.38
2025-10-22,Temperatura,Ciclo anual + AR(1),19.740964766395834,21.78
2025-10-23,Temperatura,Ciclo anual + AR(1),19.849306632945684,25.46
2025-10-24,Temperatura,Ciclo anual + AR(1),19.957591825465702,21.93
2025-10-25,Temperatura,Ciclo anual + AR(1),20.065816087752747,17.96
2025-10-26,Temperatura,Ciclo anual + AR(1),20.173974919914116,18.15
2025-10-27,Temperatura,Ciclo anual + AR(1),20.282063547120913,14.6
2025-10-28,Temperatura,Ciclo anual + AR(1),20.39007688879074,12.05
2025-10-29,Temperatura,Ciclo anual + AR(1),20.498009528247533,13.64
2025-10-30,Temperatura,Ciclo anual + AR(1),20.605855682905045,16.09
2025-10-31,Temperatura,Ciclo anual + AR(1),20.713609175019734,19.05
2025-11-01,Temperatura,Ciclo anual + AR(1),20.821263403058808,22.36
2025-11-02,Temperatura,Ciclo anual + AR(1),20.928811313727657,23.34
2025-11-03,Temperatura,Ciclo anual + AR(1),21.036245374700293,24.55
2025-11-04,Temperatura,Ciclo anual + AR(1),21.143557548095927,21.47
2025-11-05,Temperatura,Ciclo anual + AR(1),21.250739264743288,17.97
2025-11-06,Temperatura,Ciclo anual + AR(1),21.357781399273733,16.86
2025-11-07,Temperatura,Ciclo anual + AR(1),21.46467424608293,14.3
2025-11-08,Temperatura,Ciclo anual + AR(1),21.571407496199644,16.29
2025-11-09,Temperatura,Ciclo anual + AR(1),21.67797021510004,19.35
2025-11-10,Temperatura,Ciclo anual + AR(1),21.784350821502727,21.27
2025-11-11,Temperatura,Ciclo anual + AR(1),21.890537067180965,22.51
2025-11-12,Temperatura,Ciclo anual + AR(1),21.996516017824955,19.43
2025-11-13,Temperatura,Ciclo anual + AR(1),22.102274034987527,22.03
2025-11-14,Temperatura,Ciclo anual + AR(1),22.207796759144205,23.88
2025-11-15,Temperatura,Ciclo anual + AR(1),22.31306909389723,26.29
2025-11-16,Temperatura,Ciclo anual + AR(1),22.41807519135245,20.84
2025-11-17,Temperatura,Ciclo anual + AR(1),22.5227984386957,17.85
2025-11-18,Temperatura,Ciclo anual + AR(1),22.627221445993932,21.09
2025-11-19,Temperatura,Ciclo anual + AR(1),22.731326035245388,22.44
2025-11-20,Temperatura,Ciclo anual + AR(1),22.83509323070072,25.14
2025-11-21,Temperatura,Ciclo anual + AR(1),22.93850325047601,18.83
2025-11-22,Temperatura,Ciclo anual + AR(1),23.04153549947654,18.14
2025-11-23,Temperatura,Ciclo anual + AR(1),23.14416856364869,19.43
2025-11-24,Temperatura,Ciclo anual + AR(1),23.24638020557618,21.32
2025-11-25,Temperatura,Ciclo anual + AR(1),23.348147361433806,24.25
2025-11-26,Temperatura,Ciclo anual + AR(1),23.449446139311732,26.91
2025-11-27,Temperatura,Ciclo anual + AR(1),23.550251818920604,28.43
2025-11-28,Temperatura,Ciclo anual + AR(1),23.65053885268607,28.06
2025-11-29,Temperatura,Ciclo anual + AR(1),23.750280868240267,19.22
2025-11-30,Temperatura,Ciclo anual + AR(1),23.84945067231496,19.41
2025-12-01,Temperatura,Ciclo anual + AR(1),23.94802025604023,22.02
2025-12-02,Temperatura,Ciclo anual + AR(1),24.045960801650324,23.35
2025-12-03,Temperatura,Ciclo anual + AR(1),24.143242690596225,26.49
2025-12-04,Temperatura,Ciclo anual + AR(1),24.239835513063543,27.22
2025-12-05,Temperatura,Ciclo anual + AR(1),24.33570807889163,29.21
2025-12-06,Temperatura,Ciclo anual + AR(1),24.430828429888653,27.18
2025-12-07,Temperatura,Ciclo anual + AR(1),24.525163853535055,24.4
2025-12-08,Temperatura,Ciclo anual + AR(1),24.618680898066646,21.29
2025-12-09,Temperatura,Ciclo anual + AR(1),24.711345388926336,24.01
2025-12-10,Temperatura,Ciclo anual + AR(1),24.803122446571667,25.93
2025-12-11,Temperatura,Ciclo anual + AR(1),24.893976505624156,26.98
2025-12-12,Temperatura,Ciclo anual + AR(1),24.98387133534413,27.45
2025-12-13,Temperatura,Ciclo anual + AR(1),25.072770061413046,28.04
2025-12-14,Temperatura,Ciclo anual + AR(1),25.160635189004214,23.24
2025-12-15,Temperatura,Ciclo anual + AR(1),25.247428627120165,20.86
2025-12-16,Temperatura,Ciclo anual + AR(1),25.33311171417423,21.18
2025-12-17,Temperatura,Ciclo anual + AR(1),25.41764524479167,24.41
2025-12-18,Temperatura,Ciclo anual + AR(1),25.500989497803978,26.73
2025-12-19,Temperatura,Ciclo anual + AR(1),25.58310426540929,28.38
2025-12-20,Temperatura,Ciclo anual + AR(1),25.663948883468954,25.83
2025-12-21,Temperatura,Ciclo anual + AR(1),25.743482262910103,25.89
2025-12-22,Temperatura,Ciclo anual + AR(1),25.82166292220159,25.19
2025-12-23,Temperatura,Ciclo anual + AR(1),25.898449020869936,27.41
2025-12-24,Temperatura,Ciclo anual + AR(1),25.9737983940201,29.08
2025-12-25,Temperatura,Ciclo anual + AR(1),26.047668587824546,25.35
2025-12-26,Temperatura,Ciclo anual + AR(1),26.120016895943095,27.89
2025-12-27,Temperatura,Ciclo anual + AR(1),26.19080039683444,28.93
2025-12-28,Temperatura,Ciclo anual + AR(1),26.25997599191895,25.32
2025-12-29,Temperatura,Ciclo anual + AR(1),26.327500444551582,29.13
2025-12-30,Temperatura,Ciclo anual + AR(1),26.393330419762204,30.31
2025-12-31,Temperatura,Ciclo anual + AR(1),26.45742252471957,31.76
2025-01-01,Humedad,SARIMA punto 5,49.97752985329065,49.41
2025-01-02,Humedad,SARIMA punto 5,52.88384424966853,36.97
2025-01-03,Humedad,SARIMA punto 5,55.278342304082976,36.67
2025-01-04,Humedad,SARIMA punto 5,57.25115740617253,37.18
2025-01-05,Humedad,SARIMA punto 5,58.87655000979458,38.95
2025-01-06,Humedad,SARIMA punto 5,60.215702935535575,41.42
2025-01-07,Humedad,SARIMA punto 5,61.31902440662163,37.13
2025-01-08,Humedad,SARIMA punto 5,62.22804550881271,35.86
2025-01-09,Humedad,SARIMA punto 5,62.97698349822328,31.18
2025-01-10,Humedad,SARIMA punto 5,63.594029802902384,30.8
2025-01-11,Humedad,SARIMA punto 5,64.10241120096418,36.28
2025-01-12,Humedad,SARIMA punto 5,64.52126412000027,37.36
2025-01-13,Humedad,SARIMA punto 5,64.86635496804055,31.5
2025-01-14,Humedad,SARIMA punto 5,65.15067361066866,30.9
2025-01-15,Humedad,SARIMA punto 5,65.38492233388155,30.09
2025-01-16,Humedad,SARIMA punto 5,65.57791869817078,31.77
2025-01-17,Humedad,SARIMA punto 5,65.73692744800718,42.27
2025-01-18,Humedad,SARIMA punto 5,65.86793397042356,56.44
2025-01-19,Humedad,SARIMA punto 5,65.97586959618815,72.8
2025-01-20,Humedad,SARIMA punto 5,66.06479722432687,60.5
2025-01-21,Humedad,SARIMA punto 5,66.13806425724911,50.57
2025-01-22,Humedad,SARIMA punto 5,66.19842860324131,46.67
2025-01-23,Humedad,SARIMA punto 5,66.24816248929798,52.26
2025-01-24,Humedad,SARIMA punto 5,66.28913799199981,63.97
2025-01-25,Humedad,SARIMA punto 5,66.32289750598099,59.61
2025-01-26,Humedad,SARIMA punto 5,66.35071180255078,60.44
2025-01-27,Humedad,SARIMA punto 5,66.37362786390472,62.88
2025-01-28,Humedad,SARIMA punto 5,66.3925082934946,74.71
2025-01-29,Humedad,SARIMA punto 5,66.40806378603726,50.69
2025-01-30,Humedad,SARIMA punto 5,66.42087987939429,58.45
2025-01-31,Humedad,SARIMA punto 5,66.43143899531336,53.34
2025-02-01,Humedad,SARIMA punto 5,66.44013859868595,48.09
2025-02-02,Humedad,SARIMA punto 5,66.44730615887002,44.75
2025-02-03,Humedad,SARIMA punto 5,66.45321147624966,42.95
2025-02-04,Humedad,SARIMA punto 5,66.45807683802673,56.41
2025-02-05,Humedad,SARIMA punto 5,66.46208538552719,80.5
2025-02-06,Humedad,SARIMA punto 5,66.46538800798362,72.05
2025-02-07,Humedad,SARIMA punto 5,66.46810902228827,60.17
2025-02-08,Humedad,SARIMA punto 5,66.47035085251375,54.2
2025-02-09,Humedad,SARIMA punto 5,66.47219788534679,68.58
2025-02-10,Humedad,SARIMA punto 5,66.47371964656114,53.46
2025-02-11,Humedad,SARIMA punto 5,66.4749734180979,60.35
2025-02-12,Humedad,SARIMA punto 5,66.47600639426497,82.58
2025-02-13,Humedad,SARIMA punto 5,66.47685745821916,64.68
2025-02-14,Humedad,SARIMA punto 5,66.47755864560102,66.73
2025-02-15,Humedad,SARIMA punto 5,66.47813635041635,79.32
2025-02-16,Humedad,SARIMA punto 5,66.47861231855595,83.46
2025-02-17,Humedad,SARIMA punto 5,66.47900446635168,66.21
2025-02-18,Humedad,SARIMA punto 5,66.47932755498074,55.39
2025-02-19,Humedad,SARIMA punto 5,66.47959374610399,59.63
2025-02-20,Humedad,SARIMA punto 5,66.47981305965365,57.45
2025-02-21,Humedad,SARIMA punto 5,66.47999375100233,67.15
2025-02-22,Humedad,SARIMA punto 5,66.48014262171068,64.63
2025-02-23,Humedad,SARIMA punto 5,66.48026527555086,61.81
2025-02-24,Humedad,SARIMA punto 5,66.48036632944306,60.77
2025-02-25,Humedad,SARIMA punto 5,66.48044958724495,82.51
2025-02-26,Humedad,SARIMA punto 5,66.48051818293607,87.34
2025-02-27,Humedad,SARIMA punto 5,66.48057469858666,85.42
2025-02-28,Humedad,SARIMA punto 5,66.48062126155162,86.08
2025-03-01,Humedad,SARIMA punto 5,66.48065962454811,87.51
2025-03-02,Humedad,SARIMA punto 5,66.48069123163114,92.8
2025-03-03,Humedad,SARIMA punto 5,66.4807172725505,90.93
2025-03-04,Humedad,SARIMA punto 5,66.48073872753515,82.1
2025-03-05,Humedad,SARIMA punto 5,66.48075640419088,77.11
2025-03-06,Humedad,SARIMA punto 5,66.4807709679001,78.2
2025-03-07,Humedad,SARIMA punto 5,66.48078296686808,73.32
2025-03-08,Humedad,SARIMA punto 5,66.48079285275843,82.54
2025-03-09,Humedad,SARIMA punto 5,66.48080099769459,74.66
2025-03-10,Humedad,SARIMA punto 5,66.4808077082672,72.69
2025-03-11,Humedad,SARIMA punto 5,66.48081323707478,73.83
2025-03-12,Humedad,SARIMA punto 5,66.48081779223199,83.65
2025-03-13,Humedad,SARIMA punto 5,66.48082154520348,75.7
2025-03-14,Humedad,SARIMA punto 5,66.48082463725814,69.88
2025-03-15,Humedad,SARIMA punto 5,66.48082718478668,72.21
2025-03-16,Humedad,SARIMA punto 5,66.48082928368282,77.72
2025-03-17,Humedad,SARIMA punto 5,66.48083101295299,77.62
2025-03-18,Humedad,SARIMA punto 5,66.48083243769011,72.87
2025-03-19,Humedad,SARIMA punto 5,66.48083361152399,68.75
2025-03-20,Humedad,SARIMA punto 5,66.48083457863991,61.79
2025-03-21,Humedad,SARIMA punto 5,66.48083537544193,63.51
2025-03-22,Humedad,SARIMA punto 5,66.48083603192318,70.49
2025-03-23,Humedad,SARIMA punto 5,66.48083657279483,81.99
2025-03-24,Humedad,SARIMA punto 5,66.48083701841631,84.44
2025-03-25,Humedad,SARIMA punto 5,66.48083738556164,83.66
2025-03-26,Humedad,SARIMA punto 5,66.48083768805085,79.46
2025-03-27,Humedad,SARIMA punto 5,66.48083793727022,82.67
2025-03-28,Humedad,SARIMA punto 5,66.48083814260083,85.13
2025-03-29,Humedad,SARIMA punto 5,66.4808383117717,74.76
2025-03-30,Humedad,SARIMA punto 5,66.48083845115076,76.95
2025-03-31,Humedad,SARIMA punto 5,66.48083856598447,71.12
2025-04-01,Humedad,SARIMA punto 5,66.4808386605954,74.04
2025-04-02,Humedad,SARIMA punto 5,66.48083873854486,64.27
2025-04-03,Humedad,SARIMA punto 5,66.48083880276704,58.45
2025-04-04,Humedad,SARIMA punto 5,66.48083885567938,65.27
2025-04-05,Humedad,SARIMA punto 5,66.48083889927359,69.95
2025-04-06,Humedad,SARIMA punto 5,66.48083893519066,78.39
2025-04-07,Humedad,SARIMA punto 5,66.48083896478255,93.14
2025-04-08,Humedad,SARIMA punto 5,66.48083898916315,86.07
2025-04-09,Humedad,SARIMA punto 5,66.48083900925022,87.08
2025-04-10,Humedad,SARIMA punto 5,66.48083902579984,86.49
2025-04-11,Humedad,SARIMA punto 5,66.480839039435,81.76
2025-04-12,Humedad,SARIMA punto 5,66.48083905066895,80.28
2025-04-13,Humedad,SARIMA punto 5,66.48083905992453,67.01
2025-04-14,Humedad,SARIMA punto 5,66.48083906755016,72.73
2025-04-15,Humedad,SARIMA punto 5,66.4808390738329,78.94
2025-04-16,Humedad,SARIMA punto 5,66.4808390790092,80.83
2025-04-17,Humedad,SARIMA punto 5,66.48083908327393,79.95
2025-04-18,Humedad,SARIMA punto 5,66.48083908678763,81.82
2025-04-19,Humedad,SARIMA punto 5,66.48083908968253,69.84
2025-04-20,Humedad,SARIMA punto 5,66.48083909206764,83.45
2025-04-21,Humedad,SARIMA punto 5,66.48083909403272,75.52
2025-04-22,Humedad,SARIMA punto 5,66.48083909565173,74.49
2025-04-23,Humedad,SARIMA punto 5,66.48083909698562,76.25
2025-04-24,Humedad,SARIMA punto 5,66.4808390980846,83.32
2025-04-25,Humedad,SARIMA punto 5,66.48083909899006,81.56
2025-04-26,Humedad,SARIMA punto 5,66.48083909973606,63.52
2025-04-27,Humedad,SARIMA punto 5,66.48083910035069,63.2
2025-04-28,Humedad,SARIMA punto 5,66.48083910085708,64.96
2025-04-29,Humedad,SARIMA punto 5,66.48083910127428,68.31
2025-04-30,Humedad,SARIMA punto 5,66.48083910161802,69.47
2025-05-01,Humedad,SARIMA punto 5,66.48083910190122,68.7
2025-05-02,Humedad,SARIMA punto 5,66.48083910213455,70.01
2025-05-03,Humedad,SARIMA punto 5,66.4808391023268,76.72
2025-05-04,Humedad,SARIMA punto 5,66.48083910248519,77.67
2025-05-05,Humedad,SARIMA punto 5,66.48083910261568,87.99
2025-05-06,Humedad,SARIMA punto 5,66.4808391027232,85.75
2025-05-07,Humedad,SARIMA punto 5,66.48083910281177,81.09
2025-05-08,Humedad,SARIMA punto 5,66.48083910288474,82.05
2025-05-09,Humedad,SARIMA punto 5,66.48083910294487,73.54
2025-05-10,Humedad,SARIMA punto 5,66.48083910299441,69.1
2025-05-11,Humedad,SARIMA punto 5,66.48083910303522,75.05
2025-05-12,Humedad,SARIMA punto 5,66.48083910306886,73.52
2025-05-13,Humedad,SARIMA punto 5,66.48083910309657,77.14
2025-05-14,Humedad,SARIMA punto 5,66.4808391031194,79.1
2025-05-15,Humedad,SARIMA punto 5,66.48083910313821,82.79
2025-05-16,Humedad,SARIMA punto 5,66.4808391031537,87.49
2025-05-17,Humedad,SARIMA punto 5,66.48083910316646,81.53
2025-05-18,Humedad,SARIMA punto 5,66.48083910317698,67.31
2025-05-19,Humedad,SARIMA punto 5,66.48083910318564,78.67
2025-05-20,Humedad,SARIMA punto 5,66.48083910319278,67.87
2025-05-21,Humedad,SARIMA punto 5,66.48083910319866,73.37
2025-05-22,Humedad,SARIMA punto 5,66.48083910320351,80.02
2025-05-23,Humedad,SARIMA punto 5,66.4808391032075,77.51
2025-05-24,Humedad,SARIMA punto 5,66.4808391032108,84.34
2025-05-25,Humedad,SARIMA punto 5,66.4808391032135,90.37
2025-05-26,Humedad,SARIMA punto 5,66.48083910321573,92.42
2025-05-27,Humedad,SARIMA punto 5,66.48083910321756,78.82
2025-05-28,Humedad,SARIMA punto 5,66.48083910321907,71.67
2025-05-29,Humedad,SARIMA punto 5,66.48083910322032,67.18
2025-05-30,Humedad,SARIMA punto 5,66.48083910322134,73.19
2025-05-31,Humedad,SARIMA punto 5,66.4808391032222,72.16
2025-06-01,Humedad,SARIMA punto 5,66.4808391032229,69.32
2025-06-02,Humedad,SARIMA punto 5,66.48083910322347,85.99
2025-06-03,Humedad,SARIMA punto 5,66.48083910322396,90.71
2025-06-04,Humedad,SARIMA punto 5,66.48083910322435,88.55
2025-06-05,Humedad,SARIMA punto 5,66.48083910322467,72.01
2025-06-06,Humedad,SARIMA punto 5,66.48083910322492,78.24
2025-06-07,Humedad,SARIMA punto 5,66.48083910322515,85.56
2025-06-08,Humedad,SARIMA punto 5,66.48083910322532,85.55
2025-06-09,Humedad,SARIMA punto 5,66.48083910322546,87.44
2025-06-10,Humedad,SARIMA punto 5,66.48083910322559,83.47
2025-06-11,Humedad,SARIMA punto 5,66.48083910322569,79.79
2025-06-12,Humedad,SARIMA punto 5,66.48083910322578,79.02
2025-06-13,Humedad,SARIMA punto 5,66.48083910322585,89.21
2025-06-14,Humedad,SARIMA punto 5,66.4808391032259,87.33
2025-06-15,Humedad,SARIMA punto 5,66.48083910322595,78.43
2025-06-16,Humedad,SARIMA punto 5,66.48083910322599,89.65
2025-06-17,Humedad,SARIMA punto 5,66.48083910322603,89.42
2025-06-18,Humedad,SARIMA punto 5,66.48083910322606,82.73
2025-06-19,Humedad,SARIMA punto 5,66.48083910322609,76.7
2025-06-20,Humedad,SARIMA punto 5,66.4808391032261,76.75
2025-06-21,Humedad,SARIMA punto 5,66.48083910322612,87.16
2025-06-22,Humedad,SARIMA punto 5,66.48083910322612,77.61
2025-06-23,Humedad,SARIMA punto 5,66.48083910322612,64.78
2025-06-24,Humedad,SARIMA punto 5,66.48083910322612,65.54
2025-06-25,Humedad,SARIMA punto 5,66.48083910322612,75.99
2025-06-26,Humedad,SARIMA punto 5,66.48083910322612,58.26
2025-06-27,Humedad,SARIMA punto 5,66.48083910322612,61.09
2025-06-28,Humedad,SARIMA punto 5,66.48083910322612,78.05
2025-06-29,Humedad,SARIMA punto 5,66.48083910322612,73.06
2025-06-30,Humedad,SARIMA punto 5,66.48083910322612,74.83
2025-07-01,Humedad,SARIMA punto 5,66.48083910322612,57.9
2025-07-02,Humedad,SARIMA punto 5,66.48083910322612,70.53
2025-07-03,Humedad,SARIMA punto 5,66.48083910322612,79.52
2025-07-04,Humedad,SARIMA punto 5,66.48083910322612,88.18
2025-07-05,Humedad,SARIMA punto 5,66.48083910322612,84.84
2025-07-06,Humedad,SARIMA punto 5,66.48083910322612,88.02
2025-07-07,Humedad,SARIMA punto 5,66.48083910322612,85.83
2025-07-08,Humedad,SARIMA punto 5,66.48083910322612,86.37
2025-07-09,Humedad,SARIMA punto 5,66.48083910322612,83.66
2025-07-10,Humedad,SARIMA punto 5,66.48083910322612,88.32
2025-07-11,Humedad,SARIMA punto 5,66.48083910322612,87.28
2025-07-12,Humedad,SARIMA punto 5,66.48083910322612,81.29
2025-07-13,Humedad,SARIMA punto 5,66.48083910322612,82.67
2025-07-14,Humedad,SARIMA punto 5,66.48083910322612,88.76
2025-07-15,Humedad,SARIMA punto 5,66.48083910322612,87.14
2025-07-16,Humedad,SARIMA punto 5,66.48083910322612,78.54
2025-07-17,Humedad,SARIMA punto 5,66.48083910322612,65.35
2025-07-18,Humedad,SARIMA punto 5,66.48083910322612,64.96
2025-07-19,Humedad,SARIMA punto 5,66.48083910322612,77.19
2025-07-20,Humedad,SARIMA punto 5,66.48083910322612,81.51
2025-07-21,Humedad,SARIMA punto 5,66.48083910322612,81.09
2025-07-22,Humedad,SARIMA punto 5,66.48083910322612,81.21
2025-07-23,Humedad,SARIMA punto 5,66.48083910322612,77.26
2025-07-24,Humedad,SARIMA punto 5,66.48083910322612,82.43
2025-07-25,Humedad,SARIMA punto 5,66.48083910322612,88.89
2025-07-26,Humedad,SARIMA punto 5,66.48083910322612,84.99
2025-07-27,Humedad,SARIMA punto 5,66.48083910322612,91.52
2025-07-28,Humedad,SARIMA punto 5,66.48083910322612,81.56
2025-07-29,Humedad,SARIMA punto 5,66.48083910322612,83.28
2025-07-30,Humedad,SARIMA punto 5,66.48083910322612,77.73
2025-07-31,Humedad,SARIMA punto 5,66.48083910322612,80.67
2025-08-01,Humedad,SARIMA punto 5,66.48083910322612,90.93
2025-08-02,Humedad,SARIMA punto 5,66.48083910322612,81.74
2025-08-03,Humedad,SARIMA punto 5,66.48083910322612,67.45
2025-08-04,Humedad,SARIMA punto 5,66.48083910322612,63.89
2025-08-05,Humedad,SARIMA punto 5,66.48083910322612,72.43
2025-08-06,Humedad,SARIMA punto 5,66.48083910322612,71.09
2025-08-07,Humedad,SARIMA punto 5,66.48083910322612,76.75
2025-08-08,Humedad,SARIMA punto 5,66.48083910322612,76.87
2025-08-09,Humedad,SARIMA punto 5,66.48083910322612,70.83
2025-08-10,Humedad,SARIMA punto 5,66.48083910322612,71.7
2025-08-11,Humedad,SARIMA punto 5,66.48083910322612,74.01
2025-08-12,Humedad,SARIMA punto 5,66.48083910322612,72.95
2025-08-13,Humedad,SARIMA punto 5,66.48083910322612,77.98
2025-08-14,Humedad,SARIMA punto 5,66.48083910322612,79.89
2025-08-15,Humedad,SARIMA punto 5,66.48083910322612,76.84
2025-08-16,Humedad,SARIMA punto 5,66.48083910322612,82.51
2025-08-17,Humedad,SARIMA punto 5,66.48083910322612,83.34
2025-08-18,Humedad,SARIMA punto 5,66.48083910322612,87.71
2025-08-19,Humedad,SARIMA punto 5,66.48083910322612,95.63
2025-08-20,Humedad,SARIMA punto 5,66.48083910322612,74.09
2025-08-21,Humedad,SARIMA punto 5,66.48083910322612,74.35
2025-08-22,Humedad,SARIMA punto 5,66.48083910322612,73.27
2025-08-23,Humedad,SARIMA punto 5,66.48083910322612,61.66
2025-08-24,Humedad,SARIMA punto 5,66.48083910322612,60.51
2025-08-25,Humedad,SARIMA punto 5,66.48083910322612,72.38
2025-08-26,Humedad,SARIMA punto 5,66.48083910322612,76.14
2025-08-27,Humedad,SARIMA punto 5,66.48083910322612,77.34
2025-08-28,Humedad,SARIMA punto 5,66.48083910322612,79.22
2025-08-29,Humedad,SARIMA punto 5,66.48083910322612,80.97
2025-08-30,Humedad,SARIMA punto 5,66.48083910322612,89.61
2025-08-31,Humedad,SARIMA punto 5,66.48083910322612,88.04
2025-09-01,Humedad,SARIMA punto 5,66.48083910322612,74.29
2025-09-02,Humedad,SARIMA punto 5,66.48083910322612,76.52
2025-09-03,Humedad,SARIMA punto 5,66.48083910322612,76.01
2025-09-04,Humedad,SARIMA punto 5,66.48083910322612,63.67
2025-09-05,Humedad,SARIMA punto 5,66.48083910322612,61.38
2025-09-06,Humedad,SARIMA punto 5,66.48083910322612,63.88
2025-09-07,Humedad,SARIMA punto 5,66.48083910322612,71.75
2025-09-08,Humedad,SARIMA punto 5,66.48083910322612,76.61
2025-09-09,Humedad,SARIMA punto 5,66.48083910322612,73.2
2025-09-10,Humedad,SARIMA punto 5,66.48083910322612,77.25
2025-09-11,Humedad,SARIMA punto 5,66.48083910322612,66.38
2025-09-12,Humedad,SARIMA punto 5,66.48083910322612,69.49
2025-09-13,Humedad,SARIMA punto 5,66.48083910322612,73.36
2025-09-14,Humedad,SARIMA punto 5,66.48083910322612,76.12
2025-09-15,Humedad,SARIMA punto 5,66.48083910322612,85.14
2025-09-16,Humedad,SARIMA punto 5,66.48083910322612,79.77
2025-09-17,Humedad,SARIMA punto 5,66.48083910322612,77.67
2025-09-18,Humedad,SARIMA punto 5,66.48083910322612,87.52
2025-09-19,Humedad,SARIMA punto 5,66.48083910322612,87.73
2025-09-20,Humedad,SARIMA punto 5,66.48083910322612,91.14
2025-09-21,Humedad,SARIMA punto 5,66.48083910322612,73.86
2025-09-22,Humedad,SARIMA punto 5,66.48083910322612,68.27
2025-09-23,Humedad,SARIMA punto 5,66.48083910322612,61.15
2025-09-24,Humedad,SARIMA punto 5,66.48083910322612,74.68
2025-09-25,Humedad,SARIMA punto 5,66.48083910322612,68.52
2025-09-26,Humedad,SARIMA punto 5,66.48083910322612,69.87
2025-09-27,Humedad,SARIMA punto 5,66.48083910322612,76.35
2025-09-28,Humedad,SARIMA punto 5,66.48083910322612,67.06
2025-09-29,Humedad,SARIMA punto 5,66.48083910322612,67.15
2025-09-30,Humedad,SARIMA punto 5,66.48083910322612,68.25
2025-10-01,Humedad,SARIMA punto 5,66.48083910322612,68.38
2025-10-02,Humedad,SARIMA punto 5,66.48083910322612,69.46
2025-10-03,Humedad,SARIMA punto 5,66.48083910322612,75.52
2025-10-04,Humedad,SARIMA punto 5,66.48083910322612,75.85
2025-10-05,Humedad,SARIMA punto 5,66.48083910322612,72.12
2025-10-06,Humedad,SARIMA punto 5,66.48083910322612,63.62
2025-10-07,Humedad,SARIMA punto 5,66.48083910322612,54.99
2025-10-08,Humedad,SARIMA punto 5,66.48083910322612,62.54
2025-10-09,Humedad,SARIMA punto 5,66.48083910322612,62.06
2025-10-10,Humedad,SARIMA punto 5,66.48083910322612,62.56
2025-10-11,Humedad,SARIMA punto 5,66.48083910322612,67.66
2025-10-12,Humedad,SARIMA punto 5,66.48083910322612,62.04
2025-10-13,Humedad,SARIMA punto 5,66.48083910322612,53.6
2025-10-14,Humedad,SARIMA punto 5,66.48083910322612,52.63
2025-10-15,Humedad,SARIMA punto 5,66.48083910322612,58.29
2025-10-16,Humedad,SARIMA punto 5,66.48083910322612,63.0
2025-10-17,Humedad,SARIMA punto 5,66.48083910322612,75.27
2025-10-18,Humedad,SARIMA punto 5,66.48083910322612,60.19
2025-10-19,Humedad,SARIMA punto 5,66.48083910322612,48.83
2025-10-20,Humedad,SARIMA punto 5,66.48083910322612,51.6
2025-10-21,Humedad,SARIMA punto 5,66.48083910322612,57.45
2025-10-22,Humedad,SARIMA punto 5,66.48083910322612,66.23
2025-10-23,Humedad,SARIMA punto 5,66.48083910322612,58.88
2025-10-24,Humedad,SARIMA punto 5,66.48083910322612,77.38
2025-10-25,Humedad,SARIMA punto 5,66.48083910322612,61.54
2025-10-26,Humedad,SARIMA punto 5,66.48083910322612,52.26
2025-10-27,Humedad,SARIMA punto 5,66.48083910322612,61.34
2025-10-28,Humedad,SARIMA punto 5,66.48083910322612,66.02
2025-10-29,Humedad,SARIMA punto 5,66.48083910322612,60.42
2025-10-30,Humedad,SARIMA punto 5,66.48083910322612,65.17
2025-10-31,Humedad,SARIMA punto 5,66.48083910322612,58.4
2025-11-01,Humedad,SARIMA punto 5,66.48083910322612,59.32
2025-11-02,Humedad,SARIMA punto 5,66.48083910322612,61.88
2025-11-03,Humedad,SARIMA punto 5,66.48083910322612,58.63
2025-11-04,Humedad,SARIMA punto 5,66.48083910322612,73.84
2025-11-05,Humedad,SARIMA punto 5,66.48083910322612,64.35
2025-11-06,Humedad,SARIMA punto 5,66.48083910322612,55.28
2025-11-07,Humedad,SARIMA punto 5,66.48083910322612,79.08
2025-11-08,Humedad,SARIMA punto 5,66.48083910322612,72.76
2025-11-09,Humedad,SARIMA punto 5,66.48083910322612,65.32
2025-11-10,Humedad,SARIMA punto 5,66.48083910322612,61.94
2025-11-11,Humedad,SARIMA punto 5,66.48083910322612,67.5
2025-11-12,Humedad,SARIMA punto 5,66.48083910322612,59.07
2025-11-13,Humedad,SARIMA punto 5,66.48083910322612,50.68
2025-11-14,Humedad,SARIMA punto 5,66.48083910322612,55.16
2025-11-15,Humedad,SARIMA punto 5,66.48083910322612,57.07
2025-11-16,Humedad,SARIMA punto 5,66.48083910322612,70.19
2025-11-17,Humedad,SARIMA punto 5,66.48083910322612,57.65
2025-11-18,Humedad,SARIMA punto 5,66.48083910322612,57.85
2025-11-19,Humedad,SARIMA punto 5,66.48083910322612,61.04
2025-11-20,Humedad,SARIMA punto 5,66.48083910322612,61.54
2025-11-21,Humedad,SARIMA punto 5,66.48083910322612,70.75
2025-11-22,Humedad,SARIMA punto 5,66.48083910322612,66.86
2025-11-23,Humedad,SARIMA punto 5,66.48083910322612,58.21
2025-11-24,Humedad,SARIMA punto 5,66.48083910322612,53.68
2025-11-25,Humedad,SARIMA punto 5,66.48083910322612,52.91
2025-11-26,Humedad,SARIMA punto 5,66.48083910322612,53.38
2025-11-27,Humedad,SARIMA punto 5,66.48083910322612,52.34
2025-11-28,Humedad,SARIMA punto 5,66.48083910322612,54.82
2025-11-29,Humedad,SARIMA punto 5,66.48083910322612,80.88
2025-11-30,Humedad,SARIMA punto 5,66.48083910322612,84.09
2025-12-01,Humedad,SARIMA punto 5,66.48083910322612,71.49
2025-12-02,Humedad,SARIMA punto 5,66.48083910322612,60.15
2025-12-03,Humedad,SARIMA punto 5,66.48083910322612,51.9
2025-12-04,Humedad,SARIMA punto 5,66.48083910322612,49.13
2025-12-05,Humedad,SARIMA punto 5,66.48083910322612,51.18
2025-12-06,Humedad,SARIMA punto 5,66.48083910322612,53.41
2025-12-07,Humedad,SARIMA punto 5,66.48083910322612,46.59
2025-12-08,Humedad,SARIMA punto 5,66.48083910322612,57.55
2025-12-09,Humedad,SARIMA punto 5,66.48083910322612,59.55
2025-12-10,Humedad,SARIMA punto 5,66.48083910322612,61.71
2025-12-11,Humedad,SARIMA punto 5,66.48083910322612,52.15
2025-12-12,Humedad,SARIMA punto 5,66.48083910322612,47.53
2025-12-13,Humedad,SARIMA punto 5,66.48083910322612,50.94
2025-12-14,Humedad,SARIMA punto 5,66.48083910322612,75.59
2025-12-15,Humedad,SARIMA punto 5,66.48083910322612,61.75
2025-12-16,Humedad,SARIMA punto 5,66.48083910322612,53.93
2025-12-17,Humedad,SARIMA punto 5,66.48083910322612,53.31
2025-12-18,Humedad,SARIMA punto 5,66.48083910322612,53.54
2025-12-19,Humedad,SARIMA punto 5,66.48083910322612,51.03
2025-12-20,Humedad,SARIMA punto 5,66.48083910322612,80.31
2025-12-21,Humedad,SARIMA punto 5,66.48083910322612,81.92
2025-12-22,Humedad,SARIMA punto 5,66.48083910322612,72.21
2025-12-23,Humedad,SARIMA punto 5,66.48083910322612,63.09
2025-12-24,Humedad,SARIMA punto 5,66.48083910322612,58.8
2025-12-25,Humedad,SARIMA punto 5,66.48083910322612,59.75
2025-12-26,Humedad,SARIMA punto 5,66.48083910322612,43.9
2025-12-27,Humedad,SARIMA punto 5,66.48083910322612,54.23
2025-12-28,Humedad,SARIMA punto 5,66.48083910322612,50.73
2025-12-29,Humedad,SARIMA punto 5,66.48083910322612,48.66
2025-12-30,Humedad,SARIMA punto 5,66.48083910322612,51.49
2025-12-31,Humedad,SARIMA punto 5,66.48083910322612,47.43
2025-01-01,Humedad,Ciclo anual + AR(1),48.76543778044652,49.41
2025-01-02,Humedad,Ciclo anual + AR(1),50.38952176888081,36.97
2025-01-03,Humedad,Ciclo anual + AR(1),51.524755180309,36.67
2025-01-04,Humedad,Ciclo anual + AR(1),52.31473602574685,37.18
2025-01-05,Humedad,Ciclo anual + AR(1),52.86130176206653,38.95
2025-01-06,Humedad,Ciclo anual + AR(1),53.23668366180939,41.42
2025-01-07,Humedad,Ciclo anual + AR(1),53.492123406541054,37.13
2025-01-08,Humedad,Ciclo anual + AR(1),53.66398163235789,35.86
2025-01-09,Humedad,Ciclo anual + AR(1),53.77806843678505,31.18
2025-01-10,Humedad,Ciclo anual + AR(1),53.85271337518292,30.8
2025-01-11,Humedad,Ciclo anual + AR(1),53.90094183977397,36.28
2025-01-12,Humedad,Ciclo anual + AR(1),53.93201792419082,37.36
2025-01-13,Humedad,Ciclo anual + AR(1),53.952538169277666,31.5
2025-01-14,Humedad,Ciclo anual + AR(1),53.96720691452342,30.9
2025-01-15,Humedad,Ciclo anual + AR(1),53.97938593007892,30.09
2025-01-16,Humedad,Ciclo anual + AR(1),53.99148402979336,31.77
2025-01-17,Humedad,Ciclo anual + AR(1),54.00523324256419,42.27
2025-01-18,Humedad,Ciclo anual + AR(1),54.02188456225505,56.44
2025-01-19,Humedad,Ciclo anual + AR(1),54.04234668539641,72.8
2025-01-20,Humedad,Ciclo anual + AR(1),54.067284332291436,60.5
2025-01-21,Humedad,Ciclo anual + AR(1),54.09718791676529,50.57
2025-01-22,Humedad,Ciclo anual + AR(1),54.13242290537231,46.67
2025-01-23,Humedad,Ciclo anual + AR(1),54.173264779184905,52.26
2025-01-24,Humedad,Ciclo anual + AR(1),54.21992379021572,63.97
2025-01-25,Humedad,Ciclo anual + AR(1),54.27256248439585,59.61
2025-01-26,Humedad,Ciclo anual + AR(1),54.33130809804157,60.44
2025-01-27,Humedad,Ciclo anual + AR(1),54.39626132151779,62.88
2025-01-28,Humedad,Ciclo anual + AR(1),54.46750248907112,74.71
2025-01-29,Humedad,Ciclo anual + AR(1),54.54509594560367,50.69
2025-01-30,Humedad,Ciclo anual + AR(1),54.629093122663726,58.45
2025-01-31,Humedad,Ciclo anual + AR(1),54.719534701027676,53.34
2025-02-01,Humedad,Ciclo anual + AR(1),54.81645212743169,48.09
2025-02-02,Humedad,Ciclo anual + AR(1),54.919868675157076,44.75
2025-02-03,Humedad,Ciclo anual + AR(1),55.02980018297747,42.95
2025-02-04,Humedad,Ciclo anual + AR(1),55.14625556784415,56.41
2025-02-05,Humedad,Ciclo anual + AR(1),55.26923717894163,80.5
2025-02-06,Humedad,Ciclo anual + AR(1),55.39874104107488,72.05
2025-02-07,Humedad,Ciclo anual + AR(1),55.53475702140243,60.17
2025-02-08,Humedad,Ciclo anual + AR(1),55.67726894363969,54.2
2025-02-09,Humedad,Ciclo anual + AR(1),55.82625466684344,68.58
2025-02-10,Humedad,Ciclo anual + AR(1),55.98168614091433,53.46
2025-02-11,Humedad,Ciclo anual + AR(1),56.14352944742641,60.35
2025-02-12,Humedad,Ciclo anual + AR(1),56.31174483188808,82.58
2025-02-13,Humedad,Ciclo anual + AR(1),56.486286731763,64.68
2025-02-14,Humedad,Ciclo anual + AR(1),56.66710380331691,66.73
2025-02-15,Humedad,Ciclo anual + AR(1),56.85413894946008,79.32
2025-02-16,Humedad,Ciclo anual + AR(1),57.0473293501167,83.46
2025-02-17,Humedad,Ciclo anual + AR(1),57.24660649619895,66.21
2025-02-18,Humedad,Ciclo anual + AR(1),57.451896227938605,55.39
2025-02-19,Humedad,Ciclo anual + AR(1),57.66311877809774,59.63
2025-02-20,Humedad,Ciclo anual + AR(1),57.880188820413245,57.45
2025-02-21,Humedad,Ciclo anual + AR(1),58.103015523509455,67.15
2025-02-22,Humedad,Ciclo anual + AR(1),58.33150261042736,64.63
2025-02-23,Humedad,Ciclo anual + AR(1),58.56554842385292,61.81
2025-02-24,Humedad,Ciclo anual + AR(1),58.80504599708187,60.77
2025-02-25,Humedad,Ciclo anual + AR(1),59.04988313072102,82.51
2025-02-26,Humedad,Ciclo anual + AR(1),59.29994247510113,87.34
2025-02-27,Humedad,Ciclo anual + AR(1),59.555101618352765,85.42
2025-02-28,Humedad,Ciclo anual + AR(1),59.815233180081925,86.08
2025-03-01,Humedad,Ciclo anual + AR(1),60.08020491056681,87.51
2025-03-02,Humedad,Ciclo anual + AR(1),60.34987979538704,92.8
2025-03-03,Humedad,Ciclo anual + AR(1),60.62411616538472,90.93
2025-03-04,Humedad,Ciclo anual + AR(1),60.90276781184977,82.1
2025-03-05,Humedad,Ciclo anual + AR(1),61.18568410681296,77.11
2025-03-06,Humedad,Ciclo anual + AR(1),61.47271012832293,78.2
2025-03-07,Humedad,Ciclo anual + AR(1),61.76368679057718,73.32
2025-03-08,Humedad,Ciclo anual + AR(1),62.05845097876974,82.54
2025-03-09,Humedad,Ciclo anual + AR(1),62.356835688514,74.66
2025-03-10,Humedad,Ciclo anual + AR(1),62.65867016969099,72.69
2025-03-11,Humedad,Ciclo anual + AR(1),62.96378007457031,73.83
2025-03-12,Humedad,Ciclo anual + AR(1),63.271987610044334,83.65
2025-03-13,Humedad,Ciclo anual + AR(1),63.58311169381223,75.7
2025-03-14,Humedad,Ciclo anual + AR(1),63.896968114344574,69.88
2025-03-15,Humedad,Ciclo anual + AR(1),64.21336969445589,72.21
2025-03-16,Humedad,Ciclo anual + AR(1),64.53212645830781,77.72
2025-03-17,Humedad,Ciclo anual + AR(1),64.85304580166103,77.62
2025-03-18,Humedad,Ciclo anual + AR(1),65.17593266519104,72.87
2025-03-19,Humedad,Ciclo anual + AR(1),65.50058971067854,68.75
2025-03-20,Humedad,Ciclo anual + AR(1),65.82681749988252,61.79
2025-03-21,Humedad,Ciclo anual + AR(1),66.15441467590007,63.51
2025-03-22,Humedad,Ciclo anual + AR(1),66.48317814681475,70.49
2025-03-23,Humedad,Ciclo anual + AR(1),66.81290327143206,81.99
2025-03-24,Humedad,Ciclo anual + AR(1),67.14338404689906,84.44
2025-03-25,Humedad,Ciclo anual + AR(1),67.47441329800125,83.66
2025-03-26,Humedad,Ciclo anual + AR(1),67.80578286792937,79.46
2025-03-27,Humedad,Ciclo anual + AR(1),68.13728381030658,82.67
2025-03-28,Humedad,Ciclo anual + AR(1),68.46870658226443,85.13
2025-03-29,Humedad,Ciclo anual + AR(1),68.79984123835534,74.76
2025-03-30,Humedad,Ciclo anual + AR(1),69.13047762508798,76.95
2025-03-31,Humedad,Ciclo anual + AR(1),69.46040557587165,71.12
2025-04-01,Humedad,Ciclo anual + AR(1),69.78941510615421,74.04
2025-04-02,Humedad,Ciclo anual + AR(1),70.11729660853908,64.27
2025-04-03,Humedad,Ciclo anual + AR(1),70.44384104766561,58.45
2025-04-04,Humedad,Ciclo anual + AR(1),70.76884015463864,65.27
2025-04-05,Humedad,Ciclo anual + AR(1),71.09208662079187,69.95
2025-04-06,Humedad,Ciclo anual + AR(1),71.41337429057211,78.39
2025-04-07,Humedad,Ciclo anual + AR(1),71.73249835333142,93.14
2025-04-08,Humedad,Ciclo anual + AR(1),72.04925553381534,86.07
2025-04-09,Humedad,Ciclo anual + AR(1),72.36344428113736,87.08
2025-04-10,Humedad,Ciclo anual + AR(1),72.67486495603104,86.49
2025-04-11,Humedad,Ciclo anual + AR(1),72.98332001617382,81.76
2025-04-12,Humedad,Ciclo anual + AR(1),73.28861419937759,80.28
2025-04-13,Humedad,Ciclo anual + AR(1),73.59055470444444,67.01
2025-04-14,Humedad,Ciclo anual + AR(1),73.88895136948888,72.73
2025-04-15,Humedad,Ciclo anual + AR(1),74.18361684752932,78.94
2025-04-16,Humedad,Ciclo anual + AR(1),74.4743667791565,80.83
2025-04-17,Humedad,Ciclo anual + AR(1),74.76101996208808,79.95
2025-04-18,Humedad,Ciclo anual + AR(1),75.04339851742463,81.82
2025-04-19,Humedad,Ciclo anual + AR(1),75.32132805242243,69.84
2025-04-20,Humedad,Ciclo anual + AR(1),75.59463781960653,83.45
2025-04-21,Humedad,Ciclo anual + AR(1),75.8631608720482,75.52
2025-04-22,Humedad,Ciclo anual + AR(1),76.12673421463826,74.49
2025-04-23,Humedad,Ciclo anual + AR(1),76.38519895118964,76.25
2025-04-24,Humedad,Ciclo anual + AR(1),76.63840042720926,83.32
2025-04-25,Humedad,Ciclo anual + AR(1),76.88618836818398,81.56
2025-04-26,Humedad,Ciclo anual + AR(1),77.1284170132293,63.52
2025-04-27,Humedad,Ciclo anual + AR(1),77.36494524395664,63.2
2025-04-28,Humedad,Ciclo anual + AR(1),77.59563670841874,64.96
2025-04-29,Humedad,Ciclo anual + AR(1),77.82035994000015,68.31
2025-04-30,Humedad,Ciclo anual + AR(1),78.03898847112369,69.47
2025-05-01,Humedad,Ciclo anual + AR(1),78.25140094165161,68.7
2025-05-02,Humedad,Ciclo anual + AR(1),78.4574812018644,70.01
2025-05-03,Humedad,Ciclo anual + AR(1),78.6571184099086,76.72
2025-05-04,Humedad,Ciclo anual + AR(1),78.85020712360895,77.67
2025-05-05,Humedad,Ciclo anual + AR(1),79.03664738654845,87.99
2025-05-06,Humedad,Ciclo anual + AR(1),79.216344808326,85.75
2025-05-07,Humedad,Ciclo anual + AR(1),79.38921063890757,81.09
2025-05-08,Humedad,Ciclo anual + AR(1),79.5551618369941,82.05
2025-05-09,Humedad,Ciclo anual + AR(1),79.71412113233607,73.54
2025-05-10,Humedad,Ciclo anual + AR(1),79.8660170819317,69.1
2025-05-11,Humedad,Ciclo anual + AR(1),80.01078412005249,75.05
2025-05-12,Humedad,Ciclo anual + AR(1),80.14836260204734,73.52
2025-05-13,Humedad,Ciclo anual + AR(1),80.2786988418832,77.14
2025-05-14,Humedad,Ciclo anual + AR(1),80.40174514338784,79.1
2025-05-15,Humedad,Ciclo anual + AR(1),80.51745982516712,82.79
2025-05-16,Humedad,Ciclo anual + AR(1),80.62580723917652,87.49
2025-05-17,Humedad,Ciclo anual + AR(1),80.7267577829345,81.53
2025-05-18,Humedad,Ciclo anual + AR(1),80.82028790537149,67.31
2025-05-19,Humedad,Ciclo anual + AR(1),80.90638010631675,78.67
2025-05-20,Humedad,Ciclo anual + AR(1),80.98502292963177,67.87
2025-05-21,Humedad,Ciclo anual + AR(1),81.0562109500067,73.37
2025-05-22,Humedad,Ciclo anual + AR(1),81.1199447534432,80.02
2025-05-23,Humedad,Ciclo anual + AR(1),81.17623091145467,77.51
2025-05-24,Humedad,Ciclo anual + AR(1),81.2250819490215,84.34
2025-05-25,Humedad,Ciclo anual + AR(1),81.26651630634706,90.37
2025-05-26,Humedad,Ciclo anual + AR(1),81.30055829446576,92.42
2025-05-27,Humedad,Ciclo anual + AR(1),81.32723804476323,78.82
2025-05-28,Humedad,Ciclo anual + AR(1),81.34659145247431,71.67
2025-05-29,Humedad,Ciclo anual + AR(1),81.35866011423194,67.18
2025-05-30,Humedad,Ciclo anual + AR(1),81.36349125974692,73.19
2025-05-31,Humedad,Ciclo anual + AR(1),81.36113767770505,72.16
2025-06-01,Humedad,Ciclo anual + AR(1),81.35165763597445,69.32
2025-06-02,Humedad,Ciclo anual + AR(1),81.33511479622315,85.99
2025-06-03,Humedad,Ciclo anual + AR(1),81.31157812305223,90.71
2025-06-04,Humedad,Ciclo anual + AR(1),81.28112178775724,88.55
2025-06-05,Humedad,Ciclo anual + AR(1),81.24382506683574,72.01
2025-06-06,Humedad,Ciclo anual + AR(1),81.19977223536526,78.24
2025-06-07,Humedad,Ciclo anual + AR(1),81.14905245538179,85.56
2025-06-08,Humedad,Ciclo anual + AR(1),81.0917596593941,85.55
2025-06-09,Humedad,Ciclo anual + AR(1),81.02799242917546,87.44
2025-06-10,Humedad,Ciclo anual + AR(1),80.95785386997866,83.47
2025-06-11,Humedad,Ciclo anual + AR(1),80.88145148032652,79.79
2025-06-12,Humedad,Ciclo anual + AR(1),80.79889701753365,79.02
2025-06-13,Humedad,Ciclo anual + AR(1),80.71030635912157,89.21
2025-06-14,Humedad,Ciclo anual + AR(1),80.61579936029253,87.33
2025-06-15,Humedad,Ciclo anual + AR(1),80.51549970763259,78.43
2025-06-16,Humedad,Ciclo anual + AR(1),80.40953476921815,89.65
2025-06-17,Humedad,Ciclo anual + AR(1),80.29803544130479,89.42
2025-06-18,Humedad,Ciclo anual + AR(1),80.18113599178025,82.73
2025-06-19,Humedad,Ciclo anual + AR(1),80.05897390056747,76.7
2025-06-20,Humedad,Ciclo anual + AR(1),79.9316896971669,76.75
2025-06-21,Humedad,Ciclo anual + AR(1),79.79942679553001,87.16
2025-06-22,Humedad,Ciclo anual + AR(1),79.66233132645937,77.61
2025-06-23,Humedad,Ciclo anual + AR(1),79.5205519677328,64.78
2025-06-24,Humedad,Ciclo anual + AR(1),79.37423977215192,65.54
2025-06-25,Humedad,Ciclo anual + AR(1),79.22354799371732,75.99
2025-06-26,Humedad,Ciclo anual + AR(1),79.06863191213472,58.26
2025-06-27,Humedad,Ciclo anual + AR(1),78.90964865585778,61.09
2025-06-28,Humedad,Ciclo anual + AR(1),78.74675702387555,78.05
2025-06-29,Humedad,Ciclo anual + AR(1),78.58011730645272,73.06
2025-06-30,Humedad,Ciclo anual + AR(1),78.40989110503223,74.83
2025-07-01,Humedad,Ciclo anual + AR(1),78.23624115151097,57.9
2025-07-02,Humedad,Ciclo anual + AR(1),78.05933112709903,70.53
2025-07-03,Humedad,Ciclo anual + AR(1),77.8793254809736,79.52
2025-07-04,Humedad,Ciclo anual + AR(1),77.69638924893839,88.18
2025-07-05,Humedad,Ciclo anual + AR(1),77.5106878722994,84.84
2025-07-06,Humedad,Ciclo anual + AR(1),77.3223870171672,88.02
2025-07-07,Humedad,Ciclo anual + AR(1),77.13165239439509,85.83
2025-07-08,Humedad,Ciclo anual + AR(1),76.93864958036133,86.37
2025-07-09,Humedad,Ciclo anual + AR(1),76.74354383880289,83.66
2025-07-10,Humedad,Ciclo anual + AR(1),76.54649994390631,88.32
2025-07-11,Humedad,Ciclo anual + AR(1),76.34768200485884,87.28
2025-07-12,Humedad,Ciclo anual + AR(1),76.14725329206289,81.29
2025-07-13,Humedad,Ciclo anual + AR(1),75.94537606521232,82.67
2025-07-14,Humedad,Ciclo anual + AR(1),75.74221140342863,88.76
2025-07-15,Humedad,Ciclo anual + AR(1),75.5379190376507,87.14
2025-07-16,Humedad,Ciclo anual + AR(1),75.33265718547035,78.54
2025-07-17,Humedad,Ciclo anual + AR(1),75.12658238860182,65.35
2025-07-18,Humedad,Ciclo anual + AR(1),74.91984935317016,64.96
2025-07-19,Humedad,Ciclo anual + AR(1),74.71261079300018,77.19
2025-07-20,Humedad,Ciclo anual + AR(1),74.50501727608338,81.51
2025-07-21,Humedad,Ciclo anual + AR(1),74.29721707439701,81.09
2025-07-22,Humedad,Ciclo anual + AR(1),74.0893560172439,81.21
2025-07-23,Humedad,Ciclo anual + AR(1),73.8815773482791,77.26
2025-07-24,Humedad,Ciclo anual + AR(1),73.67402158638282,82.43
2025-07-25,Humedad,Ciclo anual + AR(1),73.46682639053627,88.89
2025-07-26,Humedad,Ciclo anual + AR(1),73.26012642885027,84.99
2025-07-27,Humedad,Ciclo anual + AR(1),73.05405325189254,91.52
2025-07-28,Humedad,Ciclo anual + AR(1),72.84873517045429,81.56
2025-07-29,Humedad,Ciclo anual + AR(1),72.64429713789012,83.28
2025-07-30,Humedad,Ciclo anual + AR(1),72.44086063716085,77.73
2025-07-31,Humedad,Ciclo anual + AR(1),72.23854357270278,80.67
2025-08-01,Humedad,Ciclo anual + AR(1),72.03746016724025,90.93
2025-08-02,Humedad,Ciclo anual + AR(1),71.83772086365346,81.74
2025-08-03,Humedad,Ciclo anual + AR(1),71.63943223200613,67.45
2025-08-04,Humedad,Ciclo anual + AR(1),71.44269688183272,63.89
2025-08-05,Humedad,Ciclo anual + AR(1),71.2476133797767,72.43
2025-08-06,Humedad,Ciclo anual + AR(1),71.05427617266626,71.09
2025-08-07,Humedad,Ciclo anual + AR(1),70.86277551610713,76.75
2025-08-08,Humedad,Ciclo anual + AR(1),70.67319740866404,76.87
2025-08-09,Humedad,Ciclo anual + AR(1),70.48562353169774,70.83
2025-08-10,Humedad,Ciclo anual + AR(1),70.30013119491575,71.7
2025-08-11,Humedad,Ciclo anual + AR(1),70.11679328768874,74.01
2025-08-12,Humedad,Ciclo anual + AR(1),69.9356782361782,72.95
2025-08-13,Humedad,Ciclo anual + AR(1),69.75684996631256,77.98
2025-08-14,Humedad,Ciclo anual + AR(1),69.58036787264257,79.89
2025-08-15,Humedad,Ciclo anual + AR(1),69.40628679310063,76.84
2025-08-16,Humedad,Ciclo anual + AR(1),69.23465698967911,82.51
2025-08-17,Humedad,Ciclo anual + AR(1),69.06552413503833,83.34
2025-08-18,Humedad,Ciclo anual + AR(1),68.89892930504556,87.71
2025-08-19,Humedad,Ciclo anual + AR(1),68.73490897724069,95.63
2025-08-20,Humedad,Ciclo anual + AR(1),68.57349503521604,74.09
2025-08-21,Humedad,Ciclo anual + AR(1),68.41471477889102,74.35
2025-08-22,Humedad,Ciclo anual + AR(1),68.25859094065586,73.27
2025-08-23,Humedad,Ciclo anual + AR(1),68.10514170735017,61.66
2025-08-24,Humedad,Ciclo anual + AR(1),67.95438074803631,60.51
2025-08-25,Humedad,Ciclo anual + AR(1),67.80631724752028,72.38
2025-08-26,Humedad,Ciclo anual + AR(1),67.66095594556502,76.14
2025-08-27,Humedad,Ciclo anual + AR(1),67.51829718173595,77.34
2025-08-28,Humedad,Ciclo anual + AR(1),67.37833694580954,79.22
2025-08-29,Humedad,Ciclo anual + AR(1),67.24106693367126,80.97
2025-08-30,Humedad,Ciclo anual + AR(1),67.10647460862124,89.61
2025-08-31,Humedad,Ciclo anual + AR(1),66.97454326799918,88.04
2025-09-01,Humedad,Ciclo anual + AR(1),66.84525211503578,74.29
2025-09-02,Humedad,Ciclo anual + AR(1),66.71857633582859,76.52
2025-09-03,Humedad,Ciclo anual + AR(1),66.5944871813372,76.01
2025-09-04,Humedad,Ciclo anual + AR(1),66.47295205428388,63.67
2025-09-05,Humedad,Ciclo anual + AR(1),66.35393460084194,61.38
2025-09-06,Humedad,Ciclo anual + AR(1),66.23739480698745,63.88
2025-09-07,Humedad,Ciclo anual + AR(1),66.12328909938428,71.75
2025-09-08,Humedad,Ciclo anual + AR(1),66.01157045066725,76.61
2025-09-09,Humedad,Ciclo anual + AR(1),65.90218848898326,73.2
2025-09-10,Humedad,Ciclo anual + AR(1),65.79508961164429,77.25
2025-09-11,Humedad,Ciclo anual + AR(1),65.69021710274205,66.38
2025-09-12,Humedad,Ciclo anual + AR(1),65.58751125456905,69.49
2025-09-13,Humedad,Ciclo anual + AR(1),65.48690949268612,73.36
2025-09-14,Humedad,Ciclo anual + AR(1),65.38834650447271,76.12
2025-09-15,Humedad,Ciclo anual + AR(1),65.29175437099083,85.14
2025-09-16,Humedad,Ciclo anual + AR(1),65.1970627019916,79.77
2025-09-17,Humedad,Ciclo anual + AR(1),65.10419877388719,77.67
2025-09-18,Humedad,Ciclo anual + AR(1),65.01308767050985,87.52
2025-09-19,Humedad,Ciclo anual + AR(1),64.92365242647436,87.73
2025-09-20,Humedad,Ciclo anual + AR(1),64.83581417295841,91.14
2025-09-21,Humedad,Ciclo anual + AR(1),64.7494922857123,73.86
2025-09-22,Humedad,Ciclo anual + AR(1),64.66460453510632,68.27
2025-09-23,Humedad,Ciclo anual + AR(1),64.58106723802224,61.15
2025-09-24,Humedad,Ciclo anual + AR(1),64.49879541139292,74.68
2025-09-25,Humedad,Ciclo anual + AR(1),64.41770292719218,68.52
2025-09-26,Humedad,Ciclo anual + AR(1),64.3377026686755,69.87
2025-09-27,Humedad,Ciclo anual + AR(1),64.25870668767033,76.35
2025-09-28,Humedad,Ciclo anual + AR(1),64.18062636271408,67.06
2025-09-29,Humedad,Ciclo anual + AR(1),64.10337255783647,67.15
2025-09-30,Humedad,Ciclo anual + AR(1),64.02685578178226,68.25
2025-10-01,Humedad,Ciclo anual + AR(1),63.9509863474704,68.38
2025-10-02,Humedad,Ciclo anual + AR(1),63.87567453148453,69.46
2025-10-03,Humedad,Ciclo anual + AR(1),63.80083073339057,75.52
2025-10-04,Humedad,Ciclo anual + AR(1),63.72636563467721,75.85
2025-10-05,Humedad,Ciclo anual + AR(1),63.65219035711511,72.12
2025-10-06,Humedad,Ciclo anual + AR(1),63.57821662033236,63.62
2025-10-07,Humedad,Ciclo anual + AR(1),63.5043568984037,54.99
2025-10-08,Humedad,Ciclo anual + AR(1),63.43052457525295,62.54
2025-10-09,Humedad,Ciclo anual + AR(1),63.35663409866963,62.06
2025-10-10,Humedad,Ciclo anual + AR(1),63.282601132741696,62.56
2025-10-11,Humedad,Ciclo anual + AR(1),63.20834270850934,67.66
2025-10-12,Humedad,Ciclo anual + AR(1),63.13377737264619,62.04
2025-10-13,Humedad,Ciclo anual + AR(1),63.05882533397724,53.6
2025-10-14,Humedad,Ciclo anual + AR(1),62.983408607644954,52.63
2025-10-15,Humedad,Ciclo anual + AR(1),62.90745115673849,58.29
2025-10-16,Humedad,Ciclo anual + AR(1),62.83087903120372,63.0
2025-10-17,Humedad,Ciclo anual + AR(1),62.75362050385508,75.27
2025-10-18,Humedad,Ciclo anual + AR(1),62.67560620331395,60.19
2025-10-19,Humedad,Ciclo anual + AR(1),62.596769243702184,48.83
2025-10-20,Humedad,Ciclo anual + AR(1),62.5170453509229,51.6
2025-10-21,Humedad,Ciclo anual + AR(1),62.436372985365416,57.45
2025-10-22,Humedad,Ciclo anual + AR(1),62.3546934608751,66.23
2025-10-23,Humedad,Ciclo anual + AR(1),62.271951059833675,58.88
2025-10-24,Humedad,Ciclo anual + AR(1),62.188093144200636,77.38
2025-10-25,Humedad,Ciclo anual + AR(1),62.10307026237024,61.54
2025-10-26,Humedad,Ciclo anual + AR(1),62.01683625170536,52.26
2025-10-27,Humedad,Ciclo anual + AR(1),61.92934833661301,61.34
2025-10-28,Humedad,Ciclo anual + AR(1),61.84056722203319,66.02
2025-10-29,Humedad,Ciclo anual + AR(1),61.750457182217296,60.42
2025-10-30,Humedad,Ciclo anual + AR(1),61.65898614467872,65.17
2025-10-31,Humedad,Ciclo anual + AR(1),61.56612576920405,58.4
2025-11-01,Humedad,Ciclo anual + AR(1),61.47185152181894,59.32
2025-11-02,Humedad,Ciclo anual + AR(1),61.376142743609236,61.88
2025-11-03,Humedad,Ciclo anual + AR(1),61.27898271430436,58.63
2025-11-04,Humedad,Ciclo anual + AR(1),61.18035871053577,73.84
2025-11-05,Humedad,Ciclo anual + AR(1),61.08026205869039,64.35
2025-11-06,Humedad,Ciclo anual + AR(1),60.97868818228508,55.28
2025-11-07,Humedad,Ciclo anual + AR(1),60.87563664379539,79.08
2025-11-08,Humedad,Ciclo anual + AR(1),60.771111180878115,72.76
2025-11-09,Humedad,Ciclo anual + AR(1),60.66511973693397,65.32
2025-11-10,Humedad,Ciclo anual + AR(1),60.557674485964526,61.94
2025-11-11,Humedad,Ciclo anual + AR(1),60.44879185168307,67.5
2025-11-12,Humedad,Ciclo anual + AR(1),60.338492520847545,59.07
2025-11-13,Humedad,Ciclo anual + AR(1),60.22680145078958,50.68
2025-11-14,Humedad,Ciclo anual + AR(1),60.11374787112137,55.16
2025-11-15,Humedad,Ciclo anual + AR(1),59.99936527960945,57.07
2025-11-16,Humedad,Ciclo anual + AR(1),59.88369143221074,70.19
2025-11-17,Humedad,Ciclo anual + AR(1),59.766768327274065,57.65
2025-11-18,Humedad,Ciclo anual + AR(1),59.64864218391762,57.85
2025-11-19,Humedad,Ciclo anual + AR(1),59.52936341459908,61.04
2025-11-20,Humedad,Ciclo anual + AR(1),59.4089865919032,61.54
2025-11-21,Humedad,Ciclo anual + AR(1),59.28757040957813,70.75
2025-11-22,Humedad,Ciclo anual + AR(1),59.16517763785916,66.86
2025-11-23,Humedad,Ciclo anual + AR(1),59.041875073125496,58.21
2025-11-24,Humedad,Ciclo anual + AR(1),58.91773348194198,53.68
2025-11-25,Humedad,Ciclo anual + AR(1),58.792827539546124,52.91
2025-11-26,Humedad,Ciclo anual + AR(1),58.66723576284579,53.38
2025-11-27,Humedad,Ciclo anual + AR(1),58.54104043800095,52.34
2025-11-28,Humedad,Ciclo anual + AR(1),58.4143275426692,54.82
2025-11-29,Humedad,Ciclo anual + AR(1),58.28718666300085,80.88
2025-11-30,Humedad,Ciclo anual + AR(1),58.15971090547686,84.09
2025-12-01,Humedad,Ciclo anual + AR(1),58.03199680368812,71.49
2025-12-02,Humedad,Ciclo anual + AR(1),57.9041442201617,60.15
2025-12-03,Humedad,Ciclo anual + AR(1),57.77625624334556,51.9
2025-12-04,Humedad,Ciclo anual + AR(1),57.64843907986887,49.13
2025-12-05,Humedad,Ciclo anual + AR(1),57.520801942201516,51.18
2025-12-06,Humedad,Ciclo anual + AR(1),57.393456931841506,53.41
2025-12-07,Humedad,Ciclo anual + AR(1),57.26651891816537,46.59
2025-12-08,Humedad,Ciclo anual + AR(1),57.14010541308085,57.55
2025-12-09,Humedad,Ciclo anual + AR(1),57.014336441627506,59.55
2025-12-10,Humedad,Ciclo anual + AR(1),56.88933440867567,61.71
2025-12-11,Humedad,Ciclo anual + AR(1),56.7652239618785,52.15
2025-12-12,Humedad,Ciclo anual + AR(1),56.64213185103718,47.53
2025-12-13,Humedad,Ciclo anual + AR(1),56.52018678404411,50.94
2025-12-14,Humedad,Ciclo anual + AR(1),56.39951927957195,75.59
2025-12-15,Humedad,Ciclo anual + AR(1),56.28026151668233,61.75
2025-12-16,Humedad,Ciclo anual + AR(1),56.16254718153033,53.93
2025-12-17,Humedad,Ciclo anual + AR(1),56.04651131134541,53.31
2025-12-18,Humedad,Ciclo anual + AR(1),55.93229013587328,53.54
2025-12-19,Humedad,Ciclo anual + AR(1),55.82002091646494,51.03
2025-12-20,Humedad,Ciclo anual + AR(1),55.70984178300454,80.31
2025-12-21,Humedad,Ciclo anual + AR(1),55.601891568868126,81.92
2025-12-22,Humedad,Ciclo anual + AR(1),55.496309644109814,72.21
2025-12-23,Humedad,Ciclo anual + AR(1),55.39323574707322,63.09
2025-12-24,Humedad,Ciclo anual + AR(1),55.29280981462839,58.8
2025-12-25,Humedad,Ciclo anual + AR(1),55.195171811236946,59.75
2025-12-26,Humedad,Ciclo anual + AR(1),55.100461557048625,43.9
2025-12-27,Humedad,Ciclo anual + AR(1),55.00881855523507,54.23
2025-12-28,Humedad,Ciclo anual + AR(1),54.9203818187672,50.73
2025-12-29,Humedad,Ciclo anual + AR(1),54.835289696843475,48.66
2025-12-30,Humedad,Ciclo anual + AR(1),54.75367970117721,51.49
2025-12-31,Humedad,Ciclo anual + AR(1),54.67568833235171,47.43
2025-01-01,Precipitación,SARIMA punto 5,1.8859820360480348,0.07
2025-01-02,Precipitación,SARIMA punto 5,2.2759052769899073,0.0
2025-01-03,Precipitación,SARIMA punto 5,2.4741188329752872,0.0
2025-01-04,Precipitación,SARIMA punto 5,2.574878699664604,0.0
2025-01-05,Precipitación,SARIMA punto 5,2.6260989640142216,0.0
2025-01-06,Precipitación,SARIMA punto 5,2.6521362699996898,0.0
2025-01-07,Precipitación,SARIMA punto 5,2.665372072500696,0.0
2025-01-08,Precipitación,SARIMA punto 5,2.6721003595186934,0.0
2025-01-09,Precipitación,SARIMA punto 5,2.6755206165218564,0.0
2025-01-10,Precipitación,SARIMA punto 5,2.677259269753563,0.0
2025-01-11,Precipitación,SARIMA punto 5,2.678143096628949,0.0
2025-01-12,Precipitación,SARIMA punto 5,2.678592381127668,0.0
2025-01-13,Precipitación,SARIMA punto 5,2.6788207703817304,0.0
2025-01-14,Precipitación,SARIMA punto 5,2.678936869760898,0.0
2025-01-15,Precipitación,SARIMA punto 5,2.6789958877120648,0.0
2025-01-16,Precipitación,SARIMA punto 5,2.6790258888936807,0.04
2025-01-17,Precipitación,SARIMA punto 5,2.6790411396924725,1.56
2025-01-18,Precipitación,SARIMA punto 5,2.6790488922825793,4.02
2025-01-19,Precipitación,SARIMA punto 5,2.679052833233751,7.67
2025-01-20,Precipitación,SARIMA punto 5,2.679054836576624,0.07
2025-01-21,Precipitación,SARIMA punto 5,2.6790558549558146,0.0
2025-01-22,Precipitación,SARIMA punto 5,2.679056372638629,0.0
2025-01-23,Precipitación,SARIMA punto 5,2.6790566357974788,0.31
2025-01-24,Precipitación,SARIMA punto 5,2.679056769571632,19.54
2025-01-25,Precipitación,SARIMA punto 5,2.679056837574376,0.91
2025-01-26,Precipitación,SARIMA punto 5,2.679056872142887,2.22
2025-01-27,Precipitación,SARIMA punto 5,2.679056889715442,1.5
2025-01-28,Precipitación,SARIMA punto 5,2.6790568986482732,3.21
2025-01-29,Precipitación,SARIMA punto 5,2.6790569031891884,0.0
2025-01-30,Precipitación,SARIMA punto 5,2.679056905497517,0.0
2025-01-31,Precipitación,SARIMA punto 5,2.679056906670932,0.0
2025-02-01,Precipitación,SARIMA punto 5,2.679056907267426,0.0
2025-02-02,Precipitación,SARIMA punto 5,2.679056907570648,0.0
2025-02-03,Precipitación,SARIMA punto 5,2.679056907724788,0.0
2025-02-04,Precipitación,SARIMA punto 5,2.679056907803143,9.34
2025-02-05,Precipitación,SARIMA punto 5,2.6790569078429742,65.53
2025-02-06,Precipitación,SARIMA punto 5,2.679056907863222,1.23
2025-02-07,Precipitación,SARIMA punto 5,2.6790569078735147,0.0
2025-02-08,Precipitación,SARIMA punto 5,2.679056907878747,0.0
2025-02-09,Precipitación,SARIMA punto 5,2.6790569078814066,0.91
2025-02-10,Precipitación,SARIMA punto 5,2.6790569078827584,0.0
2025-02-11,Precipitación,SARIMA punto 5,2.679056907883446,5.81
2025-02-12,Precipitación,SARIMA punto 5,2.6790569078837954,23.81
2025-02-13,Precipitación,SARIMA punto 5,2.679056907883973,0.0
2025-02-14,Precipitación,SARIMA punto 5,2.679056907884063,0.09
2025-02-15,Precipitación,SARIMA punto 5,2.6790569078841093,13.16
2025-02-16,Precipitación,SARIMA punto 5,2.6790569078841324,15.91
2025-02-17,Precipitación,SARIMA punto 5,2.6790569078841444,0.02
2025-02-18,Precipitación,SARIMA punto 5,2.67905690788415,0.0
2025-02-19,Precipitación,SARIMA punto 5,2.6790569078841533,0.0
2025-02-20,Precipitación,SARIMA punto 5,2.6790569078841546,0.0
2025-02-21,Precipitación,SARIMA punto 5,2.6790569078841555,2.13
2025-02-22,Precipitación,SARIMA punto 5,2.6790569078841564,1.09
2025-02-23,Precipitación,SARIMA punto 5,2.6790569078841564,1.87
2025-02-24,Precipitación,SARIMA punto 5,2.6790569078841564,37.34
2025-02-25,Precipitación,SARIMA punto 5,2.6790569078841564,36.0
2025-02-26,Precipitación,SARIMA punto 5,2.6790569078841564,4.94
2025-02-27,Precipitación,SARIMA punto 5,2.6790569078841564,3.81
2025-02-28,Precipitación,SARIMA punto 5,2.6790569078841564,22.68
2025-03-01,Precipitación,SARIMA punto 5,2.6790569078841564,7.25
2025-03-02,Precipitación,SARIMA punto 5,2.6790569078841564,2.59
2025-03-03,Precipitación,SARIMA punto 5,2.6790569078841564,20.81
2025-03-04,Precipitación,SARIMA punto 5,2.6790569078841564,0.17
2025-03-05,Precipitación,SARIMA punto 5,2.6790569078841564,0.06
2025-03-06,Precipitación,SARIMA punto 5,2.6790569078841564,0.2
2025-03-07,Precipitación,SARIMA punto 5,2.6790569078841564,1.77
2025-03-08,Precipitación,SARIMA punto 5,2.6790569078841564,29.78
2025-03-09,Precipitación,SARIMA punto 5,2.6790569078841564,0.17
2025-03-10,Precipitación,SARIMA punto 5,2.6790569078841564,0.0
2025-03-11,Precipitación,SARIMA punto 5,2.6790569078841564,1.05
2025-03-12,Precipitación,SARIMA punto 5,2.6790569078841564,3.4
2025-03-13,Precipitación,SARIMA punto 5,2.6790569078841564,0.0
2025-03-14,Precipitación,SARIMA punto 5,2.6790569078841564,0.0
2025-03-15,Precipitación,SARIMA punto 5,2.6790569078841564,0.01
2025-03-16,Precipitación,SARIMA punto 5,2.6790569078841564,0.96
2025-03-17,Precipitación,SARIMA punto 5,2.6790569078841564,0.27
2025-03-18,Precipitación,SARIMA punto 5,2.6790569078841564,0.0
2025-03-19,Precipitación,SARIMA punto 5,2.6790569078841564,0.0
2025-03-20,Precipitación,SARIMA punto 5,2.6790569078841564,0.0
2025-03-21,Precipitación,SARIMA punto 5,2.6790569078841564,0.83
2025-03-22,Precipitación,SARIMA punto 5,2.6790569078841564,0.52
2025-03-23,Precipitación,SARIMA punto 5,2.6790569078841564,13.52
2025-03-24,Precipitación,SARIMA punto 5,2.6790569078841564,4.27
2025-03-25,Precipitación,SARIMA punto 5,2.6790569078841564,3.38
2025-03-26,Precipitación,SARIMA punto 5,2.6790569078841564,0.48
2025-03-27,Precipitación,SARIMA punto 5,2.6790569078841564,13.68
2025-03-28,Precipitación,SARIMA punto 5,2.6790569078841564,16.88
2025-03-29,Precipitación,SARIMA punto 5,2.6790569078841564,0.0
2025-03-30,Precipitación,SARIMA punto 5,2.6790569078841564,3.13
2025-03-31,Precipitación,SARIMA punto 5,2.6790569078841564,2.2
2025-04-01,Precipitación,SARIMA punto 5,2.6790569078841564,0.12
2025-04-02,Precipitación,SARIMA punto 5,2.6790569078841564,0.0
2025-04-03,Precipitación,SARIMA punto 5,2.6790569078841564,0.0
2025-04-04,Precipitación,SARIMA punto 5,2.6790569078841564,0.0
2025-04-05,Precipitación,SARIMA punto 5,2.6790569078841564,0.0
2025-04-06,Precipitación,SARIMA punto 5,2.6790569078841564,4.36
2025-04-07,Precipitación,SARIMA punto 5,2.6790569078841564,38.63
2025-04-08,Precipitación,SARIMA punto 5,2.6790569078841564,2.11
2025-04-09,Precipitación,SARIMA punto 5,2.6790569078841564,0.32
2025-04-10,Precipitación,SARIMA punto 5,2.6790569078841564,0.16
2025-04-11,Precipitación,SARIMA punto 5,2.6790569078841564,0.78
2025-04-12,Precipitación,SARIMA punto 5,2.6790569078841564,0.46
2025-04-13,Precipitación,SARIMA punto 5,2.6790569078841564,0.0
2025-04-14,Precipitación,SARIMA punto 5,2.6790569078841564,0.09
2025-04-15,Precipitación,SARIMA punto 5,2.6790569078841564,0.35
2025-04-16,Precipitación,SARIMA punto 5,2.6790569078841564,1.49
2025-04-17,Precipitación,SARIMA punto 5,2.6790569078841564,2.19
2025-04-18,Precipitación,SARIMA punto 5,2.6790569078841564,0.62
2025-04-19,Precipitación,SARIMA punto 5,2.6790569078841564,0.0
2025-04-20,Precipitación,SARIMA punto 5,2.6790569078841564,3.8
2025-04-21,Precipitación,SARIMA punto 5,2.6790569078841564,0.02
2025-04-22,Precipitación,SARIMA punto 5,2.6790569078841564,0.0
2025-04-23,Precipitación,SARIMA punto 5,2.6790569078841564,0.03
2025-04-24,Precipitación,SARIMA punto 5,2.6790569078841564,5.75
2025-04-25,Precipitación,SARIMA punto 5,2.6790569078841564,0.32
2025-04-26,Precipitación,SARIMA punto 5,2.6790569078841564,1.04
2025-04-27,Precipitación,SARIMA punto 5,2.6790569078841564,0.02
2025-04-28,Precipitación,SARIMA punto 5,2.6790569078841564,0.0
2025-04-29,Precipitación,SARIMA punto 5,2.6790569078841564,0.0
2025-04-30,Precipitación,SARIMA punto 5,2.6790569078841564,0.0
2025-05-01,Precipitación,SARIMA punto 5,2.6790569078841564,0.0
2025-05-02,Precipitación,SARIMA punto 5,2.6790569078841564,0.0
2025-05-03,Precipitación,SARIMA punto 5,2.6790569078841564,0.0
2025-05-04,Precipitación,SARIMA punto 5,2.6790569078841564,2.82
2025-05-05,Precipitación,SARIMA punto 5,2.6790569078841564,3.98
2025-05-06,Precipitación,SARIMA punto 5,2.6790569078841564,3.03
2025-05-07,Precipitación,SARIMA punto 5,2.6790569078841564,1.61
2025-05-08,Precipitación,SARIMA punto 5,2.6790569078841564,0.25
2025-05-09,Precipitación,SARIMA punto 5,2.6790569078841564,0.0
2025-05-10,Precipitación,SARIMA punto 5,2.6790569078841564,0.0
2025-05-11,Precipitación,SARIMA punto 5,2.6790569078841564,0.0
2025-05-12,Precipitación,SARIMA punto 5,2.6790569078841564,0.0
2025-05-13,Precipitación,SARIMA punto 5,2.6790569078841564,0.0
2025-05-14,Precipitación,SARIMA punto 5,2.6790569078841564,0.02
2025-05-15,Precipitación,SARIMA punto 5,2.6790569078841564,3.46
2025-05-16,Precipitación,SARIMA punto 5,2.6790569078841564,6.29
2025-05-17,Precipitación,SARIMA punto 5,2.6790569078841564,65.97
2025-05-18,Precipitación,SARIMA punto 5,2.6790569078841564,19.79
2025-05-19,Precipitación,SARIMA punto 5,2.6790569078841564,0.56
2025-05-20,Precipitación,SARIMA punto 5,2.6790569078841564,0.01
2025-05-21,Precipitación,SARIMA punto 5,2.6790569078841564,0.0
2025-05-22,Precipitación,SARIMA punto 5,2.6790569078841564,0.0
2025-05-23,Precipitación,SARIMA punto 5,2.6790569078841564,0.06
2025-05-24,Precipitación,SARIMA punto 5,2.6790569078841564,0.47
2025-05-25,Precipitación,SARIMA punto 5,2.6790569078841564,2.57
2025-05-26,Precipitación,SARIMA punto 5,2.6790569078841564,1.7
2025-05-27,Precipitación,SARIMA punto 5,2.6790569078841564,4.63
2025-05-28,Precipitación,SARIMA punto 5,2.6790569078841564,0.08
2025-05-29,Precipitación,SARIMA punto 5,2.6790569078841564,0.0
2025-05-30,Precipitación,SARIMA punto 5,2.6790569078841564,0.0
2025-05-31,Precipitación,SARIMA punto 5,2.6790569078841564,0.0
2025-06-01,Precipitación,SARIMA punto 5,2.6790569078841564,0.0
2025-06-02,Precipitación,SARIMA punto 5,2.6790569078841564,66.91
2025-06-03,Precipitación,SARIMA punto 5,2.6790569078841564,0.0
2025-06-04,Precipitación,SARIMA punto 5,2.6790569078841564,0.0
2025-06-05,Precipitación,SARIMA punto 5,2.6790569078841564,0.01
2025-06-06,Precipitación,SARIMA punto 5,2.6790569078841564,0.0
2025-06-07,Precipitación,SARIMA punto 5,2.6790569078841564,0.26
2025-06-08,Precipitación,SARIMA punto 5,2.6790569078841564,0.02
2025-06-09,Precipitación,SARIMA punto 5,2.6790569078841564,0.0
2025-06-10,Precipitación,SARIMA punto 5,2.6790569078841564,0.0
2025-06-11,Precipitación,SARIMA punto 5,2.6790569078841564,0.0
2025-06-12,Precipitación,SARIMA punto 5,2.6790569078841564,0.0
2025-06-13,Precipitación,SARIMA punto 5,2.6790569078841564,3.88
2025-06-14,Precipitación,SARIMA punto 5,2.6790569078841564,5.48
2025-06-15,Precipitación,SARIMA punto 5,2.6790569078841564,0.0
2025-06-16,Precipitación,SARIMA punto 5,2.6790569078841564,0.01
2025-06-17,Precipitación,SARIMA punto 5,2.6790569078841564,0.0
2025-06-18,Precipitación,SARIMA punto 5,2.6790569078841564,36.91
2025-06-19,Precipitación,SARIMA punto 5,2.6790569078841564,29.86
2025-06-20,Precipitación,SARIMA punto 5,2.6790569078841564,0.0
2025-06-21,Precipitación,SARIMA punto 5,2.6790569078841564,0.0
2025-06-22,Precipitación,SARIMA punto 5,2.6790569078841564,0.02
2025-06-23,Precipitación,SARIMA punto 5,2.6790569078841564,0.0
2025-06-24,Precipitación,SARIMA punto 5,2.6790569078841564,0.0
2025-06-25,Precipitación,SARIMA punto 5,2.6790569078841564,0.0
2025-06-26,Precipitación,SARIMA punto 5,2.6790569078841564,0.0
2025-06-27,Precipitación,SARIMA punto 5,2.6790569078841564,0.0
2025-06-28,Precipitación,SARIMA punto 5,2.6790569078841564,0.0
2025-06-29,Precipitación,SARIMA punto 5,2.6790569078841564,0.0
2025-06-30,Precipitación,SARIMA punto 5,2.6790569078841564,0.0
2025-07-01,Precipitación,SARIMA punto 5,2.6790569078841564,0.0
2025-07-02,Precipitación,SARIMA punto 5,2.6790569078841564,0.0
2025-07-03,Precipitación,SARIMA punto 5,2.6790569078841564,0.0
2025-07-04,Precipitación,SARIMA punto 5,2.6790569078841564,0.0
2025-07-05,Precipitación,SARIMA punto 5,2.6790569078841564,0.0
2025-07-06,Precipitación,SARIMA punto 5,2.6790569078841564,0.01
2025-07-07,Precipitación,SARIMA punto 5,2.6790569078841564,0.17
2025-07-08,Precipitación,SARIMA punto 5,2.6790569078841564,0.0
2025-07-09,Precipitación,SARIMA punto 5,2.6790569078841564,0.01
2025-07-10,Precipitación,SARIMA punto 5,2.6790569078841564,1.42
2025-07-11,Precipitación,SARIMA punto 5,2.6790569078841564,2.72
2025-07-12,Precipitación,SARIMA punto 5,2.6790569078841564,0.61
2025-07-13,Precipitación,SARIMA punto 5,2.6790569078841564,0.0
2025-07-14,Precipitación,SARIMA punto 5,2.6790569078841564,0.0
2025-07-15,Precipitación,SARIMA punto 5,2.6790569078841564,0.38
2025-07-16,Precipitación,SARIMA punto 5,2.6790569078841564,24.65
2025-07-17,Precipitación,SARIMA punto 5,2.6790569078841564,0.0
2025-07-18,Precipitación,SARIMA punto 5,2.6790569078841564,0.0
2025-07-19,Precipitación,SARIMA punto 5,2.6790569078841564,0.0
2025-07-20,Precipitación,SARIMA punto 5,2.6790569078841564,0.0
2025-07-21,Precipitación,SARIMA punto 5,2.6790569078841564,0.0
2025-07-22,Precipitación,SARIMA punto 5,2.6790569078841564,0.09
2025-07-23,Precipitación,SARIMA punto 5,2.6790569078841564,6.67
2025-07-24,Precipitación,SARIMA punto 5,2.6790569078841564,2.57
2025-07-25,Precipitación,SARIMA punto 5,2.6790569078841564,0.06
2025-07-26,Precipitación,SARIMA punto 5,2.6790569078841564,15.76
2025-07-27,Precipitación,SARIMA punto 5,2.6790569078841564,12.21
2025-07-28,Precipitación,SARIMA punto 5,2.6790569078841564,1.98
2025-07-29,Precipitación,SARIMA punto 5,2.6790569078841564,0.0
2025-07-30,Precipitación,SARIMA punto 5,2.6790569078841564,0.0
2025-07-31,Precipitación,SARIMA punto 5,2.6790569078841564,0.19
2025-08-01,Precipitación,SARIMA punto 5,2.6790569078841564,2.55
2025-08-02,Precipitación,SARIMA punto 5,2.6790569078841564,0.22
2025-08-03,Precipitación,SARIMA punto 5,2.6790569078841564,0.0
2025-08-04,Precipitación,SARIMA punto 5,2.6790569078841564,0.0
2025-08-05,Precipitación,SARIMA punto 5,2.6790569078841564,0.0
2025-08-06,Precipitación,SARIMA punto 5,2.6790569078841564,0.0
2025-08-07,Precipitación,SARIMA punto 5,2.6790569078841564,0.0
2025-08-08,Precipitación,SARIMA punto 5,2.6790569078841564,0.0
2025-08-09,Precipitación,SARIMA punto 5,2.6790569078841564,0.0
2025-08-10,Precipitación,SARIMA punto 5,2.6790569078841564,0.0
2025-08-11,Precipitación,SARIMA punto 5,2.6790569078841564,0.0
2025-08-12,Precipitación,SARIMA punto 5,2.6790569078841564,0.0
2025-08-13,Precipitación,SARIMA punto 5,2.6790569078841564,0.0
2025-08-14,Precipitación,SARIMA punto 5,2.6790569078841564,0.0
2025-08-15,Precipitación,SARIMA punto 5,2.6790569078841564,0.0
2025-08-16,Precipitación,SARIMA punto 5,2.6790569078841564,0.0
2025-08-17,Precipitación,SARIMA punto 5,2.6790569078841564,0.01
2025-08-18,Precipitación,SARIMA punto 5,2.6790569078841564,4.47
2025-08-19,Precipitación,SARIMA punto 5,2.6790569078841564,80.17
2025-08-20,Precipitación,SARIMA punto 5,2.6790569078841564,1.99
2025-08-21,Precipitación,SARIMA punto 5,2.6790569078841564,0.0
2025-08-22,Precipitación,SARIMA punto 5,2.6790569078841564,0.0
2025-08-23,Precipitación,SARIMA punto 5,2.6790569078841564,0.0
2025-08-24,Precipitación,SARIMA punto 5,2.6790569078841564,0.0
2025-08-25,Precipitación,SARIMA punto 5,2.6790569078841564,0.0
2025-08-26,Precipitación,SARIMA punto 5,2.6790569078841564,0.0
2025-08-27,Precipitación,SARIMA punto 5,2.6790569078841564,0.0
2025-08-28,Precipitación,SARIMA punto 5,2.6790569078841564,0.0
2025-08-29,Precipitación,SARIMA punto 5,2.6790569078841564,0.0
2025-08-30,Precipitación,SARIMA punto 5,2.6790569078841564,46.82
2025-08-31,Precipitación,SARIMA punto 5,2.6790569078841564,49.0
2025-09-01,Precipitación,SARIMA punto 5,2.6790569078841564,1.59
2025-09-02,Precipitación,SARIMA punto 5,2.6790569078841564,0.22
2025-09-03,Precipitación,SARIMA punto 5,2.6790569078841564,0.52
2025-09-04,Precipitación,SARIMA punto 5,2.6790569078841564,0.0
2025-09-05,Precipitación,SARIMA punto 5,2.6790569078841564,0.0
2025-09-06,Precipitación,SARIMA punto 5,2.6790569078841564,0.0
2025-09-07,Precipitación,SARIMA punto 5,2.6790569078841564,0.0
2025-09-08,Precipitación,SARIMA punto 5,2.6790569078841564,0.0
2025-09-09,Precipitación,SARIMA punto 5,2.6790569078841564,0.0
2025-09-10,Precipitación,SARIMA punto 5,2.6790569078841564,0.0
2025-09-11,Precipitación,SARIMA punto 5,2.6790569078841564,0.0
2025-09-12,Precipitación,SARIMA punto 5,2.6790569078841564,0.0
2025-09-13,Precipitación,SARIMA punto 5,2.6790569078841564,0.0
2025-09-14,Precipitación,SARIMA punto 5,2.6790569078841564,0.47
2025-09-15,Precipitación,SARIMA punto 5,2.6790569078841564,3.06
2025-09-16,Precipitación,SARIMA punto 5,2.6790569078841564,0.33
2025-09-17,Precipitación,SARIMA punto 5,2.6790569078841564,0.98
2025-09-18,Precipitación,SARIMA punto 5,2.6790569078841564,0.86
2025-09-19,Precipitación,SARIMA punto 5,2.6790569078841564,1.44
2025-09-20,Precipitación,SARIMA punto 5,2.6790569078841564,16.04
2025-09-21,Precipitación,SARIMA punto 5,2.6790569078841564,0.19
2025-09-22,Precipitación,SARIMA punto 5,2.6790569078841564,0.0
2025-09-23,Precipitación,SARIMA punto 5,2.6790569078841564,0.0
2025-09-24,Precipitación,SARIMA punto 5,2.6790569078841564,0.0
2025-09-25,Precipitación,SARIMA punto 5,2.6790569078841564,0.0
2025-09-26,Precipitación,SARIMA punto 5,2.6790569078841564,0.01
2025-09-27,Precipitación,SARIMA punto 5,2.6790569078841564,16.96
2025-09-28,Precipitación,SARIMA punto 5,2.6790569078841564,0.06
2025-09-29,Precipitación,SARIMA punto 5,2.6790569078841564,0.0
2025-09-30,Precipitación,SARIMA punto 5,2.6790569078841564,0.0
2025-10-01,Precipitación,SARIMA punto 5,2.6790569078841564,0.0
2025-10-02,Precipitación,SARIMA punto 5,2.6790569078841564,0.0
2025-10-03,Precipitación,SARIMA punto 5,2.6790569078841564,0.0
2025-10-04,Precipitación,SARIMA punto 5,2.6790569078841564,0.1
2025-10-05,Precipitación,SARIMA punto 5,2.6790569078841564,31.27
2025-10-06,Precipitación,SARIMA punto 5,2.6790569078841564,0.02
2025-10-07,Precipitación,SARIMA punto 5,2.6790569078841564,0.0
2025-10-08,Precipitación,SARIMA punto 5,2.6790569078841564,0.0
2025-10-09,Precipitación,SARIMA punto 5,2.6790569078841564,0.0
2025-10-10,Precipitación,SARIMA punto 5,2.6790569078841564,0.0
2025-10-11,Precipitación,SARIMA punto 5,2.6790569078841564,1.73
2025-10-12,Precipitación,SARIMA punto 5,2.6790569078841564,0.0
2025-10-13,Precipitación,SARIMA punto 5,2.6790569078841564,0.0
2025-10-14,Precipitación,SARIMA punto 5,2.6790569078841564,0.0
2025-10-15,Precipitación,SARIMA punto 5,2.6790569078841564,0.0
2025-10-16,Precipitación,SARIMA punto 5,2.6790569078841564,0.24
2025-10-17,Precipitación,SARIMA punto 5,2.6790569078841564,0.87
2025-10-18,Precipitación,SARIMA punto 5,2.6790569078841564,0.01
2025-10-19,Precipitación,SARIMA punto 5,2.6790569078841564,0.0
2025-10-20,Precipitación,SARIMA punto 5,2.6790569078841564,0.0
2025-10-21,Precipitación,SARIMA punto 5,2.6790569078841564,0.0
2025-10-22,Precipitación,SARIMA punto 5,2.6790569078841564,0.0
2025-10-23,Precipitación,SARIMA punto 5,2.6790569078841564,0.0
2025-10-24,Precipitación,SARIMA punto 5,2.6790569078841564,1.62
2025-10-25,Precipitación,SARIMA punto 5,2.6790569078841564,0.91
2025-10-26,Precipitación,SARIMA punto 5,2.6790569078841564,0.0
2025-10-27,Precipitación,SARIMA punto 5,2.6790569078841564,0.08
2025-10-28,Precipitación,SARIMA punto 5,2.6790569078841564,0.1
2025-10-29,Precipitación,SARIMA punto 5,2.6790569078841564,0.0
2025-10-30,Precipitación,SARIMA punto 5,2.6790569078841564,0.0
2025-10-31,Precipitación,SARIMA punto 5,2.6790569078841564,0.0
2025-11-01,Precipitación,SARIMA punto 5,2.6790569078841564,0.0
2025-11-02,Precipitación,SARIMA punto 5,2.6790569078841564,0.0
2025-11-03,Precipitación,SARIMA punto 5,2.6790569078841564,2.67
2025-11-04,Precipitación,SARIMA punto 5,2.6790569078841564,19.95
2025-11-05,Precipitación,SARIMA punto 5,2.6790569078841564,0.32
2025-11-06,Precipitación,SARIMA punto 5,2.6790569078841564,0.0
2025-11-07,Precipitación,SARIMA punto 5,2.6790569078841564,18.9
2025-11-08,Precipitación,SARIMA punto 5,2.6790569078841564,0.07
2025-11-09,Precipitación,SARIMA punto 5,2.6790569078841564,0.0
2025-11-10,Precipitación,SARIMA punto 5,2.6790569078841564,0.0
2025-11-11,Precipitación,SARIMA punto 5,2.6790569078841564,4.07
2025-11-12,Precipitación,SARIMA punto 5,2.6790569078841564,0.6
2025-11-13,Precipitación,SARIMA punto 5,2.6790569078841564,0.19
2025-11-14,Precipitación,SARIMA punto 5,2.6790569078841564,0.0
2025-11-15,Precipitación,SARIMA punto 5,2.6790569078841564,4.88
2025-11-16,Precipitación,SARIMA punto 5,2.6790569078841564,37.54
2025-11-17,Precipitación,SARIMA punto 5,2.6790569078841564,0.0
2025-11-18,Precipitación,SARIMA punto 5,2.6790569078841564,0.0
2025-11-19,Precipitación,SARIMA punto 5,2.6790569078841564,0.0
2025-11-20,Precipitación,SARIMA punto 5,2.6790569078841564,12.62
2025-11-21,Precipitación,SARIMA punto 5,2.6790569078841564,0.13
2025-11-22,Precipitación,SARIMA punto 5,2.6790569078841564,0.0
2025-11-23,Precipitación,SARIMA punto 5,2.6790569078841564,0.0
2025-11-24,Precipitación,SARIMA punto 5,2.6790569078841564,0.0
2025-11-25,Precipitación,SARIMA punto 5,2.6790569078841564,0.0
2025-11-26,Precipitación,SARIMA punto 5,2.6790569078841564,0.0
2025-11-27,Precipitación,SARIMA punto 5,2.6790569078841564,0.63
2025-11-28,Precipitación,SARIMA punto 5,2.6790569078841564,0.16
2025-11-29,Precipitación,SARIMA punto 5,2.6790569078841564,5.06
2025-11-30,Precipitación,SARIMA punto 5,2.6790569078841564,12.61
2025-12-01,Precipitación,SARIMA punto 5,2.6790569078841564,0.47
2025-12-02,Precipitación,SARIMA punto 5,2.6790569078841564,0.0
2025-12-03,Precipitación,SARIMA punto 5,2.6790569078841564,0.0
2025-12-04,Precipitación,SARIMA punto 5,2.6790569078841564,0.02
2025-12-05,Precipitación,SARIMA punto 5,2.6790569078841564,0.0
2025-12-06,Precipitación,SARIMA punto 5,2.6790569078841564,0.0
2025-12-07,Precipitación,SARIMA punto 5,2.6790569078841564,0.05
2025-12-08,Precipitación,SARIMA punto 5,2.6790569078841564,0.35
2025-12-09,Precipitación,SARIMA punto 5,2.6790569078841564,0.71
2025-12-10,Precipitación,SARIMA punto 5,2.6790569078841564,0.18
2025-12-11,Precipitación,SARIMA punto 5,2.6790569078841564,2.55
2025-12-12,Precipitación,SARIMA punto 5,2.6790569078841564,12.66
2025-12-13,Precipitación,SARIMA punto 5,2.6790569078841564,0.0
2025-12-14,Precipitación,SARIMA punto 5,2.6790569078841564,35.63
2025-12-15,Precipitación,SARIMA punto 5,2.6790569078841564,1.35
2025-12-16,Precipitación,SARIMA punto 5,2.6790569078841564,0.0
2025-12-17,Precipitación,SARIMA punto 5,2.6790569078841564,0.0
2025-12-18,Precipitación,SARIMA punto 5,2.6790569078841564,0.0
2025-12-19,Precipitación,SARIMA punto 5,2.6790569078841564,0.0
2025-12-20,Precipitación,SARIMA punto 5,2.6790569078841564,35.72
2025-12-21,Precipitación,SARIMA punto 5,2.6790569078841564,4.42
2025-12-22,Precipitación,SARIMA punto 5,2.6790569078841564,0.19
2025-12-23,Precipitación,SARIMA punto 5,2.6790569078841564,0.01
2025-12-24,Precipitación,SARIMA punto 5,2.6790569078841564,2.45
2025-12-25,Precipitación,SARIMA punto 5,2.6790569078841564,1.49
2025-12-26,Precipitación,SARIMA punto 5,2.6790569078841564,0.0
2025-12-27,Precipitación,SARIMA punto 5,2.6790569078841564,0.7
2025-12-28,Precipitación,SARIMA punto 5,2.6790569078841564,1.16
2025-12-29,Precipitación,SARIMA punto 5,2.6790569078841564,0.45
2025-12-30,Precipitación,SARIMA punto 5,2.6790569078841564,0.0
2025-12-31,Precipitación,SARIMA punto 5,2.6790569078841564,0.0
