fecha,serie,residuo
2023-01-31,Viajes MBTB,274.2896236264587
2023-02-01,Viajes MBTB,-70.38713488658414
2023-02-02,Viajes MBTB,163.176296960341
2023-02-03,Viajes MBTB,651.9374136744254
2023-02-04,Viajes MBTB,15.644022875985684
2023-02-05,Viajes MBTB,138.45505542157343
2023-02-06,Viajes MBTB,2.421161528461653
2023-02-07,Viajes MBTB,-111.74859672830371
2023-02-08,Viajes MBTB,166.01392367067
2023-02-09,Viajes MBTB,-111.1197866659295
2023-02-10,Viajes MBTB,16.97970443882423
2023-02-11,Viajes MBTB,-664.2499746111266
2023-02-12,Viajes MBTB,-613.2899042324711
2023-02-13,Viajes MBTB,-612.1917515933383
2023-02-14,Viajes MBTB,128.07588665219737
2023-02-15,Viajes MBTB,229.06374419885105
2023-02-16,Viajes MBTB,-558.7206155101021
2023-02-17,Viajes MBTB,-225.46020788927308
2023-02-18,Viajes MBTB,42.088328087212176
2023-02-19,Viajes MBTB,199.49594399062244
2023-02-20,Viajes MBTB,-1127.3952588426405
2023-02-21,Viajes MBTB,-1062.9407484833118
2023-02-22,Viajes MBTB,709.5138328285288
2023-02-23,Viajes MBTB,-41.65945230847774
2023-02-24,Viajes MBTB,986.2940613374021
2023-02-25,Viajes MBTB,184.86914250146492
2023-02-26,Viajes MBTB,156.52561798827173
2023-02-27,Viajes MBTB,454.50291758764615
2023-02-28,Viajes MBTB,-76.80223751347967
2023-03-01,Viajes MBTB,-311.9446057043415
2023-03-02,Viajes MBTB,-116.12916317666804
2023-03-03,Viajes MBTB,152.57034453718734
2023-03-04,Viajes MBTB,-346.7075100277398
2023-03-05,Viajes MBTB,-418.84093623389526
2023-03-06,Viajes MBTB,-25.91469140640811
2023-03-07,Viajes MBTB,202.0965027757902
2023-03-08,Viajes MBTB,-242.09998156686925
2023-03-09,Viajes MBTB,98.23218946555062
2023-03-10,Viajes MBTB,-17.185823565152532
2023-03-11,Viajes MBTB,-561.9799362738754
2023-03-12,Viajes MBTB,-454.8124174998443
2023-03-13,Viajes MBTB,-136.70812876039054
2023-03-14,Viajes MBTB,-125.2918422615553
2023-03-15,Viajes MBTB,-186.02591542994514
2023-03-16,Viajes MBTB,62.69073108607245
2023-03-17,Viajes MBTB,237.2358457897467
2023-03-18,Viajes MBTB,320.44697446271493
2023-03-19,Viajes MBTB,-427.5956242908187
2023-03-20,Viajes MBTB,80.2628284593743
2023-03-21,Viajes MBTB,-2627.9163964743907
2023-03-22,Viajes MBTB,-334.209923161744
2023-03-23,Viajes MBTB,454.9857245931116
2023-03-24,Viajes MBTB,-495.1438130851757
2023-03-25,Viajes MBTB,229.86583875154201
2023-03-26,Viajes MBTB,979.8909476585422
2023-03-27,Viajes MBTB,311.79938537622684
2023-03-28,Viajes MBTB,787.2190528427004
2023-03-29,Viajes MBTB,-375.2171730011878
2023-03-30,Viajes MBTB,210.75318503232165
2023-03-31,Viajes MBTB,489.76631405345006
2023-04-01,Viajes MBTB,261.8369267878297
2023-04-02,Viajes MBTB,115.21412839773893
2023-04-03,Viajes MBTB,-748.7227981760971
2023-04-04,Viajes MBTB,400.5558182807281
2023-04-05,Viajes MBTB,331.23766071593946
2023-04-06,Viajes MBTB,-691.2616667184052
2023-04-07,Viajes MBTB,-565.2199377594816
2023-04-08,Viajes MBTB,254.87829953039136
2023-04-09,Viajes MBTB,-97.04710809673952
2023-04-10,Viajes MBTB,523.4086314530596
2023-04-11,Viajes MBTB,601.8893068822681
2023-04-12,Viajes MBTB,-1205.216939467401
2023-04-13,Viajes MBTB,377.75217612428696
2023-04-14,Viajes MBTB,403.1561014640629
2023-04-15,Viajes MBTB,-77.21630288887263
2023-04-16,Viajes MBTB,-250.43915935916357
2023-04-17,Viajes MBTB,75.39234290077275
2023-04-18,Viajes MBTB,-392.56607783708523
2023-04-19,Viajes MBTB,563.1537920124565
2023-04-20,Viajes MBTB,11.017242169371457
2023-04-21,Viajes MBTB,171.0670773735328
2023-04-22,Viajes MBTB,-205.72408411101742
2023-04-23,Viajes MBTB,13.058720248850477
2023-04-24,Viajes MBTB,-64.23399430397467
2023-04-25,Viajes MBTB,-391.0099171345014
2023-04-26,Viajes MBTB,210.85904850550787
2023-04-27,Viajes MBTB,392.5016973614852
2023-04-28,Viajes MBTB,635.5512918123477
2023-04-29,Viajes MBTB,81.47144165114742
2023-04-30,Viajes MBTB,-815.3134819783827
2023-05-01,Viajes MBTB,-1531.4215524008378
2023-05-02,Viajes MBTB,453.75070006633723
2023-05-03,Viajes MBTB,269.6707083367546
2023-05-04,Viajes MBTB,391.1291486153368
2023-05-05,Viajes MBTB,-2121.1238606118736
2023-05-06,Viajes MBTB,-567.2750043266369
2023-05-07,Viajes MBTB,768.6602210360434
2023-05-08,Viajes MBTB,593.1945906079281
2023-05-09,Viajes MBTB,544.8979390593968
2023-05-10,Viajes MBTB,248.19149998490957
2023-05-11,Viajes MBTB,21.172370286774367
2023-05-12,Viajes MBTB,380.3808496678521
2023-05-13,Viajes MBTB,145.38207380617496
2023-05-14,Viajes MBTB,292.2039854992272
2023-05-15,Viajes MBTB,150.58325053043927
2023-05-16,Viajes MBTB,168.35919972401734
2023-05-17,Viajes MBTB,-97.58279010401202
2023-05-18,Viajes MBTB,-29.742782181861912
2023-05-19,Viajes MBTB,-1233.9574447464438
2023-05-20,Viajes MBTB,-98.49198295490532
2023-05-21,Viajes MBTB,-851.465704106216
2023-05-22,Viajes MBTB,156.03330982813668
2023-05-23,Viajes MBTB,226.18821566798442
2023-05-24,Viajes MBTB,-2439.1855708562916
2023-05-25,Viajes MBTB,-2062.760518370575
2023-05-26,Viajes MBTB,-184.6243111435333
2023-05-27,Viajes MBTB,545.9980599080936
2023-05-28,Viajes MBTB,531.1715700395409
2023-05-29,Viajes MBTB,198.68960157853326
2023-05-30,Viajes MBTB,659.9918466619956
2023-05-31,Viajes MBTB,479.85164206695663
2023-06-01,Viajes MBTB,558.5477751880226
2023-06-02,Viajes MBTB,722.0317640265007
2023-06-03,Viajes MBTB,372.5271881634767
2023-06-04,Viajes MBTB,96.14559827077119
2023-06-05,Viajes MBTB,-307.0710870888165
2023-06-06,Viajes MBTB,104.39149041724295
2023-06-07,Viajes MBTB,115.88953700527964
2023-06-08,Viajes MBTB,297.018633166213
2023-06-09,Viajes MBTB,138.50765766578024
2023-06-10,Viajes MBTB,-113.52563768826349
2023-06-11,Viajes MBTB,-411.3979868725892
2023-06-12,Viajes MBTB,-453.03985135410494
2023-06-13,Viajes MBTB,1198.3432532858715
2023-06-14,Viajes MBTB,-480.73838959966815
2023-06-15,Viajes MBTB,-159.14526490687103
2023-06-16,Viajes MBTB,-35.16135676227623
2023-06-17,Viajes MBTB,-258.0030606471014
2023-06-18,Viajes MBTB,-490.94727411678923
2023-06-19,Viajes MBTB,-1452.3133563549545
2023-06-20,Viajes MBTB,-785.1084398480343
2023-06-21,Viajes MBTB,46.63612143154933
2023-06-22,Viajes MBTB,1425.053118588828
2023-06-23,Viajes MBTB,144.23870355238114
2023-06-24,Viajes MBTB,-473.4310419068679
2023-06-25,Viajes MBTB,413.0000965595452
2023-06-26,Viajes MBTB,-73.86155684589903
2023-06-27,Viajes MBTB,-657.6466286533214
2023-06-28,Viajes MBTB,152.34038894435207
2023-06-29,Viajes MBTB,-187.69785031854008
2023-06-30,Viajes MBTB,246.43406627614058
2023-07-01,Viajes MBTB,289.87660113982565
2023-07-02,Viajes MBTB,113.731546374142
2023-07-03,Viajes MBTB,255.62820649078958
2023-07-04,Viajes MBTB,380.07495368032414
2023-07-05,Viajes MBTB,-90.9141886115849
2023-07-06,Viajes MBTB,-894.4680312811206
2023-07-07,Viajes MBTB,286.17320350651516
2023-07-08,Viajes MBTB,-597.1743732876294
2023-07-09,Viajes MBTB,23.62548795187581
2023-07-10,Viajes MBTB,-156.1562343999467
2023-07-11,Viajes MBTB,-778.8221480334582
2023-07-12,Viajes MBTB,-2274.165770945162
2023-07-13,Viajes MBTB,-204.112186929598
2023-07-14,Viajes MBTB,320.77397736118564
2023-07-15,Viajes MBTB,337.4931360506657
2023-07-16,Viajes MBTB,792.8888521646163
2023-07-17,Viajes MBTB,-93.21962476971112
2023-07-18,Viajes MBTB,-99.3325704980407
2023-07-19,Viajes MBTB,-150.3268463237473
2023-07-20,Viajes MBTB,88.69700632774129
2023-07-21,Viajes MBTB,431.6062166458337
2023-07-22,Viajes MBTB,502.62255897785553
2023-07-23,Viajes MBTB,438.2811320953192
2023-07-24,Viajes MBTB,-424.44914805444387
2023-07-25,Viajes MBTB,-624.8324702950922
2023-07-26,Viajes MBTB,-52.91618877384781
2023-07-27,Viajes MBTB,51.98180622623431
2023-07-28,Viajes MBTB,527.0288075843328
2023-07-29,Viajes MBTB,492.1176357186944
2023-07-30,Viajes MBTB,626.1039832278411
2023-07-31,Viajes MBTB,283.4675065202623
2023-08-01,Viajes MBTB,390.6989704151424
2023-08-02,Viajes MBTB,199.24393480968592
2023-08-03,Viajes MBTB,-64.5600614610862
2023-08-04,Viajes MBTB,367.27057818002004
2023-08-05,Viajes MBTB,135.4875831358172
2023-08-06,Viajes MBTB,430.71981901371964
2023-08-07,Viajes MBTB,-196.08988491023456
2023-08-08,Viajes MBTB,-279.96692435622435
2023-08-09,Viajes MBTB,-211.68198290605415
2023-08-10,Viajes MBTB,-396.39909521698337
2023-08-11,Viajes MBTB,150.90095433736906
2023-08-12,Viajes MBTB,-283.7191658274887
2023-08-13,Viajes MBTB,134.45456686057014
2023-08-14,Viajes MBTB,60.97353496852293
2023-08-15,Viajes MBTB,284.3540299755282
2023-08-16,Viajes MBTB,337.9096128933961
2023-08-17,Viajes MBTB,-723.1342498550102
2023-08-18,Viajes MBTB,-262.3818862057183
2023-08-19,Viajes MBTB,-95.1389339677271
2023-08-20,Viajes MBTB,-4.565150422419265
2023-08-21,Viajes MBTB,-637.2366987602172
2023-08-22,Viajes MBTB,-3.0738543660886535
2023-08-23,Viajes MBTB,324.94387855016976
2023-08-24,Viajes MBTB,90.30124601282841
2023-08-25,Viajes MBTB,97.41869988212375
2023-08-26,Viajes MBTB,24.73600241324948
2023-08-27,Viajes MBTB,106.82661736392811
2023-08-28,Viajes MBTB,-32.21083108807716
2023-08-29,Viajes MBTB,234.48132568708934
2023-08-30,Viajes MBTB,261.3738730860505
2023-08-31,Viajes MBTB,208.622635141287
2023-09-01,Viajes MBTB,750.8157951066055
2023-09-02,Viajes MBTB,-778.9270458146743
2023-09-03,Viajes MBTB,-1386.0561665189864
2023-09-04,Viajes MBTB,98.76749803304938
2023-09-05,Viajes MBTB,241.19756618577503
2023-09-06,Viajes MBTB,-37.43597660134719
2023-09-07,Viajes MBTB,23.846382662060932
2023-09-08,Viajes MBTB,454.3331377476011
2023-09-09,Viajes MBTB,320.2234485197273
2023-09-10,Viajes MBTB,1037.350083323212
2023-09-11,Viajes MBTB,-476.91428511000504
2023-09-12,Viajes MBTB,-96.13000187704483
2023-09-13,Viajes MBTB,218.49907430690246
2023-09-14,Viajes MBTB,127.93579902994406
2023-09-15,Viajes MBTB,246.14905469219184
2023-09-16,Viajes MBTB,391.62170440727823
2023-09-17,Viajes MBTB,-333.8606027265055
2023-09-18,Viajes MBTB,-52.59909412703928
2023-09-19,Viajes MBTB,-175.21812198892167
2023-09-20,Viajes MBTB,-518.3280098144883
2023-09-21,Viajes MBTB,28.941035099851888
2023-09-22,Viajes MBTB,94.47232859825772
2023-09-23,Viajes MBTB,-106.209713900299
2023-09-24,Viajes MBTB,153.27918606339426
2023-09-25,Viajes MBTB,-84.69296698238168
2023-09-26,Viajes MBTB,-75.2290953399197
2023-09-27,Viajes MBTB,437.0928402270674
2023-09-28,Viajes MBTB,267.53644564275146
2023-09-29,Viajes MBTB,449.4584205750002
2023-09-30,Viajes MBTB,125.92266842095387
2023-10-01,Viajes MBTB,207.76764048865152
2023-10-02,Viajes MBTB,96.90075792593825
2023-10-03,Viajes MBTB,-906.5966326786347
2023-10-04,Viajes MBTB,146.07147828136203
2023-10-05,Viajes MBTB,203.96840534829698
2023-10-06,Viajes MBTB,200.8586101404626
2023-10-07,Viajes MBTB,407.01502593474333
2023-10-08,Viajes MBTB,145.78348404630378
2023-10-09,Viajes MBTB,75.36554035824656
2023-10-10,Viajes MBTB,-53.35400591363123
2023-10-11,Viajes MBTB,-905.6262759793426
2023-10-12,Viajes MBTB,61.063586590065825
2023-10-13,Viajes MBTB,-746.8591747481273
2023-10-14,Viajes MBTB,183.89274206066466
2023-10-15,Viajes MBTB,-82.21211916238917
2023-10-16,Viajes MBTB,-1043.9809784844865
2023-10-17,Viajes MBTB,269.00474524812034
2023-10-18,Viajes MBTB,134.66033511614205
2023-10-19,Viajes MBTB,337.86423614648265
2023-10-20,Viajes MBTB,491.59957628992015
2023-10-21,Viajes MBTB,10.495074219182243
2023-10-22,Viajes MBTB,-460.5486243189994
2023-10-23,Viajes MBTB,-988.8247723423447
2023-10-24,Viajes MBTB,82.90644500785493
2023-10-25,Viajes MBTB,613.4148678881297
2023-10-26,Viajes MBTB,410.2789773292134
2023-10-27,Viajes MBTB,101.9731293316645
2023-10-28,Viajes MBTB,412.5614766537078
2023-10-29,Viajes MBTB,226.32015780194888
2023-10-30,Viajes MBTB,-494.10025647698376
2023-10-31,Viajes MBTB,-835.6031442233425
2023-11-01,Viajes MBTB,-1917.9866740041311
2023-11-02,Viajes MBTB,-1827.957730592258
2023-11-03,Viajes MBTB,469.2718491922585
2023-11-04,Viajes MBTB,882.1555779352723
2023-11-05,Viajes MBTB,1124.786158751252
2023-11-06,Viajes MBTB,843.868869445836
2023-11-07,Viajes MBTB,281.9145144855788
2023-11-08,Viajes MBTB,519.4667412209901
2023-11-09,Viajes MBTB,513.1126334831633
2023-11-10,Viajes MBTB,-1050.4914027918558
2023-11-11,Viajes MBTB,428.42567155230154
2023-11-12,Viajes MBTB,185.247883764403
2023-11-13,Viajes MBTB,175.62429655454935
2023-11-14,Viajes MBTB,337.8649968993964
2023-11-15,Viajes MBTB,-164.54241303760136
2023-11-16,Viajes MBTB,201.75893501672317
2023-11-17,Viajes MBTB,-373.0825185302865
2023-11-18,Viajes MBTB,53.54394662745972
2023-11-19,Viajes MBTB,643.3695556055704
2023-11-20,Viajes MBTB,-1031.5801367032373
2023-11-21,Viajes MBTB,-279.75972838664757
2023-11-22,Viajes MBTB,278.39309630098023
2023-11-23,Viajes MBTB,270.992789311189
2023-11-24,Viajes MBTB,326.51603666173014
2023-11-25,Viajes MBTB,122.60459272681874
2023-11-26,Viajes MBTB,197.70001001992523
2023-11-27,Viajes MBTB,135.50391905299466
2023-11-28,Viajes MBTB,-137.7116579799099
2023-11-29,Viajes MBTB,14.82047031282491
2023-11-30,Viajes MBTB,7.222065648645639
2023-12-01,Viajes MBTB,-1082.7018832999056
2023-12-02,Viajes MBTB,374.2562253862484
2023-12-03,Viajes MBTB,363.8405366273705
2023-12-04,Viajes MBTB,1311.1340443301124
2023-12-05,Viajes MBTB,-888.3483419564382
2023-12-06,Viajes MBTB,34.094501702321395
2023-12-07,Viajes MBTB,142.67314759714145
2023-12-08,Viajes MBTB,-415.4415667403996
2023-12-09,Viajes MBTB,-155.40757290005604
2023-12-10,Viajes MBTB,182.01127055930783
2023-12-11,Viajes MBTB,247.815462553403
2023-12-12,Viajes MBTB,-135.15580098394776
2023-12-13,Viajes MBTB,-519.6624138668817
2023-12-14,Viajes MBTB,96.76335252171702
2023-12-15,Viajes MBTB,34.737723437409386
2023-12-16,Viajes MBTB,16.21486676997256
2023-12-17,Viajes MBTB,-1026.5682407298086
2023-12-18,Viajes MBTB,-1400.6502338719902
2023-12-19,Viajes MBTB,-82.02764879701226
2023-12-20,Viajes MBTB,589.7465805346146
2023-12-21,Viajes MBTB,522.3054007014111
2023-12-22,Viajes MBTB,524.1756131750972
2023-12-23,Viajes MBTB,121.9790580917911
2023-12-24,Viajes MBTB,-554.8956257719476
2023-12-25,Viajes MBTB,-1374.0476429037526
2023-12-26,Viajes MBTB,362.0092265396097
2023-12-27,Viajes MBTB,564.211356008313
2023-12-28,Viajes MBTB,91.93215113819588
2023-12-29,Viajes MBTB,167.64301689781678
2023-12-30,Viajes MBTB,302.1111234240475
2023-12-31,Viajes MBTB,-246.91546388647748
2024-01-01,Viajes MBTB,-1296.2328386124464
2024-01-02,Viajes MBTB,209.10887458777688
2024-01-03,Viajes MBTB,407.24462117972416
2024-01-04,Viajes MBTB,246.84900027351432
2024-01-05,Viajes MBTB,473.0985217118423
2024-01-06,Viajes MBTB,-317.0204055373256
2024-01-07,Viajes MBTB,200.84040352904822
2024-01-08,Viajes MBTB,446.56471666140897
2024-01-09,Viajes MBTB,145.39630133619585
2024-01-10,Viajes MBTB,55.03775283895993
2024-01-11,Viajes MBTB,223.05207915138317
2024-01-12,Viajes MBTB,428.98570702173583
2024-01-13,Viajes MBTB,91.8354484488409
2024-01-14,Viajes MBTB,-115.38194485204781
2024-01-15,Viajes MBTB,442.719250257725
2024-01-16,Viajes MBTB,-1224.81111095706
2024-01-17,Viajes MBTB,423.9889599438984
2024-01-18,Viajes MBTB,-38.73572317644994
2024-01-19,Viajes MBTB,-39.93340623016957
2024-01-20,Viajes MBTB,386.3333529056772
2024-01-21,Viajes MBTB,463.37572065774634
2024-01-22,Viajes MBTB,330.53501016946257
2024-01-23,Viajes MBTB,129.42206202019725
2024-01-24,Viajes MBTB,350.20535640808157
2024-01-25,Viajes MBTB,-1.6480553761475676
2024-01-26,Viajes MBTB,221.73426346387032
2024-01-27,Viajes MBTB,-15.046521457446033
2024-01-28,Viajes MBTB,178.1975615893939
2024-01-29,Viajes MBTB,30.33020653959784
2024-01-30,Viajes MBTB,-252.05908794126572
2024-01-31,Viajes MBTB,-368.69923281730007
2024-02-01,Viajes MBTB,-361.68334653933834
2024-02-02,Viajes MBTB,-21.69670451356933
2024-02-03,Viajes MBTB,-222.35237906284237
2024-02-04,Viajes MBTB,-329.02182954903765
2024-02-05,Viajes MBTB,-47.242987568568424
2024-02-06,Viajes MBTB,-294.956147890834
2024-02-07,Viajes MBTB,-389.8863703766706
2024-02-08,Viajes MBTB,-201.35039188671044
2024-02-09,Viajes MBTB,-713.7622459581239
2024-02-10,Viajes MBTB,197.58865727739817
2024-02-11,Viajes MBTB,240.76641813498236
2024-02-12,Viajes MBTB,-1399.6032693649381
2024-02-13,Viajes MBTB,-366.46854265772527
2024-02-14,Viajes MBTB,580.8596185341867
2024-02-15,Viajes MBTB,575.170514429913
2024-02-16,Viajes MBTB,973.5809923747784
2024-02-17,Viajes MBTB,226.06700372529076
2024-02-18,Viajes MBTB,237.13784484044936
2024-02-19,Viajes MBTB,331.3298711764173
2024-02-20,Viajes MBTB,79.08341747379609
2024-02-21,Viajes MBTB,54.64747434831497
2024-02-22,Viajes MBTB,-138.44646517133106
2024-02-23,Viajes MBTB,-709.9235143407009
2024-02-24,Viajes MBTB,254.77499794900768
2024-02-25,Viajes MBTB,-1017.9942373690114
2024-02-26,Viajes MBTB,-323.5730493268047
2024-02-27,Viajes MBTB,324.0719963828019
2024-02-28,Viajes MBTB,258.70342709788747
2024-02-29,Viajes MBTB,185.94864327023288
2024-03-01,Viajes MBTB,424.1270961465234
2024-03-02,Viajes MBTB,-309.4059392572533
2024-03-03,Viajes MBTB,393.14614942674507
2024-03-04,Viajes MBTB,358.1525987799646
2024-03-05,Viajes MBTB,360.9847617222231
2024-03-06,Viajes MBTB,293.0572909777602
2024-03-07,Viajes MBTB,449.6021676749988
2024-03-08,Viajes MBTB,-246.58413394311447
2024-03-09,Viajes MBTB,159.4338137773184
2024-03-10,Viajes MBTB,-230.25091240497431
2024-03-11,Viajes MBTB,-580.5440279201675
2024-03-12,Viajes MBTB,-186.0923676158768
2024-03-13,Viajes MBTB,-625.3382872917477
2024-03-14,Viajes MBTB,-1928.5998799944077
2024-03-15,Viajes MBTB,-181.16849403158494
2024-03-16,Viajes MBTB,-374.21042964229014
2024-03-17,Viajes MBTB,385.01259806191365
2024-03-18,Viajes MBTB,675.2213345426196
2024-03-19,Viajes MBTB,216.69765402513895
2024-03-20,Viajes MBTB,-481.2654876899046
2024-03-21,Viajes MBTB,408.63874195055087
2024-03-22,Viajes MBTB,553.1558637484568
2024-03-23,Viajes MBTB,302.66993508892415
2024-03-24,Viajes MBTB,149.79663038735043
2024-03-25,Viajes MBTB,774.354841503131
2024-03-26,Viajes MBTB,984.5596749544247
2024-03-27,Viajes MBTB,-20.160347896946405
2024-03-28,Viajes MBTB,-642.7701298964193
2024-03-29,Viajes MBTB,-817.9742034154169
2024-03-30,Viajes MBTB,-43.198381026232255
2024-03-31,Viajes MBTB,-676.074000817996
2024-04-01,Viajes MBTB,-915.7474551333617
2024-04-02,Viajes MBTB,-591.7802627559063
2024-04-03,Viajes MBTB,-742.0842888697694
2024-04-04,Viajes MBTB,557.4189365893585
2024-04-05,Viajes MBTB,918.6708956448201
2024-04-06,Viajes MBTB,112.37350463583334
2024-04-07,Viajes MBTB,493.5504130386662
2024-04-08,Viajes MBTB,580.5126056643703
2024-04-09,Viajes MBTB,297.6524697838504
2024-04-10,Viajes MBTB,-235.3192472125661
2024-04-11,Viajes MBTB,-96.67485401526164
2024-04-12,Viajes MBTB,-798.9478473113613
2024-04-13,Viajes MBTB,-1159.0100027870262
2024-04-14,Viajes MBTB,-592.0887308123295
2024-04-15,Viajes MBTB,-1233.036223117892
2024-04-16,Viajes MBTB,336.1653629479847
2024-04-17,Viajes MBTB,874.3162987885141
2024-04-18,Viajes MBTB,689.9053341045119
2024-04-19,Viajes MBTB,1852.6760390257318
2024-04-20,Viajes MBTB,314.6174830992841
2024-04-21,Viajes MBTB,-200.5018270702874
2024-04-22,Viajes MBTB,-242.34351713722663
2024-04-23,Viajes MBTB,-147.8937885021951
2024-04-24,Viajes MBTB,41.26751850824894
2024-04-25,Viajes MBTB,-341.88916907555995
2024-04-26,Viajes MBTB,-478.38424225889867
2024-04-27,Viajes MBTB,203.80565517331775
2024-04-28,Viajes MBTB,385.9204186558595
2024-04-29,Viajes MBTB,10.417552234889627
2024-04-30,Viajes MBTB,-144.42783708549905
2024-05-01,Viajes MBTB,-1225.2563338315035
2024-05-02,Viajes MBTB,130.78697995188213
2024-05-03,Viajes MBTB,268.6700196019183
2024-05-04,Viajes MBTB,177.7950904410136
2024-05-05,Viajes MBTB,-393.9152088114681
2024-05-06,Viajes MBTB,310.19976427905726
2024-05-07,Viajes MBTB,80.27925223350167
2024-05-08,Viajes MBTB,-260.6820884540857
2024-05-09,Viajes MBTB,49.557694521065514
2024-05-10,Viajes MBTB,352.6901831526461
2024-05-11,Viajes MBTB,157.17247429847112
2024-05-12,Viajes MBTB,-254.79701443743716
2024-05-13,Viajes MBTB,-3.853046579212787
2024-05-14,Viajes MBTB,-54.25997641438971
2024-05-15,Viajes MBTB,41.81629254036443
2024-05-16,Viajes MBTB,-6.360692087318512
2024-05-17,Viajes MBTB,17.803982593860837
2024-05-18,Viajes MBTB,-10.550212190434422
2024-05-19,Viajes MBTB,-62.96122340803595
2024-05-20,Viajes MBTB,63.02695591084671
2024-05-21,Viajes MBTB,-72.34144996061968
2024-05-22,Viajes MBTB,-195.74401215658054
2024-05-23,Viajes MBTB,-541.8346008017097
2024-05-24,Viajes MBTB,-51.580085987617394
2024-05-25,Viajes MBTB,-156.41878849253385
2024-05-26,Viajes MBTB,-29.25424746546446
2024-05-27,Viajes MBTB,-1.697588079824527
2024-05-28,Viajes MBTB,2.8347208340724137
2024-05-29,Viajes MBTB,34.9650206646661
2024-05-30,Viajes MBTB,73.00096213642883
2024-05-31,Viajes MBTB,329.4654400138154
2024-06-01,Viajes MBTB,328.3441531875485
2024-06-02,Viajes MBTB,-201.84902864581113
2024-06-03,Viajes MBTB,-9.302248737297305
2024-06-04,Viajes MBTB,-189.27493322229202
2024-06-05,Viajes MBTB,-77.33230138502222
2024-06-06,Viajes MBTB,122.03184889250497
2024-06-07,Viajes MBTB,359.82109695362215
2024-06-08,Viajes MBTB,146.62033360082842
2024-06-09,Viajes MBTB,226.75534458755396
2024-06-10,Viajes MBTB,235.70243076823635
2024-06-11,Viajes MBTB,-142.91974912296746
2024-06-12,Viajes MBTB,-49.420083443440944
2024-06-13,Viajes MBTB,64.79736235588007
2024-06-14,Viajes MBTB,28.789086881693038
2024-06-15,Viajes MBTB,362.0683459050804
2024-06-16,Viajes MBTB,-247.27558512793394
2024-06-17,Viajes MBTB,-950.1646015012011
2024-06-18,Viajes MBTB,17.87141317193482
2024-06-19,Viajes MBTB,211.66174242642956
2024-06-20,Viajes MBTB,-821.8319905169428
2024-06-21,Viajes MBTB,-767.3918050003767
2024-06-22,Viajes MBTB,-67.86519467924336
2024-06-23,Viajes MBTB,216.69101793678794
2024-06-24,Viajes MBTB,310.7190920853727
2024-06-25,Viajes MBTB,-119.90412771751721
2024-06-26,Viajes MBTB,227.50460997238133
2024-06-27,Viajes MBTB,120.58686910889583
2024-06-28,Viajes MBTB,265.9516054726448
2024-06-29,Viajes MBTB,167.330712183581
2024-06-30,Viajes MBTB,54.32681040079774
2024-07-01,Viajes MBTB,83.77506015411495
2024-07-02,Viajes MBTB,165.20859344379141
2024-07-03,Viajes MBTB,35.23758126752318
2024-07-04,Viajes MBTB,-7.62853631806729
2024-07-05,Viajes MBTB,-0.24046972069754702
2024-07-06,Viajes MBTB,-328.912395290268
2024-07-07,Viajes MBTB,-97.52412841793557
2024-07-08,Viajes MBTB,-176.56031539841865
2024-07-09,Viajes MBTB,-1015.1730534697256
2024-07-10,Viajes MBTB,-164.74695772516384
2024-07-11,Viajes MBTB,-160.31356257678976
2024-07-12,Viajes MBTB,231.1996355414492
2024-07-13,Viajes MBTB,297.38847063320884
2024-07-14,Viajes MBTB,244.79460256197842
2024-07-15,Viajes MBTB,76.0508941469343
2024-07-16,Viajes MBTB,5.711748539418295
2024-07-17,Viajes MBTB,116.54714992904019
2024-07-18,Viajes MBTB,-226.1325254587848
2024-07-19,Viajes MBTB,49.360470489016734
2024-07-20,Viajes MBTB,-298.71701929093797
2024-07-21,Viajes MBTB,45.399755821657095
2024-07-22,Viajes MBTB,269.8600418240401
2024-07-23,Viajes MBTB,-270.4106307205716
2024-07-24,Viajes MBTB,88.47350059376458
2024-07-25,Viajes MBTB,359.4465253199264
2024-07-26,Viajes MBTB,463.4855757712112
2024-07-27,Viajes MBTB,437.9469133612615
2024-07-28,Viajes MBTB,-76.94293039078616
2024-07-29,Viajes MBTB,22.690214973080174
2024-07-30,Viajes MBTB,-160.18552697990526
2024-07-31,Viajes MBTB,-105.51528344801613
2024-08-01,Viajes MBTB,54.57324977796861
2024-08-02,Viajes MBTB,292.73677313992357
2024-08-03,Viajes MBTB,-5.748788728315731
2024-08-04,Viajes MBTB,181.1673815231036
2024-08-05,Viajes MBTB,64.04828475633303
2024-08-06,Viajes MBTB,-352.13704959007737
2024-08-07,Viajes MBTB,-91.50907831618565
2024-08-08,Viajes MBTB,-908.9512975058417
2024-08-09,Viajes MBTB,117.0784603366942
2024-08-10,Viajes MBTB,249.33356302888933
2024-08-11,Viajes MBTB,394.94505185004016
2024-08-12,Viajes MBTB,133.0953677733196
2024-08-13,Viajes MBTB,63.587271887671704
2024-08-14,Viajes MBTB,128.05111498104816
2024-08-15,Viajes MBTB,36.66167579695593
2024-08-16,Viajes MBTB,11.53171675103431
2024-08-17,Viajes MBTB,-79.509514981861
2024-08-18,Viajes MBTB,76.97554028093236
2024-08-19,Viajes MBTB,-144.7751952926069
2024-08-20,Viajes MBTB,-865.0098642454363
2024-08-21,Viajes MBTB,-570.7210187477276
2024-08-22,Viajes MBTB,-215.58529879363005
2024-08-23,Viajes MBTB,213.02322610132046
2024-08-24,Viajes MBTB,48.857024084228556
2024-08-25,Viajes MBTB,322.5344175332672
2024-08-26,Viajes MBTB,387.0006238209014
2024-08-27,Viajes MBTB,309.8002623734387
2024-08-28,Viajes MBTB,227.6973073559609
2024-08-29,Viajes MBTB,214.9451748593417
2024-08-30,Viajes MBTB,-976.8596790742918
2024-08-31,Viajes MBTB,-273.53812287840003
2024-09-01,Viajes MBTB,494.7195456314154
2024-09-02,Viajes MBTB,427.4975032995078
2024-09-03,Viajes MBTB,356.0001986833995
2024-09-04,Viajes MBTB,195.6752202079267
2024-09-05,Viajes MBTB,215.09464916989327
2024-09-06,Viajes MBTB,224.4051207649345
2024-09-07,Viajes MBTB,397.51727763783083
2024-09-08,Viajes MBTB,387.5121358455731
2024-09-09,Viajes MBTB,95.81271404582003
2024-09-10,Viajes MBTB,-169.0900502317054
2024-09-11,Viajes MBTB,-267.13971728212573
2024-09-12,Viajes MBTB,-53.83914502012021
2024-09-13,Viajes MBTB,98.80506601498541
2024-09-14,Viajes MBTB,359.09500448158997
2024-09-15,Viajes MBTB,287.1579755662333
2024-09-16,Viajes MBTB,122.34984798588471
2024-09-17,Viajes MBTB,-68.22346794718851
2024-09-18,Viajes MBTB,-31.395494554479683
2024-09-19,Viajes MBTB,-268.038067117594
2024-09-20,Viajes MBTB,150.77853496280704
2024-09-21,Viajes MBTB,52.3060851547184
2024-09-22,Viajes MBTB,390.04806339593165
2024-09-23,Viajes MBTB,72.38947718579311
2024-09-24,Viajes MBTB,81.86113829758324
2024-09-25,Viajes MBTB,15.774806245734453
2024-09-26,Viajes MBTB,216.1841958391351
2024-09-27,Viajes MBTB,331.04114203954396
2024-09-28,Viajes MBTB,573.479887388768
2024-09-29,Viajes MBTB,955.8927245563193
2024-09-30,Viajes MBTB,-165.78750203512254
2024-10-01,Viajes MBTB,122.09343560608795
2024-10-02,Viajes MBTB,91.32362918934405
2024-10-03,Viajes MBTB,145.06414490065072
2024-10-04,Viajes MBTB,223.70258866819722
2024-10-05,Viajes MBTB,627.6621891398568
2024-10-06,Viajes MBTB,638.5851959481952
2024-10-07,Viajes MBTB,-1344.220515616938
2024-10-08,Viajes MBTB,103.70437025341607
2024-10-09,Viajes MBTB,-311.25791408949
2024-10-10,Viajes MBTB,-74.05420743257491
2024-10-11,Viajes MBTB,522.1689989571901
2024-10-12,Viajes MBTB,-1009.7165186268157
2024-10-13,Viajes MBTB,-825.6562358523688
2024-10-14,Viajes MBTB,-861.416726141144
2024-10-15,Viajes MBTB,630.2881792651183
2024-10-16,Viajes MBTB,747.945815442074
2024-10-17,Viajes MBTB,-1543.1156591524987
2024-10-18,Viajes MBTB,1032.039484854935
2024-10-19,Viajes MBTB,1380.2484929551026
2024-10-20,Viajes MBTB,626.2208142816644
2024-10-21,Viajes MBTB,202.95085601206392
2024-10-22,Viajes MBTB,-513.766304685158
2024-10-23,Viajes MBTB,-1937.956207386212
2024-10-24,Viajes MBTB,259.38358053450565
2024-10-25,Viajes MBTB,173.29946986280356
2024-10-26,Viajes MBTB,1023.0315270960011
2024-10-27,Viajes MBTB,1306.0336715411227
2024-10-28,Viajes MBTB,421.9612985739968
2024-10-29,Viajes MBTB,147.60768360476732
2024-10-30,Viajes MBTB,-19.669284676825555
2024-10-31,Viajes MBTB,14.85804638387981
2024-11-01,Viajes MBTB,-146.93472918948692
2024-11-02,Viajes MBTB,-112.0800116105238
2024-11-03,Viajes MBTB,787.7249772166306
2024-11-04,Viajes MBTB,-826.03455347726
2024-11-05,Viajes MBTB,85.56761914966546
2024-11-06,Viajes MBTB,-185.6161340966778
2024-11-07,Viajes MBTB,104.50055025657412
2024-11-08,Viajes MBTB,229.04086244776272
2024-11-09,Viajes MBTB,321.0219269678573
2024-11-10,Viajes MBTB,452.3239023607348
2024-11-11,Viajes MBTB,-356.9742494264965
2024-11-12,Viajes MBTB,13.164053238962424
2024-11-13,Viajes MBTB,246.3758870116235
2024-11-14,Viajes MBTB,-179.36027393292397
2024-11-15,Viajes MBTB,-184.3269244950775
2024-11-16,Viajes MBTB,18.675659837658714
2024-11-17,Viajes MBTB,-684.2368916716523
2024-11-18,Viajes MBTB,-278.0010776496392
2024-11-19,Viajes MBTB,-269.0270003540945
2024-11-20,Viajes MBTB,218.4409840417461
2024-11-21,Viajes MBTB,-68.77181252527907
2024-11-22,Viajes MBTB,158.0936545615582
2024-11-23,Viajes MBTB,209.47380127716224
2024-11-24,Viajes MBTB,-53.3448190199515
2024-11-25,Viajes MBTB,-300.7012156073629
2024-11-26,Viajes MBTB,-6.608763879803973
2024-11-27,Viajes MBTB,-570.1110435894125
2024-11-28,Viajes MBTB,-485.77773444072955
2024-11-29,Viajes MBTB,150.13593422213535
2024-11-30,Viajes MBTB,204.30276171829382
2024-12-01,Viajes MBTB,2.7745999707749434
2024-12-02,Viajes MBTB,409.5275485316388
2024-12-03,Viajes MBTB,118.19256065372565
2024-12-04,Viajes MBTB,84.82845621021761
2024-12-05,Viajes MBTB,21.674872972468165
2024-12-06,Viajes MBTB,-347.4340299339897
2024-12-07,Viajes MBTB,144.54047185375293
2024-12-08,Viajes MBTB,647.7901624478438
2024-12-09,Viajes MBTB,-44.277285244382256
2024-12-10,Viajes MBTB,-61.83807131440608
2024-12-11,Viajes MBTB,-125.32844065304744
2024-12-12,Viajes MBTB,-313.09105501580916
2024-12-13,Viajes MBTB,222.78970837488941
2024-12-14,Viajes MBTB,-395.89730605201294
2024-12-15,Viajes MBTB,549.5602715236778
2024-12-16,Viajes MBTB,72.02979130356107
2024-12-17,Viajes MBTB,8.969846080641673
2024-12-18,Viajes MBTB,-635.2397702861899
2024-12-19,Viajes MBTB,108.25971463572387
2024-12-20,Viajes MBTB,28.44635779164264
2024-12-21,Viajes MBTB,-612.9492183431485
2024-12-22,Viajes MBTB,657.4592047303724
2024-12-23,Viajes MBTB,245.40997908489862
2024-12-24,Viajes MBTB,-1312.598380506583
2024-12-25,Viajes MBTB,-1192.578625374434
2024-12-26,Viajes MBTB,376.84399504715793
2024-12-27,Viajes MBTB,314.71307927561156
2024-12-28,Viajes MBTB,367.97200586972417
2024-12-29,Viajes MBTB,836.9734350246115
2024-12-30,Viajes MBTB,194.9192202679751
2024-12-31,Viajes MBTB,-1153.3058847440961
2024-01-31,Temperatura,0.7305263402136717
2024-02-01,Temperatura,1.4125811971690148
2024-02-02,Temperatura,2.3041460805302343
2024-02-03,Temperatura,2.852306912392308
2024-02-04,Temperatura,-1.0281209309225652
2024-02-05,Temperatura,2.142336210371951
2024-02-06,Temperatura,1.4550674317591827
2024-02-07,Temperatura,0.7357730941707032
2024-02-08,Temperatura,1.42933070420802
2024-02-09,Temperatura,-6.008705867095543
2024-02-10,Temperatura,-2.275860988109663
2024-02-11,Temperatura,-0.9757402618711062
2024-02-12,Temperatura,-6.836998028156014
2024-02-13,Temperatura,-3.1376486289281935
2024-02-14,Temperatura,2.166307526444335
2024-02-15,Temperatura,0.1493493992278232
2024-02-16,Temperatura,5.925455374134543
2024-02-17,Temperatura,9.27938930016732
2024-02-18,Temperatura,0.9972207856133259
2024-02-19,Temperatura,-0.7848669036416211
2024-02-20,Temperatura,-0.605268983296785
2024-02-21,Temperatura,-0.4730934001028899
2024-02-22,Temperatura,-0.1497514788829868
2024-02-23,Temperatura,-3.3257953235104623
2024-02-24,Temperatura,-1.1157074295715077
2024-02-25,Temperatura,-4.061045611787446
2024-02-26,Temperatura,1.756987425196165
2024-02-27,Temperatura,0.41337121919955067
2024-02-28,Temperatura,-1.693897559413223
2024-02-29,Temperatura,-0.9285922094968839
2024-03-01,Temperatura,-1.2805556381933272
2024-03-02,Temperatura,-0.2533782878394497
2024-03-03,Temperatura,-8.964573923845105
2024-03-04,Temperatura,-2.9584785518982315
2024-03-05,Temperatura,-1.794613824784605
2024-03-06,Temperatura,-0.31022629177725847
2024-03-07,Temperatura,-0.17823003078121857
2024-03-08,Temperatura,-0.2883507570197743
2024-03-09,Temperatura,-1.7760180809677664
2024-03-10,Temperatura,-3.34647875658224
2024-03-11,Temperatura,1.2305743332131236
2024-03-12,Temperatura,0.2580623349632667
2024-03-13,Temperatura,-6.755985248668168
2024-03-14,Temperatura,0.8262782284646839
2024-03-15,Temperatura,-1.158043639943461
2024-03-16,Temperatura,-1.9900984968988027
2024-03-17,Temperatura,-1.76709299073487
2024-03-18,Temperatura,-0.699056419431308
2024-03-19,Temperatura,5.56352124341776
2024-03-20,Temperatura,5.725093195418879
2024-03-21,Temperatura,-6.872907009265134
2024-03-22,Temperatura,-4.131689143919726
2024-03-23,Temperatura,-0.7432575616008918
2024-03-24,Temperatura,3.211374958203514
2024-03-25,Temperatura,4.818281558100619
2024-03-26,Temperatura,-1.2601793221978568
2024-03-27,Temperatura,-2.4510713754471496
2024-03-28,Temperatura,0.4345082592459022
2024-03-29,Temperatura,1.075674597271906
2024-03-30,Temperatura,4.452577662849066
2024-03-31,Temperatura,-0.02594534772867263
2024-04-01,Temperatura,-5.748830127654045
2024-04-02,Temperatura,1.4257331932312098
2024-04-03,Temperatura,-0.032976208184283706
2024-04-04,Temperatura,-2.322270545772753
2024-04-05,Temperatura,0.5004571412945182
2024-04-06,Temperatura,-2.637915845065006
2024-04-07,Temperatura,0.9482780237806736
2024-04-08,Temperatura,0.7376051936687418
2024-04-09,Temperatura,0.7434040514991516
2024-04-10,Temperatura,-7.966932363556811
2024-04-11,Temperatura,2.493488411118159
2024-04-12,Temperatura,4.070947114888641
2024-04-13,Temperatura,1.0983143904002262
2024-04-14,Temperatura,2.3601863908377574
2024-04-15,Temperatura,0.5471515866941736
2024-04-16,Temperatura,-3.197327374572078
2024-04-17,Temperatura,3.3660731426071226
2024-04-18,Temperatura,0.9456781315918548
2024-04-19,Temperatura,0.040003534319946965
2024-04-20,Temperatura,1.8275794300090453
2024-04-21,Temperatura,1.56810223590276
2024-04-22,Temperatura,0.008716470055393444
2024-04-23,Temperatura,-3.0469288292368617
2024-04-24,Temperatura,-4.726288831424533
2024-04-25,Temperatura,-0.0875208340497391
2024-04-26,Temperatura,2.1546582834641086
2024-04-27,Temperatura,-5.275491740754097
2024-04-28,Temperatura,-4.353012574803834
2024-04-29,Temperatura,2.050205085857563
2024-04-30,Temperatura,10.41042430899492
2024-05-01,Temperatura,-3.846219632505383
2024-05-02,Temperatura,-3.4934954797580584
2024-05-03,Temperatura,-3.7234075858191016
2024-05-04,Temperatura,1.8049325682408206
2024-05-05,Temperatura,4.23423044014924
2024-05-06,Temperatura,0.5227019234075705
2024-05-07,Temperatura,1.4556160013126025
2024-05-08,Temperatura,-4.319444361806674
2024-05-09,Temperatura,-4.929327169888069
2024-05-10,Temperatura,2.2701464898982557
2024-05-11,Temperatura,-2.089389300167321
2024-05-12,Temperatura,-2.658961456852454
2024-05-13,Temperatura,-5.1004970422340214
2024-05-14,Temperatura,-2.9138753300734734
2024-05-15,Temperatura,-1.7821275901944453
2024-05-16,Temperatura,-1.1456852002317532
2024-05-17,Temperatura,-0.5535060827179077
2024-05-18,Temperatura,1.0066181778406005
2024-05-19,Temperatura,-1.0950967297388292
2024-05-20,Temperatura,-3.1216305479604216
2024-05-21,Temperatura,-1.74292114654493
2024-05-22,Temperatura,-3.512522601209712
2024-05-23,Temperatura,-3.5483835893193785
2024-05-24,Temperatura,-4.575041668099477
2024-05-25,Temperatura,-2.4199520070005462
2024-05-26,Temperatura,4.725784720550612
2024-05-27,Temperatura,2.2619891923561406
2024-05-28,Temperatura,-0.21328332526059768
2024-05-29,Temperatura,1.8538025968343703
2024-05-30,Temperatura,-2.682544830549464
2024-05-31,Temperatura,-0.7369651958564134
2024-06-01,Temperatura,-2.6078244168061016
2024-06-02,Temperatura,-5.0438389634539185
2024-06-03,Temperatura,-2.268076472243062
2024-06-04,Temperatura,4.44870233277559
2024-06-05,Temperatura,-4.46073849471113
2024-06-06,Temperatura,1.403919788752976
2024-06-07,Temperatura,2.0047204137433603
2024-06-08,Temperatura,5.328987220512156
2024-06-09,Temperatura,5.943901093733174
2024-06-10,Temperatura,0.4005627068332256
2024-06-11,Temperatura,3.12178764081853
2024-06-12,Temperatura,7.031758342838881
2024-06-13,Temperatura,5.954401670287147
2024-06-14,Temperatura,-2.369675211323937
2024-06-15,Temperatura,-5.067718851267401
2024-06-16,Temperatura,1.9984386509587289
2024-06-17,Temperatura,0.9525811971690157
2024-06-18,Temperatura,1.8054952750740476
2024-06-19,Temperatura,0.0015391197015208746
2024-06-20,Temperatura,-0.48481184200226757
2024-06-21,Temperatura,5.729235741629166
2024-06-22,Temperatura,-1.9519856580361896
2024-06-23,Temperatura,-8.855363945875643
2024-06-24,Temperatura,-3.480650600772176
2024-06-25,Temperatura,-2.481941199356685
2024-06-26,Temperatura,0.5987023327755914
2024-06-27,Temperatura,5.009901503101198
2024-06-28,Temperatura,-0.853711168575467
2024-06-29,Temperatura,-4.10046067561447
2024-06-30,Temperatura,-2.2205263402136737
2024-07-01,Temperatura,-5.1445153278858005
2024-07-02,Temperatura,-2.544427433946849
2024-07-03,Temperatura,-4.877648628928191
2024-07-04,Temperatura,-0.624675955063859
2024-07-05,Temperatura,-1.2537839018145682
2024-07-06,Temperatura,-1.039242810269065
2024-07-07,Temperatura,-0.8065115888818424
2024-07-08,Temperatura,-4.888504315557932
2024-07-09,Temperatura,-4.823231797941195
2024-07-10,Temperatura,1.110446538334672
2024-07-11,Temperatura,3.26176996921878
2024-07-12,Temperatura,3.224168309869988
2024-07-13,Temperatura,-1.795766025530809
2024-07-14,Temperatura,-1.623436883798755
2024-07-15,Temperatura,5.590058595959303
2024-07-16,Temperatura,4.622120521554545
2024-07-17,Temperatura,1.0702227574573087
2024-07-18,Temperatura,1.5196085233046812
2024-07-19,Temperatura,-2.2969252949169103
2024-07-20,Temperatura,-10.301009245167895
2024-07-21,Temperatura,-2.2097327838631866
2024-07-22,Temperatura,5.754131943250439
2024-07-23,Temperatura,4.4646618177840605
2024-07-24,Temperatura,4.248255794440919
2024-07-25,Temperatura,-3.5275688270491905
2024-07-26,Temperatura,1.2947567803629134
2024-07-27,Temperatura,0.17843865095873035
2024-07-28,Temperatura,-4.397298076592428
2024-07-29,Temperatura,-5.016475222262292
2024-07-30,Temperatura,-4.7757437961910565
2024-07-31,Temperatura,0.537320305932182
2024-08-01,Temperatura,5.019378697207472
2024-08-02,Temperatura,9.2466252464805
2024-08-03,Temperatura,-4.4525670598892155
2024-08-04,Temperatura,-3.3896600506240837
2024-08-05,Temperatura,-3.5602778190966635
2024-08-06,Temperatura,9.298614438836637
2024-08-07,Temperatura,-2.0378466461458515
2024-08-08,Temperatura,-7.003831894814023
2024-08-09,Temperatura,-5.8547603146828635
2024-08-10,Temperatura,4.466369656723589
2024-08-11,Temperatura,3.9625119982498624
2024-08-12,Temperatura,-3.7597221809033368
2024-08-13,Temperatura,-2.1275794300090425
2024-08-14,Temperatura,-3.048961456852453
2024-08-15,Temperatura,-1.5526140294686162
2024-08-16,Temperatura,1.7237662302148173
2024-08-17,Temperatura,2.2195979203448317
2024-08-18,Temperatura,2.9340182856517814
2024-08-19,Temperatura,0.9031625990220427
2024-08-20,Temperatura,-7.582511998249863
2024-08-21,Temperatura,-0.8053124185562393
2024-08-22,Temperatura,-1.5137475351950185
2024-08-23,Temperatura,-2.433502548397956
2024-08-24,Temperatura,0.2006985937716319
2024-08-25,Temperatura,1.3145961531848567
2024-08-26,Temperatura,0.6461938688456801
2024-08-27,Temperatura,1.5349068045811194
2024-08-28,Temperatura,-1.0222998437524033
2024-08-29,Temperatura,-2.883374753519501
2024-08-30,Temperatura,-0.3376415602882936
2024-08-31,Temperatura,-6.736076676927073
2024-09-01,Temperatura,0.7402050858575606
2024-09-02,Temperatura,6.561005710847945
2024-09-03,Temperatura,1.528222962141319
2024-09-04,Temperatura,1.1009541835285432
2024-09-05,Temperatura,-2.5569288292368633
2024-09-06,Temperatura,2.059447896126626
2024-09-07,Temperatura,3.133652572616162
2024-09-08,Temperatura,-1.2527862830265768
2024-09-09,Temperatura,-3.1325741285291144
2024-09-10,Temperatura,1.5658574537897145
2024-09-11,Temperatura,2.8199085717410934
2024-09-12,Temperatura,0.48527958625663814
2024-09-13,Temperatura,-0.600855686629739
2024-09-14,Temperatura,-6.177912310745057
2024-09-15,Temperatura,-1.5597292495432367
2024-09-16,Temperatura,5.055791789190511
2024-09-17,Temperatura,2.2361974031656295
2024-09-18,Temperatura,4.208592209496885
2024-09-19,Temperatura,-1.754716879423416
2024-09-20,Temperatura,-4.091806335838328
2024-09-21,Temperatura,2.9326362588083654
2024-09-22,Temperatura,2.246811637318256
2024-09-23,Temperatura,-2.2662231668253305
2024-09-24,Temperatura,0.5615648833612212
2024-09-25,Temperatura,3.7802156888174085
2024-09-26,Temperatura,-3.0365595818812974
2024-09-27,Temperatura,-0.37260696082871547
2024-09-28,Temperatura,4.488742233715094
2024-09-29,Temperatura,5.563992521992077
2024-09-30,Temperatura,2.771604784300724
2024-10-01,Temperatura,-4.382504929609965
2024-10-02,Temperatura,-1.7432176606613936
2024-10-03,Temperatura,0.48046067561447003
2024-10-04,Temperatura,-0.07450825924590276
2024-10-05,Temperatura,1.7493564678677203
2024-10-06,Temperatura,0.6596342869643834
2024-10-07,Temperatura,-3.11729807659243
2024-10-08,Temperatura,-1.3841425462102848
2024-10-09,Temperatura,-4.106873767597509
2024-10-10,Temperatura,8.466987425196162
2024-10-11,Temperatura,7.268255794440922
2024-10-12,Temperatura,-3.734252669488992
2024-10-13,Temperatura,-1.3492286729892662
2024-10-14,Temperatura,0.1927933516664737
2024-10-15,Temperatura,-2.7815320510616175
2024-10-16,Temperatura,5.344446128966652
2024-10-17,Temperatura,0.5954952750740468
2024-10-18,Temperatura,-1.0442597381288934
2024-10-19,Temperatura,-0.9101207262385564
2024-10-20,Temperatura,-0.5766252464804964
2024-10-21,Temperatura,5.010398545335217
2024-10-22,Temperatura,1.1355574053532997
2024-10-23,Temperatura,0.28319543132164426
2024-10-24,Temperatura,-2.349934335400796
2024-10-25,Temperatura,-3.2470237918157174
2024-10-26,Temperatura,-1.0324569366105116
2024-10-27,Temperatura,-0.16457392384510428
2024-10-28,Temperatura,0.630058595959305
2024-10-29,Temperatura,7.640581401853023
2024-10-30,Temperatura,4.858350757019778
2024-10-31,Temperatura,3.1354402134346913
2024-11-01,Temperatura,4.322036161935539
2024-11-02,Temperatura,-0.07517048639798318
2024-11-03,Temperatura,-1.4508486179898412
2024-11-04,Temperatura,-0.9724170356710111
2024-11-05,Temperatura,-3.685118959078583
2024-11-06,Temperatura,-2.728007273323911
2024-11-07,Temperatura,2.506223166825329
2024-11-08,Temperatura,0.5451224933985337
2024-11-09,Temperatura,4.804478961266252
2024-11-10,Temperatura,-2.6530312698236393
2024-11-11,Temperatura,-1.4847532460429598
2024-11-12,Temperatura,0.20481537632221603
2024-11-13,Temperatura,2.442760519366871
2024-11-14,Temperatura,0.43089205324929125
2024-11-15,Temperatura,3.2049103389010725
2024-11-16,Temperatura,3.04028135341661
2024-11-17,Temperatura,-6.10330555460035
2024-11-18,Temperatura,-0.8120255589756908
2024-11-19,Temperatura,-2.911382026843409
2024-11-20,Temperatura,2.406314595084236
2024-11-21,Temperatura,0.8822998437524063
2024-11-22,Temperatura,-0.7596928829236873
2024-11-23,Temperatura,2.751901298417188
2024-11-24,Temperatura,0.7997878455025393
2024-11-25,Temperatura,-1.283524777737707
2024-11-26,Temperatura,-0.45229984375240306
2024-11-27,Temperatura,-3.598742233715093
2024-11-28,Temperatura,1.5562231668253297
2024-11-29,Temperatura,-6.139265039608819
2024-11-30,Temperatura,0.7942562038089456
2024-12-01,Temperatura,1.4529398415647314
2024-12-02,Temperatura,1.6305192715737782
2024-12-03,Temperatura,-1.55110420774675
2024-12-04,Temperatura,3.1380658692832135
2024-12-05,Temperatura,2.372394806331261
2024-12-06,Temperatura,-2.8788301276540516
2024-12-07,Temperatura,-4.176380259683437
2024-12-08,Temperatura,-0.5284093529790752
2024-12-09,Temperatura,-0.5644824955862013
2024-12-10,Temperatura,1.0863767253634862
2024-12-11,Temperatura,-2.6195721566851304
2024-12-12,Temperatura,4.274259738128894
2024-12-13,Temperatura,-1.3369616615364635
2024-12-14,Temperatura,-2.1714113248230653
2024-12-15,Temperatura,-2.59978784550254
2024-12-16,Temperatura,0.34836945203957725
2024-12-17,Temperatura,9.006683842439802
2024-12-18,Temperatura,1.7025226012097079
2024-12-19,Temperatura,-0.07913371041041017
2024-12-20,Temperatura,-0.8783073217603281
2024-12-21,Temperatura,-8.201959894376486
2024-12-22,Temperatura,-0.5388407306138987
2024-12-23,Temperatura,0.7719270620768874
2024-12-24,Temperatura,1.064873972281518
2024-12-25,Temperatura,-0.9423326760520041
2024-12-26,Temperatura,-2.093499014078006
2024-12-27,Temperatura,-1.200862755269636
2024-12-28,Temperatura,1.934106179590735
2024-12-29,Temperatura,4.089630752644435
2024-12-30,Temperatura,0.6547274823832616
2024-12-31,Temperatura,-0.3236162059966148
2023-01-31,Humedad,-3.978552230705084
2023-02-01,Humedad,0.7858400950050708
2023-02-02,Humedad,2.2624560447920814
2023-02-03,Humedad,-0.718345157622565
2023-02-04,Humedad,-4.711929415612623
2023-02-05,Humedad,-11.913455559469277
2023-02-06,Humedad,-8.823185956024993
2023-02-07,Humedad,-12.416480014654425
2023-02-08,Humedad,-4.192930083191598
2023-02-09,Humedad,-2.6599674157554816
2023-02-10,Humedad,-3.0651125154357857
2023-02-11,Humedad,-6.358752067175786
2023-02-12,Humedad,-8.36165257555652
2023-02-13,Humedad,9.866068506616664
2023-02-14,Humedad,-0.37015426422802733
2023-02-15,Humedad,-14.186936095264883
2023-02-16,Humedad,15.076786582753222
2023-02-17,Humedad,-13.550361708616919
2023-02-18,Humedad,-5.115195641713896
2023-02-19,Humedad,-6.136272941571903
2023-02-20,Humedad,-1.7188626546756751
2023-02-21,Humedad,-0.6338212771898171
2023-02-22,Humedad,3.510971464074487
2023-02-23,Humedad,14.4632641125122
2023-02-24,Humedad,-10.350375810534196
2023-02-25,Humedad,-7.402122758084239
2023-02-26,Humedad,-18.533911268773366
2023-02-27,Humedad,-2.8985102962596656
2023-02-28,Humedad,-2.161645710251072
2023-03-01,Humedad,0.648616656581396
2023-03-02,Humedad,1.1562477471710224
2023-03-03,Humedad,-2.847757893595876
2023-03-04,Humedad,-3.3870672786811085
2023-03-05,Humedad,-8.892668087665513
2023-03-06,Humedad,-8.083952460606042
2023-03-07,Humedad,-7.692398484221229
2023-03-08,Humedad,-1.0500848685608162
2023-03-09,Humedad,-7.741576685890237
2023-03-10,Humedad,-3.8880061585110823
2023-03-11,Humedad,-3.962529667637469
2023-03-12,Humedad,-6.734601512381751
2023-03-13,Humedad,-4.6508998015863625
2023-03-14,Humedad,1.9642590287048378
2023-03-15,Humedad,10.7629052600971
2023-03-16,Humedad,-3.913573012274611
2023-03-17,Humedad,-2.384339516855661
2023-03-18,Humedad,0.16886492149659205
2023-03-19,Humedad,-0.595969382906766
2023-03-20,Humedad,14.023719821816279
2023-03-21,Humedad,1.681647605765619
2023-03-22,Humedad,17.260956990850843
2023-03-23,Humedad,0.7551761986993455
2023-03-24,Humedad,-4.327669015931434
2023-03-25,Humedad,3.7322966575413403
2023-03-26,Humedad,-8.401784872891852
2023-03-27,Humedad,1.9804322571859245
2023-03-28,Humedad,0.8787402320794371
2023-03-29,Humedad,0.9393065288834208
2023-03-30,Humedad,-2.071321926975969
2023-03-31,Humedad,-10.225548371436268
2023-04-01,Humedad,-3.4952166089366017
2023-04-02,Humedad,3.307856645999415
2023-04-03,Humedad,26.880080270076284
2023-04-04,Humedad,-5.387158012877407
2023-04-05,Humedad,-1.8402171658961493
2023-04-06,Humedad,1.2007083546292847
2023-04-07,Humedad,-2.4044504756619176
2023-04-08,Humedad,-3.0630208173879083
2023-04-09,Humedad,0.5836919892881269
2023-04-10,Humedad,4.632939215317961
2023-04-11,Humedad,-1.1786769201222427
2023-04-12,Humedad,4.739175345467174
2023-04-13,Humedad,-15.173511224525583
2023-04-14,Humedad,-4.961003895087181
2023-04-15,Humedad,8.87200033548799
2023-04-16,Humedad,6.156198947420165
2023-04-17,Humedad,0.8697485075766167
2023-04-18,Humedad,-7.565534640825383
2023-04-19,Humedad,-4.325382490186442
2023-04-20,Humedad,-4.0722539415004775
2023-04-21,Humedad,4.271130108712505
2023-04-22,Humedad,2.9312818880450777
2023-04-23,Humedad,1.498781795218477
2023-04-24,Humedad,7.29174446265462
2023-04-25,Humedad,5.066806436056822
2023-04-26,Humedad,-5.909215755704423
2023-04-27,Humedad,-1.2998163790356614
2023-04-28,Humedad,-0.9002652230342818
2023-04-29,Humedad,1.7713646430167955
2023-04-30,Humedad,-2.548062194873765
2023-05-01,Humedad,-12.359332837203397
2023-05-02,Humedad,-2.6766184346824673
2023-05-03,Humedad,6.971178537157002
2023-05-04,Humedad,5.7507155912410965
2023-05-05,Humedad,17.396592497668863
2023-05-06,Humedad,3.393332394260298
2023-05-07,Humedad,-12.821950754141682
2023-05-08,Humedad,5.788104910914598
2023-05-09,Humedad,-2.670866217671872
2023-05-10,Humedad,-1.7817017466137628
2023-05-11,Humedad,5.202752738151787
2023-05-12,Humedad,-4.414333022856582
2023-05-13,Humedad,2.6130013743733542
2023-05-14,Humedad,0.790936394934505
2023-05-15,Humedad,-0.0673647146535501
2023-05-16,Humedad,0.657600773166024
2023-05-17,Humedad,0.7122554657086511
2023-05-18,Humedad,0.19219330665325174
2023-05-19,Humedad,18.66527342689473
2023-05-20,Humedad,-3.926660740434272
2023-05-21,Humedad,9.70965851599307
2023-05-22,Humedad,5.4640298744805165
2023-05-23,Humedad,3.192779828067202
2023-05-24,Humedad,10.045417969615471
2023-05-25,Humedad,6.379029688827316
2023-05-26,Humedad,-7.275618138409854
2023-05-27,Humedad,-12.289885774702839
2023-05-28,Humedad,6.839230639217121
2023-05-29,Humedad,1.690956990850836
2023-05-30,Humedad,5.323222178066786
2023-05-31,Humedad,8.13770412405411
2023-06-01,Humedad,4.7490506560500165
2023-06-02,Humedad,3.68849122455147
2023-06-03,Humedad,7.893712213898098
2023-06-04,Humedad,-14.196709168878755
2023-06-05,Humedad,0.21711036602833644
2023-06-06,Humedad,17.94270430970728
2023-06-07,Humedad,7.445293651504699
2023-06-08,Humedad,-0.9195337875932097
2023-06-09,Humedad,-17.877544697820653
2023-06-10,Humedad,-6.053234755775868
2023-06-11,Humedad,1.5283123553035054
2023-06-12,Humedad,2.9061230577538737
2023-06-13,Humedad,-1.7693328372033932
2023-06-14,Humedad,9.83833295121984
2023-06-15,Humedad,0.7016476057656149
2023-06-16,Humedad,11.308374143052518
2023-06-17,Humedad,2.4247067587843674
2023-06-18,Humedad,2.31552169180992
2023-06-19,Humedad,4.826336624835477
2023-06-20,Humedad,2.2585465183014293
2023-06-21,Humedad,12.006529967307074
2023-06-22,Humedad,0.2597134384366342
2023-06-23,Humedad,6.315417969615467
2023-06-24,Humedad,3.1321582375132664
2023-06-25,Humedad,-2.018601401762325
2023-06-26,Humedad,8.658919472633798
2023-06-27,Humedad,-10.01432652885751
2023-06-28,Humedad,-4.331556832586628
2023-06-29,Humedad,5.196468179558082
2023-06-30,Humedad,0.06416142920309653
2023-07-01,Humedad,6.85226919631954
2023-07-02,Humedad,5.864872640034193
2023-07-03,Humedad,0.46526619028290384
2023-07-04,Humedad,2.1184637633297143
2023-07-05,Humedad,6.494437526646436
2023-07-06,Humedad,6.318795154523016
2023-07-07,Humedad,-11.797102719127452
2023-07-08,Humedad,7.835597952782564
2023-07-09,Humedad,6.314244184174839
2023-07-10,Humedad,-0.6096371384812898
2023-07-11,Humedad,0.26751764688793855
2023-07-12,Humedad,12.77706880288929
2023-07-13,Humedad,-6.558670426123186
2023-07-14,Humedad,1.253360226788459
2023-07-15,Humedad,6.773042566206044
2023-07-16,Humedad,-6.952282145334991
2023-07-17,Humedad,0.4430219702896778
2023-07-18,Humedad,1.4308811011845677
2023-07-19,Humedad,0.5106946240183845
2023-07-20,Humedad,9.312642150651897
2023-07-21,Humedad,6.050162653741651
2023-07-22,Humedad,-2.847054290682962
2023-07-23,Humedad,-8.114312426940245
2023-07-24,Humedad,8.403505512121953
2023-07-25,Humedad,13.18404397639776
2023-07-26,Humedad,-9.527227037238234
2023-07-27,Humedad,-0.08533443304831678
2023-07-28,Humedad,4.74931339418886
2023-07-29,Humedad,-2.669664599703083
2023-07-30,Humedad,8.74195153573713
2023-07-31,Humedad,5.400286971852424
2023-08-01,Humedad,2.1391681088553582
2023-08-02,Humedad,-6.201149551727056
2023-08-03,Humedad,-16.887288824987266
2023-08-04,Humedad,9.942255837015018
2023-08-05,Humedad,3.28670995047419
2023-08-06,Humedad,5.538484730552412
2023-08-07,Humedad,-8.512123129390616
2023-08-08,Humedad,10.931544254877537
2023-08-09,Humedad,-0.7796024406476789
2023-08-10,Humedad,13.830135192519847
2023-08-11,Humedad,-22.749747725981166
2023-08-12,Humedad,-10.29074152825472
2023-08-13,Humedad,0.7761371596711371
2023-08-14,Humedad,4.466026572171245
2023-08-15,Humedad,-1.273441828858374
2023-08-16,Humedad,15.16196563765439
2023-08-17,Humedad,6.441343675794101
2023-08-18,Humedad,-11.836812519766838
2023-08-19,Humedad,-3.3468121484604794
2023-08-20,Humedad,8.587386834778059
2023-08-21,Humedad,3.379941850048226
2023-08-22,Humedad,1.9632221780667862
2023-08-23,Humedad,-8.754008496968737
2023-08-24,Humedad,-6.573172596720461
2023-08-25,Humedad,0.8820830904597301
2023-08-26,Humedad,-7.633441828858373
2023-08-27,Humedad,2.041938176432609
2023-08-28,Humedad,-4.941943146223522
2023-08-29,Humedad,-0.3653546576582798
2023-08-30,Humedad,-4.023020446081524
2023-08-31,Humedad,-6.556300774100066
2023-09-01,Humedad,8.115315361340144
2023-09-02,Humedad,15.247752923804974
2023-09-03,Humedad,6.164175159813979
2023-09-04,Humedad,-6.292095668168827
2023-09-05,Humedad,-5.834712842494383
2023-09-06,Humedad,-0.8698369749519941
2023-09-07,Humedad,16.213367463400274
2023-09-08,Humedad,-4.732661964972792
2023-09-09,Humedad,-4.998794372927591
2023-09-10,Humedad,4.106461314252613
2023-09-11,Humedad,-5.2984904429560515
2023-09-12,Humedad,-16.150341112700573
2023-09-13,Humedad,3.8990239374409867
2023-09-14,Humedad,-3.5358519301014226
2023-09-15,Humedad,-5.724035586884149
2023-09-16,Humedad,-1.4732965435248886
2023-09-17,Humedad,8.418595689358675
2023-09-18,Humedad,-4.2265772428497925
2023-09-19,Humedad,7.932400751042145
2023-09-20,Humedad,10.825522063116281
2023-09-21,Humedad,3.4440577070086675
2023-09-22,Humedad,-1.6410942579771017
2023-09-23,Humedad,-1.4396024406476755
2023-09-24,Humedad,-5.686094072323925
2023-09-25,Humedad,-12.372412957444865
2023-09-26,Humedad,17.52621304933743
2023-09-27,Humedad,-10.897475302153445
2023-09-28,Humedad,-3.568911454426548
2023-09-29,Humedad,-2.6226337611382746
2023-09-30,Humedad,2.1837129565108313
2023-10-01,Humedad,-9.164132443773141
2023-10-02,Humedad,-10.026998254320269
2023-10-03,Humedad,19.954037853705053
2023-10-04,Humedad,-14.50755805712518
2023-10-05,Humedad,-10.662088060250646
2023-10-06,Humedad,-2.845458008546359
2023-10-07,Humedad,-0.6792909027579768
2023-10-08,Humedad,-9.13739180456897
2023-10-09,Humedad,-4.263393029107505
2023-10-10,Humedad,3.1884301794152137
2023-10-11,Humedad,1.927518389500662
2023-10-12,Humedad,-5.482461014582988
2023-10-13,Humedad,-4.1953062292137915
2023-10-14,Humedad,-7.203552045051893
2023-10-15,Humedad,6.427435634528933
2023-10-16,Humedad,-1.3374265024025718
2023-10-17,Humedad,-16.65232983116676
2023-10-18,Humedad,-6.121010389086258
2023-10-19,Humedad,6.336089102533009
2023-10-20,Humedad,2.460287714465167
2023-10-21,Humedad,15.939555536411355
2023-10-22,Humedad,16.950701489323833
2023-10-23,Humedad,-0.8814950448375924
2023-10-24,Humedad,-4.669692432231244
2023-10-25,Humedad,-5.992116264085155
2023-10-26,Humedad,-5.53397379913514
2023-10-27,Humedad,7.076440718336286
2023-10-28,Humedad,0.2324488081802798
2023-10-29,Humedad,4.384396334813772
2023-10-30,Humedad,-2.9769711644048584
2023-10-31,Humedad,-0.910700336422039
2023-11-01,Humedad,9.162186441347814
2023-11-02,Humedad,9.114237318869371
2023-11-03,Humedad,-14.437240767849133
2023-11-04,Humedad,-3.8314046819476886
2023-11-05,Humedad,-0.40293082580434714
2023-11-06,Humedad,1.0193343614115662
2023-11-07,Humedad,1.0146243751189985
2023-11-08,Humedad,-16.391156045726127
2023-11-09,Humedad,-2.033427726941113
2023-11-10,Humedad,24.868588824053234
2023-11-11,Humedad,-8.0503483493124
2023-11-12,Humedad,-13.704291459717524
2023-11-13,Humedad,1.9702392860206714
2023-11-14,Humedad,-1.620686234504774
2023-11-15,Humedad,7.137614875083301
2023-11-16,Humedad,-22.9461215335457
2023-11-17,Humedad,22.84522574106296
2023-11-18,Humedad,-21.886356439156394
2023-11-19,Humedad,-2.768089284789177
2023-11-20,Humedad,2.8982021391099835
2023-11-21,Humedad,10.647159165779215
2023-11-22,Humedad,-6.4875027633752325
2023-11-23,Humedad,-8.335078560214917
2023-11-24,Humedad,-6.3324057208330515
2023-11-25,Humedad,-5.0203476066996515
2023-11-26,Humedad,4.037442499834384
2023-11-27,Humedad,0.6123801551257984
2023-11-28,Humedad,6.094341412370198
2023-11-29,Humedad,2.9085884527468693
2023-11-30,Humedad,-12.526680965044235
2023-12-01,Humedad,15.442131518904233
2023-12-02,Humedad,-11.375403457409156
2023-12-03,Humedad,-6.494954242104143
2023-12-04,Humedad,-9.877682003929586
2023-12-05,Humedad,20.571655213683805
2023-12-06,Humedad,4.326412885808125
2023-12-07,Humedad,-7.613697701691748
2023-12-08,Humedad,-10.735686420157961
2023-12-09,Humedad,5.512884292874389
2023-12-10,Humedad,-5.109284408758896
2023-12-11,Humedad,-5.225907223851365
2023-12-12,Humedad,1.1136992258999356
2023-12-13,Humedad,24.876040302782144
2023-12-14,Humedad,1.2122550944022805
2023-12-15,Humedad,6.301177794544273
2023-12-16,Humedad,1.9945893059790194
2023-12-17,Humedad,-6.370196569979825
2023-12-18,Humedad,9.595045386589504
2023-12-19,Humedad,-9.69322139647133
2023-12-20,Humedad,1.9796173241603725
2023-12-21,Humedad,-0.24144624508674895
2023-12-22,Humedad,3.1660330661703284
2023-12-23,Humedad,-3.3107487648665312
2023-12-24,Humedad,1.3355842221716756
2023-12-25,Humedad,-4.121832930029996
2023-12-26,Humedad,-8.930720932338374
2023-12-27,Humedad,-7.852267672111367
2023-12-28,Humedad,7.1740584496214055
2023-12-29,Humedad,-9.976086835712103
2023-12-30,Humedad,-0.2981377132336718
2023-12-31,Humedad,-6.660768989476509
2024-01-01,Humedad,0.5826081954310283
2024-01-02,Humedad,0.7783470531371108
2024-01-03,Humedad,0.9665997342806705
2024-01-04,Humedad,-1.3703064148669597
2024-01-05,Humedad,0.06441043673103763
2024-01-06,Humedad,9.122718411624547
2024-01-07,Humedad,1.1625109672356757
2024-01-08,Humedad,-9.836480757267168
2024-01-09,Humedad,-6.2767152915714775
2024-01-10,Humedad,2.5893000348843387
2024-01-11,Humedad,-0.8423782596112588
2024-01-12,Humedad,-4.22074152825472
2024-01-13,Humedad,-0.49490581365964204
2024-01-14,Humedad,9.092898023485276
2024-01-15,Humedad,-20.387433739014376
2024-01-16,Humedad,28.423105467874173
2024-01-17,Humedad,-7.856128770157525
2024-01-18,Humedad,5.122883921568004
2024-01-19,Humedad,-9.357033323460243
2024-01-20,Humedad,-11.129595204035866
2024-01-21,Humedad,1.1972144595291496
2024-01-22,Humedad,0.6329533172352271
2024-01-23,Humedad,-5.892633761138278
2024-01-24,Humedad,-0.3821502193060269
2024-01-25,Humedad,-3.540444463588649
2024-01-26,Humedad,-5.759822873034722
2024-01-27,Humedad,-1.4173227802081314
2024-01-28,Humedad,-5.297820052651268
2024-01-29,Humedad,-1.413869705634312
2024-01-30,Humedad,-8.170340741394206
2024-01-31,Humedad,-5.2565906021543185
2024-02-01,Humedad,-6.881314319057772
2024-02-02,Humedad,-8.743779714050767
2024-02-03,Humedad,-5.10398678713328
2024-02-04,Humedad,0.7889068559420096
2024-02-05,Humedad,-3.124463463660078
2024-02-06,Humedad,-3.323075368525103
2024-02-07,Humedad,-7.4986071531486616
2024-02-08,Humedad,-6.839629159256724
2024-02-09,Humedad,27.14828526538809
2024-02-10,Humedad,8.644209857647596
2024-02-11,Humedad,-10.342800013694472
2024-02-12,Humedad,13.24117130054519
2024-02-13,Humedad,-11.304871858438787
2024-02-14,Humedad,1.963622964927282
2024-02-15,Humedad,-4.800078745868113
2024-02-16,Humedad,0.9905912731303133
2024-02-17,Humedad,2.207642336305085
2024-02-18,Humedad,-2.281529000058484
2024-02-19,Humedad,1.389341226717022
2024-02-20,Humedad,-0.049519314369575795
2024-02-21,Humedad,-9.02480246277156
2024-02-22,Humedad,-3.5397469833684454
2024-02-23,Humedad,22.560370469436904
2024-02-24,Humedad,-14.403297286137622
2024-02-25,Humedad,21.32342275715021
2024-02-26,Humedad,7.121882140069914
2024-02-27,Humedad,-4.580113815008076
2024-02-28,Humedad,-7.852289010640462
2024-02-29,Humedad,-1.0261699619901918
2024-03-01,Humedad,3.981495826433047
2024-03-02,Humedad,12.912517832541099
2024-03-03,Humedad,-19.516550152934357
2024-03-04,Humedad,-2.15652194909984
2024-03-05,Humedad,1.41158581801659
2024-03-06,Humedad,2.637131333251048
2024-03-07,Humedad,-3.3899612930627683
2024-03-08,Humedad,7.018892382718377
2024-03-09,Humedad,9.973139423095034
2024-03-10,Humedad,-0.820845621755538
2024-03-11,Humedad,5.356184845502895
2024-03-12,Humedad,-4.941598395725677
2024-03-13,Humedad,12.845791295254202
2024-03-14,Humedad,11.153263369899449
2024-03-15,Humedad,4.428580844828659
2024-03-16,Humedad,0.892165102818737
2024-03-17,Humedad,-1.0623790022240058
2024-03-18,Humedad,9.482379412513069
2024-03-19,Humedad,5.39825631894081
2024-03-20,Humedad,-3.9151345965776017
2024-03-21,Humedad,-13.856805654461382
2024-03-22,Humedad,7.7381533393591155
2024-03-23,Humedad,7.576488775474417
2024-03-24,Humedad,1.1453836430882376
2024-03-25,Humedad,2.5582082618026902
2024-03-26,Humedad,-0.6201550068407613
2024-03-27,Humedad,3.410901697100897
2024-03-28,Humedad,-0.348525140789647
2024-03-29,Humedad,-0.23117701294883375
2024-03-30,Humedad,-3.1587322138721845
2024-03-31,Humedad,1.9658397236986929
2024-04-01,Humedad,8.781191896461536
2024-04-02,Humedad,2.061792519792732
2024-04-03,Humedad,17.110659926184795
2024-04-04,Humedad,-15.156571120157082
2024-04-05,Humedad,1.950135192519852
2024-04-06,Humedad,9.538125506830966
2024-04-07,Humedad,0.6216197732374553
2024-04-08,Humedad,5.9624278409575595
2024-04-09,Humedad,0.5123172534576668
2024-04-10,Humedad,-5.35675036071143
2024-04-11,Humedad,1.239693213826655
2024-04-12,Humedad,8.634976362228642
2024-04-13,Humedad,13.531675066987418
2024-04-14,Humedad,4.280590530517571
2024-04-15,Humedad,5.8588916401056395
2024-04-16,Humedad,-7.7592782860662055
2024-04-17,Humedad,0.5599761765754465
2024-04-18,Humedad,4.290093629380792
2024-04-19,Humedad,3.436958215389396
2024-04-20,Humedad,5.317213716916427
2024-04-21,Humedad,9.620369726824151
2024-04-22,Humedad,3.2897687321865874
2024-04-23,Humedad,-9.716336214546416
2024-04-24,Humedad,-4.051867627863601
2024-04-25,Humedad,11.989051027356396
2024-04-26,Humedad,4.162559024373792
2024-04-27,Humedad,-8.873283555526726
2024-04-28,Humedad,-0.6713219269759634
2024-04-29,Humedad,13.5509985539899
2024-04-30,Humedad,8.255079713116729
2024-05-01,Humedad,-10.735714623992493
2024-05-02,Humedad,-2.968041598957427
2024-05-03,Humedad,4.378795525829375
2024-05-04,Humedad,15.250321669686045
2024-05-05,Humedad,5.006357220751809
2024-05-06,Humedad,2.982337849374005
2024-05-07,Humedad,3.740321298379655
2024-05-08,Humedad,-15.459678701620348
2024-05-09,Humedad,1.7791063211063403
2024-05-10,Humedad,9.679175345467186
2024-05-11,Humedad,4.566447212335362
2024-05-12,Humedad,1.7420548866251835
2024-05-13,Humedad,-1.1329174664998192
2024-05-14,Humedad,-3.4468952747385657
2024-05-15,Humedad,1.6232706065112694
2024-05-16,Humedad,5.530066168159024
2024-05-17,Humedad,2.7225384284574545
2024-05-18,Humedad,5.321032880517123
2024-05-19,Humedad,2.839223402605313
2024-05-20,Humedad,1.636771738223203
2024-05-21,Humedad,9.304188890424882
2024-05-22,Humedad,5.852268825013184
2024-05-23,Humedad,-2.1003002921742677
2024-05-24,Humedad,-5.191584665114789
2024-05-25,Humedad,2.0131600190113943
2024-05-26,Humedad,2.4094514429105374
2024-05-27,Humedad,5.220335400296918
2024-05-28,Humedad,6.661419565460392
2024-05-29,Humedad,1.7086708364122387
2024-05-30,Humedad,5.230362861518714
2024-05-31,Humedad,2.705970535808575
2024-06-01,Humedad,3.0438296667034166
2024-06-02,Humedad,-6.460825025839185
2024-06-03,Humedad,6.665045386589497
2024-06-04,Humedad,2.660791109601007
2024-06-05,Humedad,7.22010049468625
2024-06-06,Humedad,13.423643189537245
2024-06-07,Humedad,0.15110839887705652
2024-06-08,Humedad,3.836433110418099
2024-06-09,Humedad,-4.086964670405777
2024-06-10,Humedad,-1.1945473325509397
2024-06-11,Humedad,16.132165474125102
2024-06-12,Humedad,1.730528371462185
2024-06-13,Humedad,-7.205521281520859
2024-06-14,Humedad,-8.559657734397618
2024-06-15,Humedad,4.185390879700051
2024-06-16,Humedad,10.373332765566659
2024-06-17,Humedad,9.29632975953001
2024-06-18,Humedad,2.795038149977671
2024-06-19,Humedad,-2.0505004999513403
2024-06-20,Humedad,6.399789699409283
2024-06-21,Humedad,4.6225105959292705
2024-06-22,Humedad,7.873774372953491
2024-06-23,Humedad,-15.414885960356045
2024-06-24,Humedad,10.45936868793882
2024-06-25,Humedad,4.6205424733794445
2024-06-26,Humedad,-4.306115039546626
2024-06-27,Humedad,-1.4805485570894632
2024-06-28,Humedad,0.975287157505619
2024-06-29,Humedad,-2.4505622877003645
2024-06-30,Humedad,-0.4369296012658026
2024-07-01,Humedad,5.949859095076491
2024-07-02,Humedad,2.758374143052521
2024-07-03,Humedad,-3.850990535782657
2024-07-04,Humedad,-1.040196198673442
2024-07-05,Humedad,-7.657247261848205
2024-07-06,Humedad,5.350957362157217
2024-07-07,Humedad,6.706834268584984
2024-07-08,Humedad,5.841454263293983
2024-07-09,Humedad,-0.2831798333322695
2024-07-10,Humedad,-3.3099822602854942
2024-07-11,Humedad,-3.3881796476791095
2024-07-12,Humedad,-8.177254127153674
2024-07-13,Humedad,9.588685309635864
2024-07-14,Humedad,7.827600773166026
2024-07-15,Humedad,9.51492793378415
2024-07-16,Humedad,3.582697073095474
2024-07-17,Humedad,-0.9733388492766721
2024-07-18,Humedad,5.065259324977461
2024-07-19,Humedad,6.647849038081219
2024-07-20,Humedad,2.7494373409932678
2024-07-21,Humedad,3.1997481362702445
2024-07-22,Humedad,-0.38427810041301314
2024-07-23,Humedad,12.398284151468971
2024-07-24,Humedad,-5.310542063090395
2024-07-25,Humedad,-13.347565293736977
2024-07-26,Humedad,7.772428212263918
2024-07-27,Humedad,-3.039864807480143
2024-07-28,Humedad,-4.090638177366657
2024-07-29,Humedad,4.957518018194293
2024-07-30,Humedad,5.752068988542476
2024-07-31,Humedad,14.873726315815361
2024-08-01,Humedad,-2.5870336947666317
2024-08-02,Humedad,-8.516432700129045
2024-08-03,Humedad,4.400625599657559
2024-08-04,Humedad,-6.748352394234374
2024-08-05,Humedad,21.116392289891778
2024-08-06,Humedad,-2.3489880867055604
2024-08-07,Humedad,-9.862661964972801
2024-08-08,Humedad,8.177787250332216
2024-08-09,Humedad,-9.757399412487146
2024-08-10,Humedad,-6.861411547253134
2024-08-11,Humedad,3.7727737053744974
2024-08-12,Humedad,3.434997329451363
2024-08-13,Humedad,-7.592910229887991
2024-08-14,Humedad,6.285232235062033
2024-08-15,Humedad,3.26897513769012
2024-08-16,Humedad,2.1301836209643454
2024-08-17,Humedad,6.673774744259845
2024-08-18,Humedad,9.792856089039873
2024-08-19,Humedad,0.9935188714264598
2024-08-20,Humedad,3.4314332960712903
2024-08-21,Humedad,5.031246818905089
2024-08-22,Humedad,-2.903021188694268
2024-08-23,Humedad,-5.307199204710074
2024-08-24,Humedad,1.789686348521215
2024-08-25,Humedad,-1.3088633972884196
2024-08-26,Humedad,-0.01975421998025695
2024-08-27,Humedad,0.4004944162413153
2024-08-28,Humedad,4.445839723698697
2024-08-29,Humedad,6.417932164359328
2024-08-30,Humedad,16.355438936838198
2024-08-31,Humedad,-4.58858767115143
2024-09-01,Humedad,-0.9722752800295638
2024-09-02,Humedad,-3.7031729680268484
2024-09-03,Humedad,-12.191563697892072
2024-09-04,Humedad,-1.2584141819834045
2024-09-05,Humedad,-1.4030688745260278
2024-09-06,Humedad,1.141143839323405
2024-09-07,Humedad,-2.5185316347887436
2024-09-08,Humedad,-3.2349542421041377
2024-09-09,Humedad,22.626420122419944
2024-09-10,Humedad,-3.8612117107824417
2024-09-11,Humedad,-10.780548557089467
2024-09-12,Humedad,2.0075111528888527
2024-09-13,Humedad,3.2818619154599418
2024-09-14,Humedad,-9.159381265647902
2024-09-15,Humedad,-6.627032952153883
2024-09-16,Humedad,1.7402392860206746
2024-09-17,Humedad,4.818809627746646
2024-09-18,Humedad,-0.13172920783556208
2024-09-19,Humedad,5.18053597938038
2024-09-20,Humedad,-11.79912576412088
2024-09-21,Humedad,3.9401286985207804
2024-09-22,Humedad,-0.1430551439151344
2024-09-23,Humedad,-9.335568967352614
2024-09-24,Humedad,-0.10057564700488086
2024-09-25,Humedad,8.504590048591766
2024-09-26,Humedad,-8.945617395797122
2024-09-27,Humedad,-1.2158450647959782
2024-09-28,Humedad,-0.6047746302434049
2024-09-29,Humedad,1.084914574479626
2024-09-30,Humedad,-1.9241946028285355
2024-10-01,Humedad,-6.6573437474308435
2024-10-02,Humedad,-15.871770399668229
2024-10-03,Humedad,0.10445923648191524
2024-10-04,Humedad,0.6027809419863175
2024-10-05,Humedad,-0.7934898859965145
2024-10-06,Humedad,4.641613650544755
2024-10-07,Humedad,22.97780821755491
2024-10-08,Humedad,-11.759885774702852
2024-10-09,Humedad,-1.7074337390143768
2024-10-10,Humedad,-2.217254127153666
2024-10-11,Humedad,-11.191729207835564
2024-10-12,Humedad,15.802815268513548
2024-10-13,Humedad,7.916792705445928
2024-10-14,Humedad,-3.158711617955845
2024-10-15,Humedad,2.6579321643593374
2024-10-16,Humedad,-9.326715662877845
2024-10-17,Humedad,16.583111961873243
2024-10-18,Humedad,-10.479581844731328
2024-10-19,Humedad,-4.2259903501294716
2024-10-20,Humedad,-0.6167015609605713
2024-10-21,Humedad,0.2974489938334486
2024-10-22,Humedad,4.455377149089173
2024-10-23,Humedad,12.65948614074415
2024-10-24,Humedad,-0.7920335091134376
2024-10-25,Humedad,-5.580790328005591
2024-10-26,Humedad,-14.107426873708938
2024-10-27,Humedad,-0.840257986422472
2024-10-28,Humedad,2.8316964055164817
2024-10-29,Humedad,-2.983503987913771
2024-10-30,Humedad,-5.034519128716397
2024-10-31,Humedad,5.606848370502242
2024-11-01,Humedad,5.7982017678036115
2024-11-02,Humedad,-8.701204474170623
2024-11-03,Humedad,1.3468689664185831
2024-11-04,Humedad,14.260087135381731
2024-11-05,Humedad,-12.418904960427483
2024-11-06,Humedad,-8.80953304498047
2024-11-07,Humedad,3.9911232434070527
2024-11-08,Humedad,-3.1387249772603667
2024-11-09,Humedad,-7.1908727116709485
2024-11-10,Humedad,1.8406743994084138
2024-11-11,Humedad,-5.986162725378378
2024-11-12,Humedad,-7.522219243666875
2024-11-13,Humedad,-5.423876570939754
2024-11-14,Humedad,-0.41721905801368564
2024-11-15,Humedad,-3.5331169316641535
2024-11-16,Humedad,-2.7288420587593336
2024-11-17,Humedad,21.980405167270497
2024-11-18,Humedad,-26.022882768666214
2024-11-19,Humedad,6.342407987653964
2024-11-20,Humedad,0.35528066350653376
2024-11-21,Humedad,-3.8613768494195355
2024-11-22,Humedad,-3.52635606785001
2024-11-23,Humedad,-3.6057344772960818
2024-11-24,Humedad,9.563630201539091
2024-11-25,Humedad,9.208084314998274
2024-11-26,Humedad,-3.6406797405057034
2024-11-27,Humedad,16.0335123774274
2024-11-28,Humedad,-9.221577799809353
2024-11-29,Humedad,-9.145845436102348
2024-11-30,Humedad,-7.00035484331147
2024-12-01,Humedad,1.7689892396073787
2024-12-02,Humedad,-15.653510853219224
2024-12-03,Humedad,-3.8564662840435346
2024-12-04,Humedad,-1.6740767787168238
2024-12-05,Humedad,2.125743609422443
2024-12-06,Humedad,12.389603964855851
2024-12-07,Humedad,-9.740520724561307
2024-12-08,Humedad,-8.03748179615252
2024-12-09,Humedad,-4.606880801514933
2024-12-10,Humedad,-3.5814802003076096
2024-12-11,Humedad,1.1734231284565766
2024-12-12,Humedad,0.4324354488757507
2024-12-13,Humedad,3.877290349195434
2024-12-14,Humedad,-5.098345157622568
2024-12-15,Humedad,-3.453269082303102
2024-12-16,Humedad,-4.187302184291788
2024-12-17,Humedad,-2.203538314441005
2024-12-18,Humedad,7.0693553286342805
2024-12-19,Humedad,-7.84878027101032
2024-12-20,Humedad,-7.564974838020483
2024-12-21,Humedad,15.601793262405494
2024-12-22,Humedad,-11.186743124099628
2024-12-23,Humedad,-7.267233159930946
2024-12-24,Humedad,7.540101237298991
2024-12-25,Humedad,-4.241867256557235
2024-12-26,Humedad,-2.5953409270473813
2024-12-27,Humedad,-1.5643395168556609
2024-12-28,Humedad,-5.676729022182364
2024-12-29,Humedad,-4.0664319575162935
2024-12-30,Humedad,-0.6275714164296957
2024-12-31,Humedad,-9.270078374561741
2023-01-31,Precipitación,-2.074138034166575
2023-02-01,Precipitación,0.16062853596794424
2023-02-02,Precipitación,-1.7992790150737288
2023-02-03,Precipitación,-2.07655853419904
2023-02-04,Precipitación,-1.9051342693297093
2023-02-05,Precipitación,-1.8519340928270775
2023-02-06,Precipitación,-1.8370014283189127
2023-02-07,Precipitación,-1.8328100048317673
2023-02-08,Precipitación,-1.481633521502956
2023-02-09,Precipitación,-1.8909813866954388
2023-02-10,Precipitación,-1.708128343703295
2023-02-11,Precipitación,-1.8728878347253808
2023-02-12,Precipitación,-1.8028828974892745
2023-02-13,Precipitación,0.5864330684160084
2023-02-14,Precipitación,4.762153537581668
2023-02-15,Precipitación,-3.425135291930666
2023-02-16,Precipitación,14.124834890104674
2023-02-17,Precipitación,-5.73011905312526
2023-02-18,Precipitación,-2.9306457821853673
2023-02-19,Precipitación,-2.139783125996668
2023-02-20,Precipitación,-1.9177972700603114
2023-02-21,Precipitación,-1.8554884483575966
2023-02-22,Precipitación,-1.817999094157058
2023-02-23,Precipitación,1.2023569283607642
2023-02-24,Precipitación,-2.3150512332350006
2023-02-25,Precipitación,-2.073744355483848
2023-02-26,Precipitación,-1.8992609630510509
2023-02-27,Precipitación,-1.8502855247587262
2023-02-28,Precipitación,-1.8365386946307576
2023-03-01,Precipitación,2.4673198790779503
2023-03-02,Precipitación,-2.2504993161435807
2023-03-03,Precipitación,-2.23354436893583
2023-03-04,Precipitación,-1.9441149493749614
2023-03-05,Precipitación,-1.862875511741112
2023-03-06,Precipitación,-1.8400725560599736
2023-03-07,Precipitación,-1.8336720343067394
2023-03-08,Precipitación,-1.8318754830488029
2023-03-09,Precipitación,-1.8313712122179502
2023-03-10,Precipitación,-1.8312296693202867
2023-03-11,Precipitación,-1.8311899398918663
2023-03-12,Precipitación,-1.8311787883080801
2023-03-13,Precipitación,-1.8311756581895287
2023-03-14,Precipitación,0.31882522039797356
2023-03-15,Precipitación,0.6293743412431096
2023-03-16,Precipitación,-2.5501301192160915
2023-03-17,Precipitación,-2.078727444376262
2023-03-18,Precipitación,-1.9006596575580343
2023-03-19,Precipitación,3.47932187812609
2023-03-20,Precipitación,7.20996761944949
2023-03-21,Precipitación,-1.7889998439965766
2023-03-22,Precipitación,36.217978845543406
2023-03-23,Precipitación,-9.399984482631321
2023-03-24,Precipitación,16.42442101911975
2023-03-25,Precipitación,8.890399454699965
2023-03-26,Precipitación,-7.138696386704582
2023-03-27,Precipitación,-3.3361836894363988
2023-03-28,Precipitación,-2.213612851994351
2023-03-29,Precipitación,0.32114599575423375
2023-03-30,Precipitación,-2.3860584362740225
2023-03-31,Precipitación,-1.9869238562255662
2023-04-01,Precipitación,-1.8748914689424896
2023-04-02,Precipitación,0.3765547059262013
2023-04-03,Precipitación,4.339994533946085
2023-04-04,Precipitación,-2.124710593714688
2023-04-05,Precipitación,-2.6099923019012436
2023-04-06,Precipitación,-2.0397794613618077
2023-04-07,Precipitación,-1.8948108156928105
2023-04-08,Precipitación,-1.8490364206789827
2023-04-09,Precipitación,-1.8361880857909982
2023-04-10,Precipitación,-1.8325817091399483
2023-04-11,Precipitación,-1.8315694415844535
2023-04-12,Precipitación,1.9687146900254848
2023-04-13,Precipitación,-2.6962819658969646
2023-04-14,Precipitación,-1.8339999562488238
2023-04-15,Precipitación,-1.91396911191924
2023-04-16,Precipitación,-1.8647475268491724
2023-04-17,Precipitación,0.4843185919166353
2023-04-18,Precipitación,0.5543251975109595
2023-04-19,Precipitación,-2.645945333998056
2023-04-20,Precipitación,-2.059871055067825
2023-04-21,Precipitación,-1.895366890618355
2023-04-22,Precipitación,-1.849192504377392
2023-04-23,Precipitación,-1.7762318966513515
2023-04-24,Precipitación,-0.8162531075178394
2023-04-25,Precipitación,0.4501119205189137
2023-04-26,Precipitación,-2.4718608014162897
2023-04-27,Precipitación,-2.0110075720495755
2023-04-28,Precipitación,-1.8816514850204837
2023-04-29,Precipitación,-1.845342751165083
2023-04-30,Precipitación,-0.47515131615448425
2023-05-01,Precipitación,-2.141896993590301
2023-05-02,Precipitación,-1.9083906078585204
2023-05-03,Precipitación,-1.8579315081705894
2023-05-04,Precipitación,-1.658684832343641
2023-05-05,Precipitación,25.225740179884063
2023-05-06,Precipitación,-0.04262869916037726
2023-05-07,Precipitación,-5.380619964415228
2023-05-08,Precipitación,-2.827462094789079
2023-05-09,Precipitación,-2.1108206772249445
2023-05-10,Precipitación,-1.909667850962958
2023-05-11,Precipitación,-1.8532066159275664
2023-05-12,Precipitación,-1.8373586106026512
2023-05-13,Precipitación,-1.8329102617023638
2023-05-14,Precipitación,-1.8316616624286381
2023-05-15,Precipitación,-1.8313111952819972
2023-05-16,Precipitación,-1.8312128232714895
2023-05-17,Precipitación,0.16881478859611088
2023-05-18,Precipitación,2.07351916611917
2023-05-19,Precipitación,3.748465054140596
2023-05-20,Precipitación,-1.0909127677108263
2023-05-21,Precipitación,0.4850912774688725
2023-05-22,Precipitación,-2.4895484507619074
2023-05-23,Precipitación,15.1354415394012
2023-05-24,Precipitación,51.53129061420881
2023-05-25,Precipitación,11.673079941478843
2023-05-26,Precipitación,-6.271871962461339
2023-05-27,Precipitación,-6.056498094113939
2023-05-28,Precipitación,-3.017173145065341
2023-05-29,Precipitación,-2.0640703401678273
2023-05-30,Precipitación,-1.9373795743736857
2023-05-31,Precipitación,-1.866068370486976
2023-06-01,Precipitación,-1.8409687539978052
2023-06-02,Precipitación,-1.833923586538674
2023-06-03,Precipitación,-1.83194609080488
2023-06-04,Precipitación,-1.8113910309855272
2023-06-05,Precipitación,-1.8357882659435374
2023-06-06,Precipitación,-1.8224694844061535
2023-06-07,Precipitación,-1.8338144582841978
2023-06-08,Precipitación,-1.8319154597859701
2023-06-09,Precipitación,-1.8313824332183959
2023-06-10,Precipitación,-1.8312328189232792
2023-06-11,Precipitación,-1.8311908239484223
2023-06-12,Precipitación,-1.831179036452369
2023-06-13,Precipitación,-1.8311757278407153
2023-06-14,Precipitación,-1.8311747991522962
2023-06-15,Precipitación,-1.8311745384803677
2023-06-16,Precipitación,-1.8311744653128201
2023-06-17,Precipitación,-1.8311744447755491
2023-06-18,Precipitación,-1.8311744390109785
2023-06-19,Precipitación,-1.821174437392931
2023-06-20,Precipitación,-1.813450953802783
2023-06-21,Precipitación,-1.4463664620768015
2023-06-22,Precipitación,-1.1714159349644084
2023-06-23,Precipitación,-2.0272429298827643
2023-06-24,Precipitación,-1.7362085592189316
2023-06-25,Precipitación,-1.8207696213128974
2023-06-26,Precipitación,-1.538754323567282
2023-06-27,Precipitación,-1.851764326607035
2023-06-28,Precipitación,-1.8674541731939822
2023-06-29,Precipitación,-1.8413577325361983
2023-06-30,Precipitación,-1.834032768244385
2023-07-01,Precipitación,-1.831976736826923
2023-07-02,Precipitación,-1.831399632963862
2023-07-03,Precipitación,-1.8312376466897557
2023-07-04,Precipitación,-1.6311921790457522
2023-07-05,Precipitación,1.733290245907354
2023-07-06,Precipitación,1.834221746736342
2023-07-07,Precipitación,-3.029870511301949
2023-07-08,Precipitación,-1.998134737950623
2023-07-09,Precipitación,-1.6697062192570593
2023-07-10,Precipitación,-0.8334375858283012
2023-07-11,Precipitación,-0.4653787556578397
2023-07-12,Precipitación,13.783427467409588
2023-07-13,Precipitación,-4.1673619323759175
2023-07-14,Precipitación,-3.2140077290537343
2023-07-15,Precipitación,-2.2244028947074304
2023-07-16,Precipitación,-1.9415490449600397
2023-07-17,Precipitación,-1.8621552925180396
2023-07-18,Precipitación,-1.8398703989857401
2023-07-19,Precipitación,-1.833615291191097
2023-07-20,Precipitación,-1.8318595559229032
2023-07-21,Precipitación,-1.8313667416608341
2023-07-22,Precipitación,-1.8312284144874278
2023-07-23,Precipitación,-1.8311895876750255
2023-07-24,Precipitación,-1.8311786894449513
2023-07-25,Precipitación,-1.80117563043981
2023-07-26,Precipitación,-1.8280043224050628
2023-07-27,Precipitación,-1.8353680222830064
2023-07-28,Precipitación,-1.8323515269479846
2023-07-29,Precipitación,-1.8315048321475247
2023-07-30,Precipitación,-1.8312671748646498
2023-07-31,Precipitación,-1.8312004672575255
2023-08-01,Precipitación,-1.8311817432159372
2023-08-02,Precipitación,-1.8311764875974479
2023-08-03,Precipitación,-1.8311750124070847
2023-08-04,Precipitación,-1.8311745983384815
2023-08-05,Precipitación,-1.8311744821142892
2023-08-06,Precipitación,-1.8311744494915239
2023-08-07,Precipitación,-1.831174440334697
2023-08-08,Precipitación,-1.8311744377644834
2023-08-09,Precipitación,-1.8311744370430547
2023-08-10,Precipitación,-1.701174436840558
2023-08-11,Precipitación,-1.860769156015965
2023-08-12,Precipitación,-1.8394813267549934
2023-08-13,Precipitación,-1.833506083187043
2023-08-14,Precipitación,-1.8318289025192238
2023-08-15,Precipitación,-1.8313581376105608
2023-08-16,Precipitación,-1.6012259994316032
2023-08-17,Precipitación,-0.4835487976696633
2023-08-18,Precipitación,-1.944587665497276
2023-08-19,Precipitación,-1.8648429838839569
2023-08-20,Precipitación,-1.8365421955156813
2023-08-21,Precipitación,-1.853181499837809
2023-08-22,Precipitación,-1.8324349601877545
2023-08-23,Precipitación,-1.8366116502541063
2023-08-24,Precipitación,-1.8327005987083853
2023-08-25,Precipitación,-1.8316028124895087
2023-08-26,Precipitación,-1.8312946767954972
2023-08-27,Precipitación,-1.8312081867264007
2023-08-28,Precipitación,-1.8311839099801563
2023-08-29,Precipitación,-1.8311770957827072
2023-08-30,Precipitación,-1.8311751831175416
2023-08-31,Precipitación,-1.831174646254901
2023-09-01,Precipitación,-1.6811744955638654
2023-09-02,Precipitación,4.404677793773055
2023-09-03,Precipitación,13.381864611803657
2023-09-04,Precipitación,-5.874913071910843
2023-09-05,Precipitación,-3.042455353378071
2023-09-06,Precipitación,-2.1711667590066046
2023-09-07,Precipitación,-0.9366062871274174
2023-09-08,Precipitación,-2.01333620549117
2023-09-09,Precipitación,-1.917888900703891
2023-09-10,Precipitación,-1.8555141680027032
2023-09-11,Precipitación,-1.2380063133592656
2023-09-12,Precipitación,-1.9696830760975723
2023-09-13,Precipitación,-1.8700521845183555
2023-09-14,Precipitación,-1.8420869637915374
2023-09-15,Precipitación,-1.8342374548901956
2023-09-16,Precipitación,-1.832034189963588
2023-09-17,Precipitación,-1.8314157593843208
2023-09-18,Precipitación,-1.8312421731865132
2023-09-19,Precipitación,-1.8211934495802111
2023-09-20,Precipitación,-1.783456290300383
2023-09-21,Precipitación,27.316802489438963
2023-09-22,Precipitación,26.627127652200173
2023-09-23,Precipitación,-11.685995201379153
2023-09-24,Precipitación,-4.597306843462328
2023-09-25,Precipitación,-2.6075953046957308
2023-09-26,Precipitación,-1.7091066524079659
2023-09-27,Precipitación,-1.9697470226367608
2023-09-28,Precipitación,-1.8700701335606134
2023-09-29,Precipitación,-1.84209200187682
2023-09-30,Precipitación,-1.8342388690215432
2023-10-01,Precipitación,-1.832034586893643
2023-10-02,Precipitación,-1.8314158707979238
2023-10-03,Precipitación,-0.1712422044590025
2023-10-04,Precipitación,-2.2090952577851617
2023-10-05,Precipitación,-1.9372523711217164
2023-10-06,Precipitación,-1.8609492666522134
2023-10-07,Precipitación,-1.8395318816945117
2023-10-08,Precipitación,-1.8335202733646079
2023-10-09,Precipitación,-1.8318328855353494
2023-10-10,Precipitación,-0.6413592555963916
2023-10-11,Precipitación,3.817868179944665
2023-10-12,Precipitación,-3.254926974337912
2023-10-13,Precipitación,-2.2308050467318776
2023-10-14,Precipitación,-1.9433460538159522
2023-10-15,Precipitación,-1.8626596917912677
2023-10-16,Precipitación,-1.840011977935669
2023-10-17,Precipitación,-1.833655030738965
2023-10-18,Precipitación,-1.8218707103470992
2023-10-19,Precipitación,-1.373646389440674
2023-10-20,Precipitación,-1.936588060581061
2023-10-21,Precipitación,15.359237197511723
2023-10-22,Precipitación,21.040358416765116
2023-10-23,Precipitación,7.565085794271873
2023-10-24,Precipitación,-7.132197549169651
2023-10-25,Precipitación,-3.573279312785153
2023-10-26,Precipitación,-0.7301628078886895
2023-10-27,Precipitación,6.029606091091253
2023-10-28,Precipitación,-2.624467575703088
2023-10-29,Precipitación,-0.1792674227033917
2023-10-30,Precipitación,4.396563210744692
2023-10-31,Precipitación,-2.881834808300101
2023-11-01,Precipitación,7.397412389544088
2023-11-02,Precipitación,30.656449279523414
2023-11-03,Precipitación,-10.463677570101009
2023-11-04,Precipitación,-4.2593000444558795
2023-11-05,Precipitación,-2.5127207673754963
2023-11-06,Precipitación,-2.0224764844403773
2023-11-07,Precipitación,-1.4048706739830787
2023-11-08,Precipitación,-1.785519149158309
2023-11-09,Precipitación,-1.894777323323408
2023-11-10,Precipitación,8.3658895808592
2023-11-11,Precipitación,-3.974212532573309
2023-11-12,Precipitación,-1.1192846403668055
2023-11-13,Precipitación,-2.3181146468107228
2023-11-14,Precipitación,-1.9631030309077633
2023-11-15,Precipitación,17.24162795810622
2023-11-16,Precipitación,-6.167122494012862
2023-11-17,Precipitación,9.746525687453348
2023-11-18,Precipitación,-4.883284636706667
2023-11-19,Precipitación,-2.7946172982795847
2023-11-20,Precipitación,-2.1016015287303724
2023-11-21,Precipitación,6.152919855705902
2023-11-22,Precipitación,-3.2873528694671608
2023-11-23,Precipitación,-2.4432425895872045
2023-11-24,Precipitación,-2.0029747762176635
2023-11-25,Precipitación,-1.8793967736058592
2023-11-26,Precipitación,-1.844709880161062
2023-11-27,Precipitación,-1.8349736766991054
2023-11-28,Precipitación,-1.7622408387756552
2023-11-29,Precipitación,-1.6774093813261328
2023-11-30,Precipitación,-1.874432181648669
2023-12-01,Precipitación,15.636683622473521
2023-12-02,Precipitación,-3.183934015186467
2023-12-03,Precipitación,-2.72781219317459
2023-12-04,Precipitación,-2.4796888694706354
2023-12-05,Precipitación,1.2066283824648338
2023-12-06,Precipitación,1.7095631255958281
2023-12-07,Precipitación,-3.0284429322727653
2023-12-08,Precipitación,-2.1723170364073376
2023-12-09,Precipitación,-1.91692915647947
2023-12-10,Precipitación,-1.8603281784511285
2023-12-11,Precipitación,-1.8393575495334835
2023-12-12,Precipitación,11.796528659624807
2023-12-13,Precipitación,36.025288363722176
2023-12-14,Precipitación,-10.496913940972227
2023-12-15,Precipitación,-1.8813058084884204
2023-12-16,Precipitación,6.448400073228919
2023-12-17,Precipitación,-2.6097605291951522
2023-12-18,Precipitación,56.93918951486557
2023-12-19,Precipitación,-15.79016981482446
2023-12-20,Precipitación,-5.7645506366217365
2023-12-21,Precipitación,-2.91522692376799
2023-12-22,Precipitación,-1.3556220323442139
2023-12-23,Precipitación,-1.239281014729646
2023-12-24,Precipitación,3.537790746417121
2023-12-25,Precipitación,-2.131206236826818
2023-12-26,Precipitación,-2.4542301719381863
2023-12-27,Precipitación,-2.0060588614931127
2023-12-28,Precipitación,-1.490262440108499
2023-12-29,Precipitación,0.81626297972542
2023-12-30,Precipitación,-0.8760046865756224
2023-12-31,Precipitación,-2.221496809547719
2024-01-01,Precipitación,-2.022067731021254
2024-01-02,Precipitación,-1.8847559417006767
2024-01-03,Precipitación,-1.8462141356816955
2024-01-04,Precipitación,-1.6153959035506096
2024-01-05,Precipitación,2.1775572760993542
2024-01-06,Precipitación,-1.1998306894143236
2024-01-07,Precipitación,0.17794263351521877
2024-01-08,Precipitación,-2.5941729157670714
2024-01-09,Precipitación,-1.7904225449085371
2024-01-10,Precipitación,2.618095756710586
2024-01-11,Precipitación,-2.9054300818849685
2024-01-12,Precipitación,-0.7027053751755663
2024-01-13,Precipitación,4.538647459885677
2024-01-14,Precipitación,7.540214954906783
2024-01-15,Precipitación,-4.807725048914501
2024-01-16,Precipitación,57.003342777186916
2024-01-17,Precipitación,-15.649660766519702
2024-01-18,Precipitación,-5.709861199440478
2024-01-19,Precipitación,-2.9198762412843022
2024-01-20,Precipitación,-2.1367602423944945
2024-01-21,Precipitación,-1.9169487821483162
2024-01-22,Precipitación,-1.8552502877693808
2024-01-23,Precipitación,-1.8379322452780376
2024-01-24,Precipitación,-1.8330712742162483
2024-01-25,Precipitación,-1.8317068567495882
2024-01-26,Precipitación,-1.8313238807969103
2024-01-27,Precipitación,-1.8312163839464866
2024-01-28,Precipitación,-1.8311862108435273
2024-01-29,Precipitación,-1.8311777416080233
2024-01-30,Precipitación,-1.8311753643931201
2024-01-31,Precipitación,-1.8311746971368263
2024-02-01,Precipitación,-1.831174509845824
2024-02-02,Precipitación,-1.83117445727544
2024-02-03,Precipitación,-1.831174442519551
2024-02-04,Precipitación,-1.8311744383777464
2024-02-05,Precipitación,-1.8311744372151904
2024-02-06,Precipitación,-1.8311744368888747
2024-02-07,Precipitación,-1.8311744367972815
2024-02-08,Precipitación,-1.7811744367715723
2024-02-09,Precipitación,39.207442978915545
2024-02-10,Precipitación,-5.209471121247128
2024-02-11,Precipitación,-5.81421205301855
2024-02-12,Precipitación,29.7408337001095
2024-02-13,Precipitación,-9.586915246201013
2024-02-14,Precipitación,-4.008119761631155
2024-02-15,Precipitación,-2.442217413043542
2024-02-16,Precipitación,-2.002687021206411
2024-02-17,Precipitación,-1.8793160041549655
2024-02-18,Precipitación,-1.844687209125137
2024-02-19,Precipitación,-1.8349673132056779
2024-02-20,Precipitación,-1.8322390526178134
2024-02-21,Precipitación,-1.8314732619244798
2024-02-22,Precipitación,-1.6312583134739522
2024-02-23,Precipitación,17.563271682750358
2024-02-24,Precipitación,-6.229509659465582
2024-02-25,Precipitación,26.53393094370621
2024-02-26,Precipitación,-1.7964515642319538
2024-02-27,Precipitación,-5.135891889777399
2024-02-28,Precipitación,-2.916355180158617
2024-02-29,Precipitación,-1.5557719219046175
2024-03-01,Precipitación,-1.9787093503114417
2024-03-02,Precipitación,45.151830450722436
2024-03-03,Precipitación,-12.566074422320401
2024-03-04,Precipitación,-4.8443347409406865
2024-03-05,Precipitación,-2.676933133246341
2024-03-06,Precipitación,-2.0685689662485918
2024-03-07,Precipitación,-1.8978082920971222
2024-03-08,Precipitación,4.520122222910959
2024-03-09,Precipitación,8.66343451296958
2024-03-10,Precipitación,1.3498767419661055
2024-03-11,Precipitación,0.6340842491812362
2024-03-12,Precipitación,20.840929810722535
2024-03-13,Precipitación,12.674040978557908
2024-03-14,Precipitación,38.71388339348529
2024-03-15,Precipitación,40.078037067880025
2024-03-16,Precipitación,6.5687230423621195
2024-03-17,Precipitación,-11.605915588690586
2024-03-18,Precipitación,7.658419176078451
2024-03-19,Precipitación,-0.8504718310951036
2024-03-20,Precipitación,2.520816948834463
2024-03-21,Precipitación,-0.7580805856108368
2024-03-22,Precipitación,-3.11090680633122
2024-03-23,Precipitación,-2.190380277630837
2024-03-24,Precipitación,-1.9319992960702141
2024-03-25,Precipitación,-1.8594747902023765
2024-03-26,Precipitación,-1.8391180134783127
2024-03-27,Precipitación,-1.6734041054187594
2024-03-28,Precipitación,-1.8582245483820807
2024-03-29,Precipitación,-1.843850484664563
2024-03-30,Precipitación,-1.8247324544800698
2024-03-31,Precipitación,13.105550352603146
2024-04-01,Precipitación,-3.25320994475138
2024-04-02,Precipitación,-2.6168361732301633
2024-04-03,Precipitación,14.783128783025411
2024-04-04,Precipitación,-5.695764650986593
2024-04-05,Precipitación,-3.012504093902159
2024-04-06,Precipitación,-0.5727597923618852
2024-04-07,Precipitación,-2.1262127317406794
2024-04-08,Precipitación,-1.9953226098506125
2024-04-09,Precipitación,-1.8772489004100967
2024-04-10,Precipitación,-1.8341069973898587
2024-04-11,Precipitación,-1.8370809714523726
2024-04-12,Precipitación,5.9471676683452035
2024-04-13,Precipitación,19.68723009141346
2024-04-14,Precipitación,17.58955175204789
2024-04-15,Precipitación,53.32966200765988
2024-04-16,Precipitación,-17.914672018985822
2024-04-17,Precipitación,-6.447458033214481
2024-04-18,Precipitación,-3.131994406052651
2024-04-19,Precipitación,-2.196299319119488
2024-04-20,Precipitación,-1.9336607014746785
2024-04-21,Precipitación,0.8100588728200442
2024-04-22,Precipitación,-1.8570789114820725
2024-04-23,Precipitación,-2.088366081678639
2024-04-24,Precipitación,-1.9287821066888489
2024-04-25,Precipitación,0.5514282370589858
2024-04-26,Precipitación,-2.007505108564044
2024-04-27,Precipitación,-2.0038375609734858
2024-04-28,Precipitación,-1.9152227427850752
2024-04-29,Precipitación,-0.804765808798942
2024-04-30,Precipitación,-1.3568305284450426
2024-05-01,Precipitación,-1.4740364297519095
2024-05-02,Precipitación,-1.950850557331301
2024-05-03,Precipitación,-1.8954333127707363
2024-05-04,Precipitación,-1.604294547671603
2024-05-05,Precipitación,-1.584576901861824
2024-05-06,Precipitación,-0.369542786599407
2024-05-07,Precipitación,-0.17883850826538827
2024-05-08,Precipitación,0.180686772056168
2024-05-09,Precipitación,-2.5779856714367755
2024-05-10,Precipitación,-2.040795576228662
2024-05-11,Precipitación,-1.7700126278214312
2024-05-12,Precipitación,-1.3950078280844722
2024-05-13,Precipitación,-1.9527507641907826
2024-05-14,Precipitación,-1.8652994834997942
2024-05-15,Precipitación,-1.8407529364539723
2024-05-16,Precipitación,-1.8338630090897086
2024-05-17,Precipitación,-1.8319290874266652
2024-05-18,Precipitación,-1.831386258337031
2024-05-19,Precipitación,-1.8312338925891396
2024-05-20,Precipitación,-1.8311911253138153
2024-05-21,Precipitación,-1.8311791210420942
2024-05-22,Precipitación,-1.8211757515840572
2024-05-23,Precipitación,0.29654867731920787
2024-05-24,Precipitación,-1.4267116239245032
2024-05-25,Precipitación,-2.170069021635813
2024-05-26,Precipitación,-1.9262981651444897
2024-05-27,Precipitación,-1.8478745497327467
2024-05-28,Precipitación,-1.8309453616433484
2024-05-29,Precipitación,-1.826193537443628
2024-05-30,Precipitación,-1.83485975621881
2024-05-31,Precipitación,-1.8322088626352608
2024-06-01,Precipitación,-1.831464787951072
2024-06-02,Precipitación,-1.7712559349291752
2024-06-03,Precipitación,-1.8448564135238061
2024-06-04,Precipitación,-1.8350148068924423
2024-06-05,Precipitación,-1.8322523835376963
2024-06-06,Precipitación,-1.831477003757069
2024-06-07,Precipitación,-1.8312593637623982
2024-06-08,Precipitación,-1.831198274772894
2024-06-09,Precipitación,-1.8311811278112602
2024-06-10,Precipitación,-1.8311763148605853
2024-06-11,Precipitación,-1.8311749639218768
2024-06-12,Precipitación,-1.8311745847292533
2024-06-13,Precipitación,-1.831174478294339
2024-06-14,Precipitación,-1.071174448419309
2024-06-15,Precipitación,-2.004189721699172
2024-06-16,Precipitación,-1.8797377945284155
2024-06-17,Precipitación,-1.8448056007274505
2024-06-18,Precipitación,-1.8350005443374928
2024-06-19,Precipitación,-1.8322483802060892
2024-06-20,Precipitación,-1.791475880068921
2024-06-21,Precipitación,-1.6503651158124124
2024-06-22,Precipitación,-1.3970079728083928
2024-06-23,Precipitación,-1.7333121813155663
2024-06-24,Precipitación,-1.9155404376991807
2024-06-25,Precipitación,-1.8048549820288098
2024-06-26,Precipitación,-1.8492038719211061
2024-06-27,Precipitación,-1.8362350873873177
2024-06-28,Precipitación,-1.8325949019358245
2024-06-29,Precipitación,-1.831573144647257
2024-06-30,Precipitación,-1.8312863493807376
2024-07-01,Precipitación,-1.8312058493189145
2024-07-02,Precipitación,-1.8311832538973367
2024-07-03,Precipitación,-1.831176911627968
2024-07-04,Precipitación,-1.8311751314274698
2024-07-05,Precipitación,-1.8311746317461053
2024-07-06,Precipitación,-1.8311744914914168
2024-07-07,Precipitación,-1.8311744521235735
2024-07-08,Precipitación,-1.8311744410734825
2024-07-09,Precipitación,-1.831174437971852
2024-07-10,Precipitación,-1.8311744371012604
2024-07-11,Precipitación,-1.8311744368568958
2024-07-12,Precipitación,-1.8311744367883054
2024-07-13,Precipitación,-1.8311744367690528
2024-07-14,Precipitación,-1.8311744367636489
2024-07-15,Precipitación,-1.831174436762132
2024-07-16,Precipitación,-1.8311744367617064
2024-07-17,Precipitación,-1.831174436761587
2024-07-18,Precipitación,-1.8211744367615534
2024-07-19,Precipitación,-0.38345095362556303
2024-07-20,Precipitación,0.23809162641824555
2024-07-21,Precipitación,-2.300371614477739
2024-07-22,Precipitación,-2.0492903614603457
2024-07-23,Precipitación,-1.862397014232769
2024-07-24,Precipitación,-1.7651884455603806
2024-07-25,Precipitación,-1.8584035386727102
2024-07-26,Precipitación,-1.838817325759813
2024-07-27,Precipitación,-1.8333197059088844
2024-07-28,Precipitación,-1.8317765886069468
2024-07-29,Precipitación,-1.8313434537100082
2024-07-30,Precipitación,-1.8312218778332356
2024-07-31,Precipitación,-1.8211877529129914
2024-08-01,Precipitación,-1.803454691312823
2024-08-02,Precipitación,1.0213559719840222
2024-08-03,Precipitación,6.985645113622384
2024-08-04,Precipitación,-4.170375985134067
2024-08-05,Precipitación,-2.487760828671325
2024-08-06,Precipitación,-1.7354705228944545
2024-08-07,Precipitación,-1.8966466550810293
2024-08-08,Precipitación,-0.9249687161084961
2024-08-09,Precipitación,-2.0597360785275294
2024-08-10,Precipitación,-1.895329004289301
2024-08-11,Precipitación,-1.8491818701299438
2024-08-12,Precipitación,-1.8362289117430322
2024-08-13,Precipitación,-1.8325931685050296
2024-08-14,Precipitación,-1.8315726580935985
2024-08-15,Precipitación,-1.831286212810842
2024-08-16,Precipitación,-1.8312058109853493
2024-08-17,Precipitación,-1.8311832431375552
2024-08-18,Precipitación,-1.8111769086078235
2024-08-19,Precipitación,-1.7857281643077887
2024-08-20,Precipitación,-0.8038351989032129
2024-08-21,Precipitación,-1.0914859178044085
2024-08-22,Precipitación,-2.101725698802123
2024-08-23,Precipitación,-1.9172817961272248
2024-08-24,Precipitación,-1.365343760880759
2024-08-25,Precipitación,-1.9495078084191322
2024-08-26,Precipitación,-1.8643892239154023
2024-08-27,Precipitación,-1.8404974372830551
2024-08-28,Precipitación,-1.8337912934742309
2024-08-29,Precipitación,-1.83190895769597
2024-08-30,Precipitación,17.928619391841877
2024-08-31,Precipitación,-4.409629629951563
2024-09-01,Precipitación,-3.200929196109626
2024-09-02,Precipitación,-2.3834006842118622
2024-09-03,Precipitación,-1.9861778564470098
2024-09-04,Precipitación,-1.8746820755692215
2024-09-05,Precipitación,-1.8433865198140351
2024-09-06,Precipitación,-1.8346022249975384
2024-09-07,Precipitación,-1.8321365766471225
2024-09-08,Precipitación,-1.8314444981234723
2024-09-09,Precipitación,-1.8312502398129484
2024-09-10,Precipitación,-1.7911957137874785
2024-09-11,Precipitación,-1.840286476428818
2024-09-12,Precipitación,-1.833732079240975
2024-09-13,Precipitación,-1.831892336956389
2024-09-14,Precipitación,-1.831375942911797
2024-09-15,Precipitación,-1.8312309971704699
2024-09-16,Precipitación,-1.831190312603812
2024-09-17,Precipitación,-1.8311788929239445
2024-09-18,Precipitación,-1.8311756875539729
2024-09-19,Precipitación,-1.3811747878442808
2024-09-20,Precipitación,-1.9236177941871893
2024-09-21,Precipitación,-1.8622056004724836
2024-09-22,Precipitación,-1.8398845198374967
2024-09-23,Precipitación,-1.1136192547482826
2024-09-24,Precipitación,-1.9957698826561958
2024-09-25,Precipitación,-1.8773744446317229
2024-09-26,Precipitación,-1.8441422361778803
2024-09-27,Precipitación,-1.8348143457021395
2024-09-28,Precipitación,-1.8321961164367488
2024-09-29,Precipitación,-1.8314612102429018
2024-09-30,Precipitación,-1.5012549307085257
2024-10-01,Precipitación,-1.8763220869793773
2024-10-02,Precipitación,-1.859097049878011
2024-10-03,Precipitación,-1.839011986207244
2024-10-04,Precipitación,-1.8333743448094593
2024-10-05,Precipitación,-1.8317919251043988
2024-10-06,Precipitación,-1.8313477584846583
2024-10-07,Precipitación,2.788776913867096
2024-10-08,Precipitación,-2.872938883245224
2024-10-09,Precipitación,-1.678668876825111
2024-10-10,Precipitación,-1.9371208897773533
2024-10-11,Precipitación,-1.901579556394917
2024-10-12,Precipitación,14.76906367333025
2024-10-13,Precipitación,9.009707604919594
2024-10-14,Precipitación,-1.9052795022824327
2024-10-15,Precipitación,-2.4480033886220682
2024-10-16,Precipitación,-2.8176549767997328
2024-10-17,Precipitación,10.271932065573186
2024-10-18,Precipitación,-4.6372230660561815
2024-10-19,Precipitación,-2.6645499137994313
2024-10-20,Precipitación,-2.0650931420373215
2024-10-21,Precipitación,-1.8968326690776443
2024-10-22,Precipitación,12.270396068830165
2024-10-23,Precipitación,58.59921080868714
2024-10-24,Precipitación,-9.944912311361968
2024-10-25,Precipitación,-6.709320077830553
2024-10-26,Precipitación,-3.75958653745126
2024-10-27,Precipitación,-2.3724570569735333
2024-10-28,Precipitación,-1.9831061088552646
2024-10-29,Precipitación,-1.8738198721094448
2024-10-30,Precipitación,-1.8431445094326975
2024-10-31,Precipitación,-1.8345342955268191
2024-11-01,Precipitación,-1.3721175096427787
2024-11-02,Precipitación,-1.3461589219842343
2024-11-03,Precipitación,-1.4749568433031064
2024-11-04,Precipitación,10.334474889033505
2024-11-05,Precipitación,-4.6042510334294375
2024-11-06,Precipitación,0.6997883477548013
2024-11-07,Precipitación,-1.7637017099221644
2024-11-08,Precipitación,-2.351075968958661
2024-11-09,Precipitación,-1.977104688650769
2024-11-10,Precipitación,-0.25213534396729065
2024-11-11,Precipitación,2.7385325858546334
2024-11-12,Precipitación,-3.064794055231463
2024-11-13,Precipitación,-2.177436970164797
2024-11-14,Precipitación,-1.928366261732314
2024-11-15,Precipitación,-1.8584550401473776
2024-11-16,Precipitación,-1.8388317816186737
2024-11-17,Precipitación,0.9766762365013721
2024-11-18,Precipitación,-2.471478966314015
2024-11-19,Precipitación,-1.9409003954224564
2024-11-20,Precipitación,-1.167557019848576
2024-11-21,Precipitación,-1.995992978994388
2024-11-22,Precipitación,-1.887603863905579
2024-11-23,Precipitación,-1.8470135139850563
2024-11-24,Precipitación,6.254379720351341
2024-11-25,Precipitación,4.545875524381934
2024-11-26,Precipitación,-3.6497657225137385
2024-11-27,Precipitación,14.188614591065313
2024-11-28,Precipitación,-5.714885620443324
2024-11-29,Precipitación,-1.3877043266281448
2024-11-30,Precipitación,-1.4202082860504397
2024-12-01,Precipitación,0.8899216026181387
2024-12-02,Precipitación,-2.6788323503365916
2024-12-03,Precipitación,-2.0691020541723786
2024-12-04,Precipitación,-1.8979579236142068
2024-12-05,Precipitación,-1.679919776897902
2024-12-06,Precipitación,67.55486317980838
2024-12-07,Precipitación,-17.62937074816978
2024-12-08,Precipitación,-6.275709330904366
2024-12-09,Precipitación,-3.0787031637721287
2024-12-10,Precipitación,-2.181341093517379
2024-12-11,Precipitación,-1.9294621032887742
2024-12-12,Precipitación,0.4112373700025038
2024-12-13,Precipitación,-0.05568744660808278
2024-12-14,Precipitación,2.9080020450278474
2024-12-15,Precipitación,-2.7510623404127132
2024-12-16,Precipitación,-2.3435461325946747
2024-12-17,Precipitación,-1.9749911520496408
2024-12-18,Precipitación,1.078457900925211
2024-12-19,Precipitación,-2.0340776401884417
2024-12-20,Precipitación,-1.7621301521703026
2024-12-21,Precipitación,26.1901197058111
2024-12-22,Precipitación,-8.296029228525871
2024-12-23,Precipitación,-3.145783222780194
2024-12-24,Precipitación,2.255660353205822
2024-12-25,Precipitación,-3.078329032751877
2024-12-26,Precipitación,-2.1812360793355703
2024-12-27,Precipitación,-1.929432627041727
2024-12-28,Precipitación,-1.8587543563612594
2024-12-29,Precipitación,-1.8389157961633158
2024-12-30,Precipitación,-1.8333473453942424
2024-12-31,Precipitación,-1.5917843466857569
