fecha,serie,modelo,observado,prediccion
2025-01-01,Viajes MBTB,SARIMA punto 5,1316.0,2605.408867402565
2025-01-02,Viajes MBTB,SARIMA punto 5,2357.0,2659.3496682651557
2025-01-03,Viajes MBTB,SARIMA punto 5,2612.0,2526.6389928782014
2025-01-04,Viajes MBTB,SARIMA punto 5,2130.0,1949.2197836117618
2025-01-05,Viajes MBTB,SARIMA punto 5,2625.0,1805.1936402085712
2025-01-06,Viajes MBTB,SARIMA punto 5,2927.0,2398.7463201168193
2025-01-07,Viajes MBTB,SARIMA punto 5,2752.0,2604.7250452965245
2025-01-08,Viajes MBTB,SARIMA punto 5,2641.0,2600.1689591359723
2025-01-09,Viajes MBTB,SARIMA punto 5,2715.0,2654.109759998563
2025-01-10,Viajes MBTB,SARIMA punto 5,2668.0,2521.3990846116085
2025-01-11,Viajes MBTB,SARIMA punto 5,2215.0,1943.9798753451687
2025-01-12,Viajes MBTB,SARIMA punto 5,2418.0,1799.9537319419783
2025-01-13,Viajes MBTB,SARIMA punto 5,2894.0,2393.506411850226
2025-01-14,Viajes MBTB,SARIMA punto 5,2867.0,2599.485137029931
2025-01-15,Viajes MBTB,SARIMA punto 5,2791.0,2594.929050869379
2025-01-16,Viajes MBTB,SARIMA punto 5,2609.0,2648.8698517319694
2025-01-17,Viajes MBTB,SARIMA punto 5,2618.0,2516.159176345015
2025-01-18,Viajes MBTB,SARIMA punto 5,2071.0,1938.7399670785753
2025-01-19,Viajes MBTB,SARIMA punto 5,1974.0,1794.713823675385
2025-01-20,Viajes MBTB,SARIMA punto 5,3173.0,2388.2665035836326
2025-01-21,Viajes MBTB,SARIMA punto 5,3082.0,2594.2452287633378
2025-01-22,Viajes MBTB,SARIMA punto 5,3082.0,2589.6891426027855
2025-01-23,Viajes MBTB,SARIMA punto 5,2954.0,2643.629943465376
2025-01-24,Viajes MBTB,SARIMA punto 5,2672.0,2510.9192680784217
2025-01-25,Viajes MBTB,SARIMA punto 5,2271.0,1933.500058811982
2025-01-26,Viajes MBTB,SARIMA punto 5,2110.0,1789.4739154087915
2025-01-27,Viajes MBTB,SARIMA punto 5,2952.0,2383.026595317039
2025-01-28,Viajes MBTB,SARIMA punto 5,2849.0,2589.0053204967444
2025-01-29,Viajes MBTB,SARIMA punto 5,3223.0,2584.449234336192
2025-01-30,Viajes MBTB,SARIMA punto 5,3218.0,2638.3900351987827
2025-01-31,Viajes MBTB,SARIMA punto 5,3377.0,2505.6793598118284
2025-02-01,Viajes MBTB,SARIMA punto 5,2427.0,1928.2601505453886
2025-02-02,Viajes MBTB,SARIMA punto 5,2490.0,1784.2340071421982
2025-02-03,Viajes MBTB,SARIMA punto 5,2828.0,2377.786687050446
2025-02-04,Viajes MBTB,SARIMA punto 5,2338.0,2583.765412230151
2025-02-05,Viajes MBTB,SARIMA punto 5,1368.0,2579.209326069599
2025-02-06,Viajes MBTB,SARIMA punto 5,3233.0,2633.1501269321893
2025-02-07,Viajes MBTB,SARIMA punto 5,3099.0,2500.439451545235
2025-02-08,Viajes MBTB,SARIMA punto 5,2199.0,1923.0202422787952
2025-02-09,Viajes MBTB,SARIMA punto 5,2200.0,1778.9940988756048
2025-02-10,Viajes MBTB,SARIMA punto 5,2609.0,2372.5467787838525
2025-02-11,Viajes MBTB,SARIMA punto 5,2341.0,2578.5255039635576
2025-02-12,Viajes MBTB,SARIMA punto 5,2121.0,2573.9694178030054
2025-02-13,Viajes MBTB,SARIMA punto 5,3196.0,2627.910218665596
2025-02-14,Viajes MBTB,SARIMA punto 5,2726.0,2495.1995432786416
2025-02-15,Viajes MBTB,SARIMA punto 5,2146.0,1917.7803340122018
2025-02-16,Viajes MBTB,SARIMA punto 5,1597.0,1773.7541906090114
2025-02-17,Viajes MBTB,SARIMA punto 5,3014.0,2367.306870517259
2025-02-18,Viajes MBTB,SARIMA punto 5,3241.0,2573.2855956969643
2025-02-19,Viajes MBTB,SARIMA punto 5,3234.0,2568.729509536412
2025-02-20,Viajes MBTB,SARIMA punto 5,3187.0,2622.6703103990026
2025-02-21,Viajes MBTB,SARIMA punto 5,3082.0,2489.9596350120482
2025-02-22,Viajes MBTB,SARIMA punto 5,2109.0,1912.5404257456084
2025-02-23,Viajes MBTB,SARIMA punto 5,2217.0,1768.514282342418
2025-02-24,Viajes MBTB,SARIMA punto 5,2579.0,2362.0669622506657
2025-02-25,Viajes MBTB,SARIMA punto 5,1897.0,2568.045687430371
2025-02-26,Viajes MBTB,SARIMA punto 5,2856.0,2563.4896012698186
2025-02-27,Viajes MBTB,SARIMA punto 5,3166.0,2617.430402132409
2025-02-28,Viajes MBTB,SARIMA punto 5,2425.0,2484.719726745455
2025-03-01,Viajes MBTB,SARIMA punto 5,2292.0,1907.300517479015
2025-03-02,Viajes MBTB,SARIMA punto 5,1308.0,1763.2743740758247
2025-03-03,Viajes MBTB,SARIMA punto 5,1818.0,2356.8270539840723
2025-03-04,Viajes MBTB,SARIMA punto 5,2132.0,2562.8057791637775
2025-03-05,Viajes MBTB,SARIMA punto 5,2675.0,2558.2496930032253
2025-03-06,Viajes MBTB,SARIMA punto 5,2628.0,2612.190493865816
2025-03-07,Viajes MBTB,SARIMA punto 5,2665.0,2479.4798184788615
2025-03-08,Viajes MBTB,SARIMA punto 5,1460.0,1902.0606092124217
2025-03-09,Viajes MBTB,SARIMA punto 5,2887.0,1758.0344658092313
2025-03-10,Viajes MBTB,SARIMA punto 5,3225.0,2351.587145717479
2025-03-11,Viajes MBTB,SARIMA punto 5,2920.0,2557.565870897184
2025-03-12,Viajes MBTB,SARIMA punto 5,2730.0,2553.009784736632
2025-03-13,Viajes MBTB,SARIMA punto 5,3183.0,2606.9505855992224
2025-03-14,Viajes MBTB,SARIMA punto 5,3238.0,2474.239910212268
2025-03-15,Viajes MBTB,SARIMA punto 5,2459.0,1896.8207009458283
2025-03-16,Viajes MBTB,SARIMA punto 5,2742.0,1752.794557542638
2025-03-17,Viajes MBTB,SARIMA punto 5,3019.0,2346.3472374508856
2025-03-18,Viajes MBTB,SARIMA punto 5,3085.0,2552.3259626305908
2025-03-19,Viajes MBTB,SARIMA punto 5,3156.0,2547.7698764700385
2025-03-20,Viajes MBTB,SARIMA punto 5,3295.0,2601.710677332629
2025-03-21,Viajes MBTB,SARIMA punto 5,3229.0,2469.0000019456747
2025-03-22,Viajes MBTB,SARIMA punto 5,2968.0,1891.580792679235
2025-03-23,Viajes MBTB,SARIMA punto 5,2195.0,1747.5546492760445
2025-03-24,Viajes MBTB,SARIMA punto 5,1624.0,2341.107329184292
2025-03-25,Viajes MBTB,SARIMA punto 5,3232.0,2547.0860543639974
2025-03-26,Viajes MBTB,SARIMA punto 5,3288.0,2542.529968203445
2025-03-27,Viajes MBTB,SARIMA punto 5,2610.0,2596.4707690660357
2025-03-28,Viajes MBTB,SARIMA punto 5,2544.0,2463.7600936790814
2025-03-29,Viajes MBTB,SARIMA punto 5,2707.0,1886.3408844126416
2025-03-30,Viajes MBTB,SARIMA punto 5,2506.0,1742.3147410094512
2025-03-31,Viajes MBTB,SARIMA punto 5,2516.0,2335.867420917699
2025-04-01,Viajes MBTB,SARIMA punto 5,2920.0,2541.846146097404
2025-04-02,Viajes MBTB,SARIMA punto 5,2708.0,2537.290059936852
2025-04-03,Viajes MBTB,SARIMA punto 5,3325.0,2591.2308607994423
2025-04-04,Viajes MBTB,SARIMA punto 5,2987.0,2458.520185412488
2025-04-05,Viajes MBTB,SARIMA punto 5,2547.0,1881.1009761460482
2025-04-06,Viajes MBTB,SARIMA punto 5,1990.0,1737.0748327428578
2025-04-07,Viajes MBTB,SARIMA punto 5,783.0,2330.6275126511055
2025-04-08,Viajes MBTB,SARIMA punto 5,2073.0,2536.6062378308106
2025-04-09,Viajes MBTB,SARIMA punto 5,2541.0,2532.0501516702584
2025-04-10,Viajes MBTB,SARIMA punto 5,2728.0,2585.990952532849
2025-04-11,Viajes MBTB,SARIMA punto 5,3260.0,2453.2802771458946
2025-04-12,Viajes MBTB,SARIMA punto 5,2591.0,1875.8610678794548
2025-04-13,Viajes MBTB,SARIMA punto 5,3534.0,1731.8349244762644
2025-04-14,Viajes MBTB,SARIMA punto 5,3090.0,2325.387604384512
2025-04-15,Viajes MBTB,SARIMA punto 5,3093.0,2531.3663295642173
2025-04-16,Viajes MBTB,SARIMA punto 5,3309.0,2526.810243403665
2025-04-17,Viajes MBTB,SARIMA punto 5,2817.0,2580.7510442662556
2025-04-18,Viajes MBTB,SARIMA punto 5,2116.0,2448.0403688793012
2025-04-19,Viajes MBTB,SARIMA punto 5,3873.0,1870.6211596128614
2025-04-20,Viajes MBTB,SARIMA punto 5,1141.0,1726.595016209671
2025-04-21,Viajes MBTB,SARIMA punto 5,2996.0,2320.1476961179187
2025-04-22,Viajes MBTB,SARIMA punto 5,3235.0,2526.126421297624
2025-04-23,Viajes MBTB,SARIMA punto 5,2568.0,2521.5703351370717
2025-04-24,Viajes MBTB,SARIMA punto 5,2818.0,2575.511135999662
2025-04-25,Viajes MBTB,SARIMA punto 5,3127.0,2442.800460612708
2025-04-26,Viajes MBTB,SARIMA punto 5,2509.0,1865.381251346268
2025-04-27,Viajes MBTB,SARIMA punto 5,2781.0,1721.3551079430777
2025-04-28,Viajes MBTB,SARIMA punto 5,3127.0,2314.9077878513253
2025-04-29,Viajes MBTB,SARIMA punto 5,3355.0,2520.8865130310305
2025-04-30,Viajes MBTB,SARIMA punto 5,3355.0,2516.3304268704783
2025-05-01,Viajes MBTB,SARIMA punto 5,2074.0,2570.271227733069
2025-05-02,Viajes MBTB,SARIMA punto 5,2969.0,2437.5605523461145
2025-05-03,Viajes MBTB,SARIMA punto 5,2898.0,1860.1413430796747
2025-05-04,Viajes MBTB,SARIMA punto 5,2781.0,1716.1151996764843
2025-05-05,Viajes MBTB,SARIMA punto 5,2595.0,2309.667879584732
2025-05-06,Viajes MBTB,SARIMA punto 5,4067.0,2515.646604764437
2025-05-07,Viajes MBTB,SARIMA punto 5,3032.0,2511.090518603885
2025-05-08,Viajes MBTB,SARIMA punto 5,3092.0,2565.0313194664755
2025-05-09,Viajes MBTB,SARIMA punto 5,3205.0,2432.320644079521
2025-05-10,Viajes MBTB,SARIMA punto 5,2883.0,1854.9014348130813
2025-05-11,Viajes MBTB,SARIMA punto 5,2970.0,1710.875291409891
2025-05-12,Viajes MBTB,SARIMA punto 5,3200.0,2304.4279713181386
2025-05-13,Viajes MBTB,SARIMA punto 5,3290.0,2510.4066964978438
2025-05-14,Viajes MBTB,SARIMA punto 5,3222.0,2505.8506103372915
2025-05-15,Viajes MBTB,SARIMA punto 5,3353.0,2559.791411199882
2025-05-16,Viajes MBTB,SARIMA punto 5,2875.0,2427.0807358129277
2025-05-17,Viajes MBTB,SARIMA punto 5,1420.0,1849.661526546488
2025-05-18,Viajes MBTB,SARIMA punto 5,2108.0,1705.6353831432975
2025-05-19,Viajes MBTB,SARIMA punto 5,1888.0,2299.188063051545
2025-05-20,Viajes MBTB,SARIMA punto 5,2824.0,2505.1667882312504
2025-05-21,Viajes MBTB,SARIMA punto 5,2885.0,2500.610702070698
2025-05-22,Viajes MBTB,SARIMA punto 5,2980.0,2554.5515029332887
2025-05-23,Viajes MBTB,SARIMA punto 5,2771.0,2421.8408275463344
2025-05-24,Viajes MBTB,SARIMA punto 5,1914.0,1844.4216182798946
2025-05-25,Viajes MBTB,SARIMA punto 5,2257.0,1700.3954748767042
2025-05-26,Viajes MBTB,SARIMA punto 5,2072.0,2293.948154784952
2025-05-27,Viajes MBTB,SARIMA punto 5,1999.0,2499.926879964657
2025-05-28,Viajes MBTB,SARIMA punto 5,2448.0,2495.370793804105
2025-05-29,Viajes MBTB,SARIMA punto 5,2438.0,2549.3115946666953
2025-05-30,Viajes MBTB,SARIMA punto 5,2590.0,2416.600919279741
2025-05-31,Viajes MBTB,SARIMA punto 5,2082.0,1839.1817100133012
2025-06-01,Viajes MBTB,SARIMA punto 5,2099.0,1695.1555666101108
2025-06-02,Viajes MBTB,SARIMA punto 5,2618.0,2288.7082465183585
2025-06-03,Viajes MBTB,SARIMA punto 5,2801.0,2494.6869716980636
2025-06-04,Viajes MBTB,SARIMA punto 5,2651.0,2490.1308855375114
2025-06-05,Viajes MBTB,SARIMA punto 5,2795.0,2544.071686400102
2025-06-06,Viajes MBTB,SARIMA punto 5,2652.0,2411.3610110131476
2025-06-07,Viajes MBTB,SARIMA punto 5,1760.0,1833.9418017467078
2025-06-08,Viajes MBTB,SARIMA punto 5,2186.0,1689.9156583435174
2025-06-09,Viajes MBTB,SARIMA punto 5,2553.0,2283.468338251765
2025-06-10,Viajes MBTB,SARIMA punto 5,2700.0,2489.4470634314703
2025-06-11,Viajes MBTB,SARIMA punto 5,2584.0,2484.890977270918
2025-06-12,Viajes MBTB,SARIMA punto 5,2503.0,2538.8317781335086
2025-06-13,Viajes MBTB,SARIMA punto 5,2335.0,2406.1211027465542
2025-06-14,Viajes MBTB,SARIMA punto 5,1452.0,1828.7018934801144
2025-06-15,Viajes MBTB,SARIMA punto 5,1723.0,1684.675750076924
2025-06-16,Viajes MBTB,SARIMA punto 5,997.0,2278.2284299851717
2025-06-17,Viajes MBTB,SARIMA punto 5,2342.0,2484.207155164877
2025-06-18,Viajes MBTB,SARIMA punto 5,2557.0,2479.6510690043247
2025-06-19,Viajes MBTB,SARIMA punto 5,2616.0,2533.591869866915
2025-06-20,Viajes MBTB,SARIMA punto 5,2037.0,2400.881194479961
2025-06-21,Viajes MBTB,SARIMA punto 5,1965.0,1823.461985213521
2025-06-22,Viajes MBTB,SARIMA punto 5,1666.0,1679.4358418103307
2025-06-23,Viajes MBTB,SARIMA punto 5,1716.0,2272.9885217185783
2025-06-24,Viajes MBTB,SARIMA punto 5,2114.0,2478.9672468982835
2025-06-25,Viajes MBTB,SARIMA punto 5,2276.0,2474.4111607377313
2025-06-26,Viajes MBTB,SARIMA punto 5,2407.0,2528.351961600322
2025-06-27,Viajes MBTB,SARIMA punto 5,2371.0,2395.6412862133675
2025-06-28,Viajes MBTB,SARIMA punto 5,1721.0,1818.2220769469277
2025-06-29,Viajes MBTB,SARIMA punto 5,1836.0,1674.1959335437373
2025-06-30,Viajes MBTB,SARIMA punto 5,1815.0,2267.748613451985
2025-07-01,Viajes MBTB,SARIMA punto 5,2033.0,2473.72733863169
2025-07-02,Viajes MBTB,SARIMA punto 5,2104.0,2469.171252471138
2025-07-03,Viajes MBTB,SARIMA punto 5,2129.0,2523.1120533337285
2025-07-04,Viajes MBTB,SARIMA punto 5,2368.0,2390.401377946774
2025-07-05,Viajes MBTB,SARIMA punto 5,1945.0,1812.9821686803343
2025-07-06,Viajes MBTB,SARIMA punto 5,2166.0,1668.956025277144
2025-07-07,Viajes MBTB,SARIMA punto 5,2507.0,2262.5087051853916
2025-07-08,Viajes MBTB,SARIMA punto 5,2608.0,2468.4874303650968
2025-07-09,Viajes MBTB,SARIMA punto 5,2345.0,2463.9313442045445
2025-07-10,Viajes MBTB,SARIMA punto 5,2532.0,2517.872145067135
2025-07-11,Viajes MBTB,SARIMA punto 5,2597.0,2385.1614696801807
2025-07-12,Viajes MBTB,SARIMA punto 5,2198.0,1807.742260413741
2025-07-13,Viajes MBTB,SARIMA punto 5,2708.0,1663.7161170105505
2025-07-14,Viajes MBTB,SARIMA punto 5,2591.0,2257.268796918798
2025-07-15,Viajes MBTB,SARIMA punto 5,2786.0,2463.2475220985034
2025-07-16,Viajes MBTB,SARIMA punto 5,932.0,2458.691435937951
2025-07-17,Viajes MBTB,SARIMA punto 5,2435.0,2512.6322368005417
2025-07-18,Viajes MBTB,SARIMA punto 5,2662.0,2379.9215614135874
2025-07-19,Viajes MBTB,SARIMA punto 5,2320.0,1802.5023521471476
2025-07-20,Viajes MBTB,SARIMA punto 5,2567.0,1658.4762087439572
2025-07-21,Viajes MBTB,SARIMA punto 5,2660.0,2252.028888652205
2025-07-22,Viajes MBTB,SARIMA punto 5,2523.0,2458.00761383191
2025-07-23,Viajes MBTB,SARIMA punto 5,1804.0,2453.451527671358
2025-07-24,Viajes MBTB,SARIMA punto 5,2432.0,2507.3923285339483
2025-07-25,Viajes MBTB,SARIMA punto 5,2361.0,2374.681653146994
2025-07-26,Viajes MBTB,SARIMA punto 5,1175.0,1797.2624438805542
2025-07-27,Viajes MBTB,SARIMA punto 5,518.0,1653.2363004773638
2025-07-28,Viajes MBTB,SARIMA punto 5,2366.0,2246.7889803856115
2025-07-29,Viajes MBTB,SARIMA punto 5,2498.0,2452.7677055653166
2025-07-30,Viajes MBTB,SARIMA punto 5,2655.0,2448.2116194047644
2025-07-31,Viajes MBTB,SARIMA punto 5,2664.0,2502.152420267355
2025-08-01,Viajes MBTB,SARIMA punto 5,2325.0,2369.4417448804006
2025-08-02,Viajes MBTB,SARIMA punto 5,2525.0,1792.0225356139608
2025-08-03,Viajes MBTB,SARIMA punto 5,2632.0,1647.9963922107704
2025-08-04,Viajes MBTB,SARIMA punto 5,2616.0,2241.549072119018
2025-08-05,Viajes MBTB,SARIMA punto 5,2738.0,2447.5277972987233
2025-08-06,Viajes MBTB,SARIMA punto 5,2852.0,2442.971711138171
2025-08-07,Viajes MBTB,SARIMA punto 5,2842.0,2496.9125120007616
2025-08-08,Viajes MBTB,SARIMA punto 5,2687.0,2364.2018366138072
2025-08-09,Viajes MBTB,SARIMA punto 5,2460.0,1786.7826273473675
2025-08-10,Viajes MBTB,SARIMA punto 5,2733.0,1642.756483944177
2025-08-11,Viajes MBTB,SARIMA punto 5,2611.0,2236.3091638524247
2025-08-12,Viajes MBTB,SARIMA punto 5,2823.0,2442.28788903213
2025-08-13,Viajes MBTB,SARIMA punto 5,2690.0,2437.7318028715777
2025-08-14,Viajes MBTB,SARIMA punto 5,2664.0,2491.672603734168
2025-08-15,Viajes MBTB,SARIMA punto 5,2307.0,2358.961928347214
2025-08-16,Viajes MBTB,SARIMA punto 5,1856.0,1781.542719080774
2025-08-17,Viajes MBTB,SARIMA punto 5,2292.0,1637.5165756775837
2025-08-18,Viajes MBTB,SARIMA punto 5,1997.0,2231.0692555858313
2025-08-19,Viajes MBTB,SARIMA punto 5,298.0,2437.0479807655365
2025-08-20,Viajes MBTB,SARIMA punto 5,2465.0,2432.4918946049843
2025-08-21,Viajes MBTB,SARIMA punto 5,2722.0,2486.432695467575
2025-08-22,Viajes MBTB,SARIMA punto 5,2456.0,2353.7220200806205
2025-08-23,Viajes MBTB,SARIMA punto 5,2047.0,1776.3028108141807
2025-08-24,Viajes MBTB,SARIMA punto 5,2775.0,1632.2766674109903
2025-08-25,Viajes MBTB,SARIMA punto 5,2811.0,2225.829347319238
2025-08-26,Viajes MBTB,SARIMA punto 5,2956.0,2431.808072498943
2025-08-27,Viajes MBTB,SARIMA punto 5,3014.0,2427.251986338391
2025-08-28,Viajes MBTB,SARIMA punto 5,2746.0,2481.1927872009815
2025-08-29,Viajes MBTB,SARIMA punto 5,2645.0,2348.482111814027
2025-08-30,Viajes MBTB,SARIMA punto 5,1194.0,1771.0629025475873
2025-08-31,Viajes MBTB,SARIMA punto 5,346.0,1627.036759144397
2025-09-01,Viajes MBTB,SARIMA punto 5,2120.0,2220.5894390526446
2025-09-02,Viajes MBTB,SARIMA punto 5,2375.0,2426.56816423235
2025-09-03,Viajes MBTB,SARIMA punto 5,2631.0,2422.0120780717975
2025-09-04,Viajes MBTB,SARIMA punto 5,2393.0,2475.952878934388
2025-09-05,Viajes MBTB,SARIMA punto 5,2533.0,2343.2422035474337
2025-09-06,Viajes MBTB,SARIMA punto 5,2210.0,1765.822994280994
2025-09-07,Viajes MBTB,SARIMA punto 5,2088.0,1621.7968508778035
2025-09-08,Viajes MBTB,SARIMA punto 5,2605.0,2215.349530786051
2025-09-09,Viajes MBTB,SARIMA punto 5,2864.0,2421.3282559657564
2025-09-10,Viajes MBTB,SARIMA punto 5,3006.0,2416.772169805204
2025-09-11,Viajes MBTB,SARIMA punto 5,3067.0,2470.7129706677947
2025-09-12,Viajes MBTB,SARIMA punto 5,2856.0,2338.0022952808404
2025-09-13,Viajes MBTB,SARIMA punto 5,2419.0,1760.5830860144006
2025-09-14,Viajes MBTB,SARIMA punto 5,2918.0,1616.5569426112102
2025-09-15,Viajes MBTB,SARIMA punto 5,2323.0,2210.109622519458
2025-09-16,Viajes MBTB,SARIMA punto 5,2948.0,2416.088347699163
2025-09-17,Viajes MBTB,SARIMA punto 5,2903.0,2411.532261538611
2025-09-18,Viajes MBTB,SARIMA punto 5,2942.0,2465.4730624012013
2025-09-19,Viajes MBTB,SARIMA punto 5,2416.0,2332.762387014247
2025-09-20,Viajes MBTB,SARIMA punto 5,1679.0,1755.3431777478072
2025-09-21,Viajes MBTB,SARIMA punto 5,2104.0,1611.3170343446168
2025-09-22,Viajes MBTB,SARIMA punto 5,3811.0,2204.8697142528645
2025-09-23,Viajes MBTB,SARIMA punto 5,2765.0,2410.8484394325696
2025-09-24,Viajes MBTB,SARIMA punto 5,3011.0,2406.2923532720174
2025-09-25,Viajes MBTB,SARIMA punto 5,2811.0,2460.233154134608
2025-09-26,Viajes MBTB,SARIMA punto 5,2751.0,2327.5224787476536
2025-09-27,Viajes MBTB,SARIMA punto 5,1415.0,1750.1032694812138
2025-09-28,Viajes MBTB,SARIMA punto 5,2859.0,1606.0771260780234
2025-09-29,Viajes MBTB,SARIMA punto 5,2771.0,2199.629805986271
2025-09-30,Viajes MBTB,SARIMA punto 5,2789.0,2405.6085311659763
2025-10-01,Viajes MBTB,SARIMA punto 5,3140.0,2401.052445005424
2025-10-02,Viajes MBTB,SARIMA punto 5,3091.0,2454.9932458680146
2025-10-03,Viajes MBTB,SARIMA punto 5,2982.0,2322.2825704810602
2025-10-04,Viajes MBTB,SARIMA punto 5,2557.0,1744.8633612146205
2025-10-05,Viajes MBTB,SARIMA punto 5,1596.0,1600.83721781143
2025-10-06,Viajes MBTB,SARIMA punto 5,2751.0,2194.3898977196777
2025-10-07,Viajes MBTB,SARIMA punto 5,2971.0,2400.368622899383
2025-10-08,Viajes MBTB,SARIMA punto 5,3162.0,2395.8125367388307
2025-10-09,Viajes MBTB,SARIMA punto 5,3675.0,2449.753337601421
2025-10-10,Viajes MBTB,SARIMA punto 5,2642.0,2317.042662214467
2025-10-11,Viajes MBTB,SARIMA punto 5,2228.0,1739.623452948027
2025-10-12,Viajes MBTB,SARIMA punto 5,2057.0,1595.5973095448367
2025-10-13,Viajes MBTB,SARIMA punto 5,3074.0,2189.1499894530843
2025-10-14,Viajes MBTB,SARIMA punto 5,3303.0,2395.1287146327895
2025-10-15,Viajes MBTB,SARIMA punto 5,3327.0,2390.5726284722373
2025-10-16,Viajes MBTB,SARIMA punto 5,3249.0,2444.513429334828
2025-10-17,Viajes MBTB,SARIMA punto 5,2423.0,2311.8027539478735
2025-10-18,Viajes MBTB,SARIMA punto 5,2709.0,1734.3835446814337
2025-10-19,Viajes MBTB,SARIMA punto 5,2415.0,1590.3574012782433
2025-10-20,Viajes MBTB,SARIMA punto 5,2830.0,2183.910081186491
2025-10-21,Viajes MBTB,SARIMA punto 5,3171.0,2389.888806366196
2025-10-22,Viajes MBTB,SARIMA punto 5,3183.0,2385.332720205644
2025-10-23,Viajes MBTB,SARIMA punto 5,3087.0,2439.2735210682345
2025-10-24,Viajes MBTB,SARIMA punto 5,1061.0,2306.56284568128
2025-10-25,Viajes MBTB,SARIMA punto 5,2127.0,1729.1436364148403
2025-10-26,Viajes MBTB,SARIMA punto 5,4284.0,1585.11749301165
2025-10-27,Viajes MBTB,SARIMA punto 5,2410.0,2178.6701729198976
2025-10-28,Viajes MBTB,SARIMA punto 5,2330.0,2384.648898099603
2025-10-29,Viajes MBTB,SARIMA punto 5,2873.0,2380.0928119390505
2025-10-30,Viajes MBTB,SARIMA punto 5,2887.0,2434.033612801641
2025-10-31,Viajes MBTB,SARIMA punto 5,2995.0,2301.3229374146867
2025-11-01,Viajes MBTB,SARIMA punto 5,2614.0,1723.903728148247
2025-11-02,Viajes MBTB,SARIMA punto 5,2995.0,1579.8775847450565
2025-11-03,Viajes MBTB,SARIMA punto 5,2993.0,2173.430264653304
2025-11-04,Viajes MBTB,SARIMA punto 5,2298.0,2379.4089898330094
2025-11-05,Viajes MBTB,SARIMA punto 5,3011.0,2374.852903672457
2025-11-06,Viajes MBTB,SARIMA punto 5,2655.0,2428.7937045350477
2025-11-07,Viajes MBTB,SARIMA punto 5,939.0,2296.0830291480934
2025-11-08,Viajes MBTB,SARIMA punto 5,2340.0,1718.6638198816536
2025-11-09,Viajes MBTB,SARIMA punto 5,2984.0,1574.6376764784632
2025-11-10,Viajes MBTB,SARIMA punto 5,3122.0,2168.190356386711
2025-11-11,Viajes MBTB,SARIMA punto 5,2885.0,2374.169081566416
2025-11-12,Viajes MBTB,SARIMA punto 5,2724.0,2369.612995405864
2025-11-13,Viajes MBTB,SARIMA punto 5,3207.0,2423.5537962684543
2025-11-14,Viajes MBTB,SARIMA punto 5,2962.0,2290.8431208815
2025-11-15,Viajes MBTB,SARIMA punto 5,2488.0,1713.4239116150602
2025-11-16,Viajes MBTB,SARIMA punto 5,2151.0,1569.3977682118698
2025-11-17,Viajes MBTB,SARIMA punto 5,2951.0,2162.9504481201175
2025-11-18,Viajes MBTB,SARIMA punto 5,2979.0,2368.9291732998227
2025-11-19,Viajes MBTB,SARIMA punto 5,3118.0,2364.3730871392704
2025-11-20,Viajes MBTB,SARIMA punto 5,2322.0,2418.313888001861
2025-11-21,Viajes MBTB,SARIMA punto 5,2519.0,2285.6032126149066
2025-11-22,Viajes MBTB,SARIMA punto 5,2470.0,1708.1840033484668
2025-11-23,Viajes MBTB,SARIMA punto 5,3121.0,1564.1578599452764
2025-11-24,Viajes MBTB,SARIMA punto 5,2712.0,2157.710539853524
2025-11-25,Viajes MBTB,SARIMA punto 5,3054.0,2363.6892650332293
2025-11-26,Viajes MBTB,SARIMA punto 5,3019.0,2359.133178872677
2025-11-27,Viajes MBTB,SARIMA punto 5,3101.0,2413.0739797352676
2025-11-28,Viajes MBTB,SARIMA punto 5,2609.0,2280.3633043483132
2025-11-29,Viajes MBTB,SARIMA punto 5,2100.0,1702.9440950818735
2025-11-30,Viajes MBTB,SARIMA punto 5,2562.0,1558.917951678683
2025-12-01,Viajes MBTB,SARIMA punto 5,2593.0,2152.4706315869307
2025-12-02,Viajes MBTB,SARIMA punto 5,3025.0,2358.449356766636
2025-12-03,Viajes MBTB,SARIMA punto 5,2944.0,2353.8932706060837
2025-12-04,Viajes MBTB,SARIMA punto 5,2981.0,2407.834071468674
2025-12-05,Viajes MBTB,SARIMA punto 5,2708.0,2275.12339608172
2025-12-06,Viajes MBTB,SARIMA punto 5,2273.0,1697.70418681528
2025-12-07,Viajes MBTB,SARIMA punto 5,2569.0,1553.6780434120897
2025-12-08,Viajes MBTB,SARIMA punto 5,2175.0,2147.2307233203373
2025-12-09,Viajes MBTB,SARIMA punto 5,3036.0,2353.2094485000425
2025-12-10,Viajes MBTB,SARIMA punto 5,2564.0,2348.6533623394903
2025-12-11,Viajes MBTB,SARIMA punto 5,2114.0,2402.594163202081
2025-12-12,Viajes MBTB,SARIMA punto 5,2851.0,2269.8834878151265
2025-12-13,Viajes MBTB,SARIMA punto 5,2242.0,1692.4642785486867
2025-12-14,Viajes MBTB,SARIMA punto 5,1924.0,1548.4381351454963
2025-12-15,Viajes MBTB,SARIMA punto 5,2665.0,2141.990815053744
2025-12-16,Viajes MBTB,SARIMA punto 5,3058.0,2347.969540233449
2025-12-17,Viajes MBTB,SARIMA punto 5,3049.0,2343.413454072897
2025-12-18,Viajes MBTB,SARIMA punto 5,2975.0,2397.3542549354875
2025-12-19,Viajes MBTB,SARIMA punto 5,2866.0,2264.643579548533
2025-12-20,Viajes MBTB,SARIMA punto 5,1722.0,1687.2243702820933
2025-12-21,Viajes MBTB,SARIMA punto 5,2454.0,1543.198226878903
2025-12-22,Viajes MBTB,SARIMA punto 5,2791.0,2136.7509067871506
2025-12-23,Viajes MBTB,SARIMA punto 5,2788.0,2342.729631966856
2025-12-24,Viajes MBTB,SARIMA punto 5,1746.0,2338.1735458063035
2025-12-25,Viajes MBTB,SARIMA punto 5,1397.0,2392.114346668894
2025-12-26,Viajes MBTB,SARIMA punto 5,2585.0,2259.4036712819398
2025-12-27,Viajes MBTB,SARIMA punto 5,2145.0,1681.9844620155
2025-12-28,Viajes MBTB,SARIMA punto 5,2365.0,1537.9583186123095
2025-12-29,Viajes MBTB,SARIMA punto 5,2548.0,2131.510998520557
2025-12-30,Viajes MBTB,SARIMA punto 5,2624.0,2337.4897237002624
2025-12-31,Viajes MBTB,SARIMA punto 5,1605.0,2332.93363753971
2025-01-01,Viajes MBTB,Media,1316.0,2567.373461012312
2025-01-02,Viajes MBTB,Media,2357.0,2567.373461012312
2025-01-03,Viajes MBTB,Media,2612.0,2567.373461012312
2025-01-04,Viajes MBTB,Media,2130.0,2567.373461012312
2025-01-05,Viajes MBTB,Media,2625.0,2567.373461012312
2025-01-06,Viajes MBTB,Media,2927.0,2567.373461012312
2025-01-07,Viajes MBTB,Media,2752.0,2567.373461012312
2025-01-08,Viajes MBTB,Media,2641.0,2567.373461012312
2025-01-09,Viajes MBTB,Media,2715.0,2567.373461012312
2025-01-10,Viajes MBTB,Media,2668.0,2567.373461012312
2025-01-11,Viajes MBTB,Media,2215.0,2567.373461012312
2025-01-12,Viajes MBTB,Media,2418.0,2567.373461012312
2025-01-13,Viajes MBTB,Media,2894.0,2567.373461012312
2025-01-14,Viajes MBTB,Media,2867.0,2567.373461012312
2025-01-15,Viajes MBTB,Media,2791.0,2567.373461012312
2025-01-16,Viajes MBTB,Media,2609.0,2567.373461012312
2025-01-17,Viajes MBTB,Media,2618.0,2567.373461012312
2025-01-18,Viajes MBTB,Media,2071.0,2567.373461012312
2025-01-19,Viajes MBTB,Media,1974.0,2567.373461012312
2025-01-20,Viajes MBTB,Media,3173.0,2567.373461012312
2025-01-21,Viajes MBTB,Media,3082.0,2567.373461012312
2025-01-22,Viajes MBTB,Media,3082.0,2567.373461012312
2025-01-23,Viajes MBTB,Media,2954.0,2567.373461012312
2025-01-24,Viajes MBTB,Media,2672.0,2567.373461012312
2025-01-25,Viajes MBTB,Media,2271.0,2567.373461012312
2025-01-26,Viajes MBTB,Media,2110.0,2567.373461012312
2025-01-27,Viajes MBTB,Media,2952.0,2567.373461012312
2025-01-28,Viajes MBTB,Media,2849.0,2567.373461012312
2025-01-29,Viajes MBTB,Media,3223.0,2567.373461012312
2025-01-30,Viajes MBTB,Media,3218.0,2567.373461012312
2025-01-31,Viajes MBTB,Media,3377.0,2567.373461012312
2025-02-01,Viajes MBTB,Media,2427.0,2567.373461012312
2025-02-02,Viajes MBTB,Media,2490.0,2567.373461012312
2025-02-03,Viajes MBTB,Media,2828.0,2567.373461012312
2025-02-04,Viajes MBTB,Media,2338.0,2567.373461012312
2025-02-05,Viajes MBTB,Media,1368.0,2567.373461012312
2025-02-06,Viajes MBTB,Media,3233.0,2567.373461012312
2025-02-07,Viajes MBTB,Media,3099.0,2567.373461012312
2025-02-08,Viajes MBTB,Media,2199.0,2567.373461012312
2025-02-09,Viajes MBTB,Media,2200.0,2567.373461012312
2025-02-10,Viajes MBTB,Media,2609.0,2567.373461012312
2025-02-11,Viajes MBTB,Media,2341.0,2567.373461012312
2025-02-12,Viajes MBTB,Media,2121.0,2567.373461012312
2025-02-13,Viajes MBTB,Media,3196.0,2567.373461012312
2025-02-14,Viajes MBTB,Media,2726.0,2567.373461012312
2025-02-15,Viajes MBTB,Media,2146.0,2567.373461012312
2025-02-16,Viajes MBTB,Media,1597.0,2567.373461012312
2025-02-17,Viajes MBTB,Media,3014.0,2567.373461012312
2025-02-18,Viajes MBTB,Media,3241.0,2567.373461012312
2025-02-19,Viajes MBTB,Media,3234.0,2567.373461012312
2025-02-20,Viajes MBTB,Media,3187.0,2567.373461012312
2025-02-21,Viajes MBTB,Media,3082.0,2567.373461012312
2025-02-22,Viajes MBTB,Media,2109.0,2567.373461012312
2025-02-23,Viajes MBTB,Media,2217.0,2567.373461012312
2025-02-24,Viajes MBTB,Media,2579.0,2567.373461012312
2025-02-25,Viajes MBTB,Media,1897.0,2567.373461012312
2025-02-26,Viajes MBTB,Media,2856.0,2567.373461012312
2025-02-27,Viajes MBTB,Media,3166.0,2567.373461012312
2025-02-28,Viajes MBTB,Media,2425.0,2567.373461012312
2025-03-01,Viajes MBTB,Media,2292.0,2567.373461012312
2025-03-02,Viajes MBTB,Media,1308.0,2567.373461012312
2025-03-03,Viajes MBTB,Media,1818.0,2567.373461012312
2025-03-04,Viajes MBTB,Media,2132.0,2567.373461012312
2025-03-05,Viajes MBTB,Media,2675.0,2567.373461012312
2025-03-06,Viajes MBTB,Media,2628.0,2567.373461012312
2025-03-07,Viajes MBTB,Media,2665.0,2567.373461012312
2025-03-08,Viajes MBTB,Media,1460.0,2567.373461012312
2025-03-09,Viajes MBTB,Media,2887.0,2567.373461012312
2025-03-10,Viajes MBTB,Media,3225.0,2567.373461012312
2025-03-11,Viajes MBTB,Media,2920.0,2567.373461012312
2025-03-12,Viajes MBTB,Media,2730.0,2567.373461012312
2025-03-13,Viajes MBTB,Media,3183.0,2567.373461012312
2025-03-14,Viajes MBTB,Media,3238.0,2567.373461012312
2025-03-15,Viajes MBTB,Media,2459.0,2567.373461012312
2025-03-16,Viajes MBTB,Media,2742.0,2567.373461012312
2025-03-17,Viajes MBTB,Media,3019.0,2567.373461012312
2025-03-18,Viajes MBTB,Media,3085.0,2567.373461012312
2025-03-19,Viajes MBTB,Media,3156.0,2567.373461012312
2025-03-20,Viajes MBTB,Media,3295.0,2567.373461012312
2025-03-21,Viajes MBTB,Media,3229.0,2567.373461012312
2025-03-22,Viajes MBTB,Media,2968.0,2567.373461012312
2025-03-23,Viajes MBTB,Media,2195.0,2567.373461012312
2025-03-24,Viajes MBTB,Media,1624.0,2567.373461012312
2025-03-25,Viajes MBTB,Media,3232.0,2567.373461012312
2025-03-26,Viajes MBTB,Media,3288.0,2567.373461012312
2025-03-27,Viajes MBTB,Media,2610.0,2567.373461012312
2025-03-28,Viajes MBTB,Media,2544.0,2567.373461012312
2025-03-29,Viajes MBTB,Media,2707.0,2567.373461012312
2025-03-30,Viajes MBTB,Media,2506.0,2567.373461012312
2025-03-31,Viajes MBTB,Media,2516.0,2567.373461012312
2025-04-01,Viajes MBTB,Media,2920.0,2567.373461012312
2025-04-02,Viajes MBTB,Media,2708.0,2567.373461012312
2025-04-03,Viajes MBTB,Media,3325.0,2567.373461012312
2025-04-04,Viajes MBTB,Media,2987.0,2567.373461012312
2025-04-05,Viajes MBTB,Media,2547.0,2567.373461012312
2025-04-06,Viajes MBTB,Media,1990.0,2567.373461012312
2025-04-07,Viajes MBTB,Media,783.0,2567.373461012312
2025-04-08,Viajes MBTB,Media,2073.0,2567.373461012312
2025-04-09,Viajes MBTB,Media,2541.0,2567.373461012312
2025-04-10,Viajes MBTB,Media,2728.0,2567.373461012312
2025-04-11,Viajes MBTB,Media,3260.0,2567.373461012312
2025-04-12,Viajes MBTB,Media,2591.0,2567.373461012312
2025-04-13,Viajes MBTB,Media,3534.0,2567.373461012312
2025-04-14,Viajes MBTB,Media,3090.0,2567.373461012312
2025-04-15,Viajes MBTB,Media,3093.0,2567.373461012312
2025-04-16,Viajes MBTB,Media,3309.0,2567.373461012312
2025-04-17,Viajes MBTB,Media,2817.0,2567.373461012312
2025-04-18,Viajes MBTB,Media,2116.0,2567.373461012312
2025-04-19,Viajes MBTB,Media,3873.0,2567.373461012312
2025-04-20,Viajes MBTB,Media,1141.0,2567.373461012312
2025-04-21,Viajes MBTB,Media,2996.0,2567.373461012312
2025-04-22,Viajes MBTB,Media,3235.0,2567.373461012312
2025-04-23,Viajes MBTB,Media,2568.0,2567.373461012312
2025-04-24,Viajes MBTB,Media,2818.0,2567.373461012312
2025-04-25,Viajes MBTB,Media,3127.0,2567.373461012312
2025-04-26,Viajes MBTB,Media,2509.0,2567.373461012312
2025-04-27,Viajes MBTB,Media,2781.0,2567.373461012312
2025-04-28,Viajes MBTB,Media,3127.0,2567.373461012312
2025-04-29,Viajes MBTB,Media,3355.0,2567.373461012312
2025-04-30,Viajes MBTB,Media,3355.0,2567.373461012312
2025-05-01,Viajes MBTB,Media,2074.0,2567.373461012312
2025-05-02,Viajes MBTB,Media,2969.0,2567.373461012312
2025-05-03,Viajes MBTB,Media,2898.0,2567.373461012312
2025-05-04,Viajes MBTB,Media,2781.0,2567.373461012312
2025-05-05,Viajes MBTB,Media,2595.0,2567.373461012312
2025-05-06,Viajes MBTB,Media,4067.0,2567.373461012312
2025-05-07,Viajes MBTB,Media,3032.0,2567.373461012312
2025-05-08,Viajes MBTB,Media,3092.0,2567.373461012312
2025-05-09,Viajes MBTB,Media,3205.0,2567.373461012312
2025-05-10,Viajes MBTB,Media,2883.0,2567.373461012312
2025-05-11,Viajes MBTB,Media,2970.0,2567.373461012312
2025-05-12,Viajes MBTB,Media,3200.0,2567.373461012312
2025-05-13,Viajes MBTB,Media,3290.0,2567.373461012312
2025-05-14,Viajes MBTB,Media,3222.0,2567.373461012312
2025-05-15,Viajes MBTB,Media,3353.0,2567.373461012312
2025-05-16,Viajes MBTB,Media,2875.0,2567.373461012312
2025-05-17,Viajes MBTB,Media,1420.0,2567.373461012312
2025-05-18,Viajes MBTB,Media,2108.0,2567.373461012312
2025-05-19,Viajes MBTB,Media,1888.0,2567.373461012312
2025-05-20,Viajes MBTB,Media,2824.0,2567.373461012312
2025-05-21,Viajes MBTB,Media,2885.0,2567.373461012312
2025-05-22,Viajes MBTB,Media,2980.0,2567.373461012312
2025-05-23,Viajes MBTB,Media,2771.0,2567.373461012312
2025-05-24,Viajes MBTB,Media,1914.0,2567.373461012312
2025-05-25,Viajes MBTB,Media,2257.0,2567.373461012312
2025-05-26,Viajes MBTB,Media,2072.0,2567.373461012312
2025-05-27,Viajes MBTB,Media,1999.0,2567.373461012312
2025-05-28,Viajes MBTB,Media,2448.0,2567.373461012312
2025-05-29,Viajes MBTB,Media,2438.0,2567.373461012312
2025-05-30,Viajes MBTB,Media,2590.0,2567.373461012312
2025-05-31,Viajes MBTB,Media,2082.0,2567.373461012312
2025-06-01,Viajes MBTB,Media,2099.0,2567.373461012312
2025-06-02,Viajes MBTB,Media,2618.0,2567.373461012312
2025-06-03,Viajes MBTB,Media,2801.0,2567.373461012312
2025-06-04,Viajes MBTB,Media,2651.0,2567.373461012312
2025-06-05,Viajes MBTB,Media,2795.0,2567.373461012312
2025-06-06,Viajes MBTB,Media,2652.0,2567.373461012312
2025-06-07,Viajes MBTB,Media,1760.0,2567.373461012312
2025-06-08,Viajes MBTB,Media,2186.0,2567.373461012312
2025-06-09,Viajes MBTB,Media,2553.0,2567.373461012312
2025-06-10,Viajes MBTB,Media,2700.0,2567.373461012312
2025-06-11,Viajes MBTB,Media,2584.0,2567.373461012312
2025-06-12,Viajes MBTB,Media,2503.0,2567.373461012312
2025-06-13,Viajes MBTB,Media,2335.0,2567.373461012312
2025-06-14,Viajes MBTB,Media,1452.0,2567.373461012312
2025-06-15,Viajes MBTB,Media,1723.0,2567.373461012312
2025-06-16,Viajes MBTB,Media,997.0,2567.373461012312
2025-06-17,Viajes MBTB,Media,2342.0,2567.373461012312
2025-06-18,Viajes MBTB,Media,2557.0,2567.373461012312
2025-06-19,Viajes MBTB,Media,2616.0,2567.373461012312
2025-06-20,Viajes MBTB,Media,2037.0,2567.373461012312
2025-06-21,Viajes MBTB,Media,1965.0,2567.373461012312
2025-06-22,Viajes MBTB,Media,1666.0,2567.373461012312
2025-06-23,Viajes MBTB,Media,1716.0,2567.373461012312
2025-06-24,Viajes MBTB,Media,2114.0,2567.373461012312
2025-06-25,Viajes MBTB,Media,2276.0,2567.373461012312
2025-06-26,Viajes MBTB,Media,2407.0,2567.373461012312
2025-06-27,Viajes MBTB,Media,2371.0,2567.373461012312
2025-06-28,Viajes MBTB,Media,1721.0,2567.373461012312
2025-06-29,Viajes MBTB,Media,1836.0,2567.373461012312
2025-06-30,Viajes MBTB,Media,1815.0,2567.373461012312
2025-07-01,Viajes MBTB,Media,2033.0,2567.373461012312
2025-07-02,Viajes MBTB,Media,2104.0,2567.373461012312
2025-07-03,Viajes MBTB,Media,2129.0,2567.373461012312
2025-07-04,Viajes MBTB,Media,2368.0,2567.373461012312
2025-07-05,Viajes MBTB,Media,1945.0,2567.373461012312
2025-07-06,Viajes MBTB,Media,2166.0,2567.373461012312
2025-07-07,Viajes MBTB,Media,2507.0,2567.373461012312
2025-07-08,Viajes MBTB,Media,2608.0,2567.373461012312
2025-07-09,Viajes MBTB,Media,2345.0,2567.373461012312
2025-07-10,Viajes MBTB,Media,2532.0,2567.373461012312
2025-07-11,Viajes MBTB,Media,2597.0,2567.373461012312
2025-07-12,Viajes MBTB,Media,2198.0,2567.373461012312
2025-07-13,Viajes MBTB,Media,2708.0,2567.373461012312
2025-07-14,Viajes MBTB,Media,2591.0,2567.373461012312
2025-07-15,Viajes MBTB,Media,2786.0,2567.373461012312
2025-07-16,Viajes MBTB,Media,932.0,2567.373461012312
2025-07-17,Viajes MBTB,Media,2435.0,2567.373461012312
2025-07-18,Viajes MBTB,Media,2662.0,2567.373461012312
2025-07-19,Viajes MBTB,Media,2320.0,2567.373461012312
2025-07-20,Viajes MBTB,Media,2567.0,2567.373461012312
2025-07-21,Viajes MBTB,Media,2660.0,2567.373461012312
2025-07-22,Viajes MBTB,Media,2523.0,2567.373461012312
2025-07-23,Viajes MBTB,Media,1804.0,2567.373461012312
2025-07-24,Viajes MBTB,Media,2432.0,2567.373461012312
2025-07-25,Viajes MBTB,Media,2361.0,2567.373461012312
2025-07-26,Viajes MBTB,Media,1175.0,2567.373461012312
2025-07-27,Viajes MBTB,Media,518.0,2567.373461012312
2025-07-28,Viajes MBTB,Media,2366.0,2567.373461012312
2025-07-29,Viajes MBTB,Media,2498.0,2567.373461012312
2025-07-30,Viajes MBTB,Media,2655.0,2567.373461012312
2025-07-31,Viajes MBTB,Media,2664.0,2567.373461012312
2025-08-01,Viajes MBTB,Media,2325.0,2567.373461012312
2025-08-02,Viajes MBTB,Media,2525.0,2567.373461012312
2025-08-03,Viajes MBTB,Media,2632.0,2567.373461012312
2025-08-04,Viajes MBTB,Media,2616.0,2567.373461012312
2025-08-05,Viajes MBTB,Media,2738.0,2567.373461012312
2025-08-06,Viajes MBTB,Media,2852.0,2567.373461012312
2025-08-07,Viajes MBTB,Media,2842.0,2567.373461012312
2025-08-08,Viajes MBTB,Media,2687.0,2567.373461012312
2025-08-09,Viajes MBTB,Media,2460.0,2567.373461012312
2025-08-10,Viajes MBTB,Media,2733.0,2567.373461012312
2025-08-11,Viajes MBTB,Media,2611.0,2567.373461012312
2025-08-12,Viajes MBTB,Media,2823.0,2567.373461012312
2025-08-13,Viajes MBTB,Media,2690.0,2567.373461012312
2025-08-14,Viajes MBTB,Media,2664.0,2567.373461012312
2025-08-15,Viajes MBTB,Media,2307.0,2567.373461012312
2025-08-16,Viajes MBTB,Media,1856.0,2567.373461012312
2025-08-17,Viajes MBTB,Media,2292.0,2567.373461012312
2025-08-18,Viajes MBTB,Media,1997.0,2567.373461012312
2025-08-19,Viajes MBTB,Media,298.0,2567.373461012312
2025-08-20,Viajes MBTB,Media,2465.0,2567.373461012312
2025-08-21,Viajes MBTB,Media,2722.0,2567.373461012312
2025-08-22,Viajes MBTB,Media,2456.0,2567.373461012312
2025-08-23,Viajes MBTB,Media,2047.0,2567.373461012312
2025-08-24,Viajes MBTB,Media,2775.0,2567.373461012312
2025-08-25,Viajes MBTB,Media,2811.0,2567.373461012312
2025-08-26,Viajes MBTB,Media,2956.0,2567.373461012312
2025-08-27,Viajes MBTB,Media,3014.0,2567.373461012312
2025-08-28,Viajes MBTB,Media,2746.0,2567.373461012312
2025-08-29,Viajes MBTB,Media,2645.0,2567.373461012312
2025-08-30,Viajes MBTB,Media,1194.0,2567.373461012312
2025-08-31,Viajes MBTB,Media,346.0,2567.373461012312
2025-09-01,Viajes MBTB,Media,2120.0,2567.373461012312
2025-09-02,Viajes MBTB,Media,2375.0,2567.373461012312
2025-09-03,Viajes MBTB,Media,2631.0,2567.373461012312
2025-09-04,Viajes MBTB,Media,2393.0,2567.373461012312
2025-09-05,Viajes MBTB,Media,2533.0,2567.373461012312
2025-09-06,Viajes MBTB,Media,2210.0,2567.373461012312
2025-09-07,Viajes MBTB,Media,2088.0,2567.373461012312
2025-09-08,Viajes MBTB,Media,2605.0,2567.373461012312
2025-09-09,Viajes MBTB,Media,2864.0,2567.373461012312
2025-09-10,Viajes MBTB,Media,3006.0,2567.373461012312
2025-09-11,Viajes MBTB,Media,3067.0,2567.373461012312
2025-09-12,Viajes MBTB,Media,2856.0,2567.373461012312
2025-09-13,Viajes MBTB,Media,2419.0,2567.373461012312
2025-09-14,Viajes MBTB,Media,2918.0,2567.373461012312
2025-09-15,Viajes MBTB,Media,2323.0,2567.373461012312
2025-09-16,Viajes MBTB,Media,2948.0,2567.373461012312
2025-09-17,Viajes MBTB,Media,2903.0,2567.373461012312
2025-09-18,Viajes MBTB,Media,2942.0,2567.373461012312
2025-09-19,Viajes MBTB,Media,2416.0,2567.373461012312
2025-09-20,Viajes MBTB,Media,1679.0,2567.373461012312
2025-09-21,Viajes MBTB,Media,2104.0,2567.373461012312
2025-09-22,Viajes MBTB,Media,3811.0,2567.373461012312
2025-09-23,Viajes MBTB,Media,2765.0,2567.373461012312
2025-09-24,Viajes MBTB,Media,3011.0,2567.373461012312
2025-09-25,Viajes MBTB,Media,2811.0,2567.373461012312
2025-09-26,Viajes MBTB,Media,2751.0,2567.373461012312
2025-09-27,Viajes MBTB,Media,1415.0,2567.373461012312
2025-09-28,Viajes MBTB,Media,2859.0,2567.373461012312
2025-09-29,Viajes MBTB,Media,2771.0,2567.373461012312
2025-09-30,Viajes MBTB,Media,2789.0,2567.373461012312
2025-10-01,Viajes MBTB,Media,3140.0,2567.373461012312
2025-10-02,Viajes MBTB,Media,3091.0,2567.373461012312
2025-10-03,Viajes MBTB,Media,2982.0,2567.373461012312
2025-10-04,Viajes MBTB,Media,2557.0,2567.373461012312
2025-10-05,Viajes MBTB,Media,1596.0,2567.373461012312
2025-10-06,Viajes MBTB,Media,2751.0,2567.373461012312
2025-10-07,Viajes MBTB,Media,2971.0,2567.373461012312
2025-10-08,Viajes MBTB,Media,3162.0,2567.373461012312
2025-10-09,Viajes MBTB,Media,3675.0,2567.373461012312
2025-10-10,Viajes MBTB,Media,2642.0,2567.373461012312
2025-10-11,Viajes MBTB,Media,2228.0,2567.373461012312
2025-10-12,Viajes MBTB,Media,2057.0,2567.373461012312
2025-10-13,Viajes MBTB,Media,3074.0,2567.373461012312
2025-10-14,Viajes MBTB,Media,3303.0,2567.373461012312
2025-10-15,Viajes MBTB,Media,3327.0,2567.373461012312
2025-10-16,Viajes MBTB,Media,3249.0,2567.373461012312
2025-10-17,Viajes MBTB,Media,2423.0,2567.373461012312
2025-10-18,Viajes MBTB,Media,2709.0,2567.373461012312
2025-10-19,Viajes MBTB,Media,2415.0,2567.373461012312
2025-10-20,Viajes MBTB,Media,2830.0,2567.373461012312
2025-10-21,Viajes MBTB,Media,3171.0,2567.373461012312
2025-10-22,Viajes MBTB,Media,3183.0,2567.373461012312
2025-10-23,Viajes MBTB,Media,3087.0,2567.373461012312
2025-10-24,Viajes MBTB,Media,1061.0,2567.373461012312
2025-10-25,Viajes MBTB,Media,2127.0,2567.373461012312
2025-10-26,Viajes MBTB,Media,4284.0,2567.373461012312
2025-10-27,Viajes MBTB,Media,2410.0,2567.373461012312
2025-10-28,Viajes MBTB,Media,2330.0,2567.373461012312
2025-10-29,Viajes MBTB,Media,2873.0,2567.373461012312
2025-10-30,Viajes MBTB,Media,2887.0,2567.373461012312
2025-10-31,Viajes MBTB,Media,2995.0,2567.373461012312
2025-11-01,Viajes MBTB,Media,2614.0,2567.373461012312
2025-11-02,Viajes MBTB,Media,2995.0,2567.373461012312
2025-11-03,Viajes MBTB,Media,2993.0,2567.373461012312
2025-11-04,Viajes MBTB,Media,2298.0,2567.373461012312
2025-11-05,Viajes MBTB,Media,3011.0,2567.373461012312
2025-11-06,Viajes MBTB,Media,2655.0,2567.373461012312
2025-11-07,Viajes MBTB,Media,939.0,2567.373461012312
2025-11-08,Viajes MBTB,Media,2340.0,2567.373461012312
2025-11-09,Viajes MBTB,Media,2984.0,2567.373461012312
2025-11-10,Viajes MBTB,Media,3122.0,2567.373461012312
2025-11-11,Viajes MBTB,Media,2885.0,2567.373461012312
2025-11-12,Viajes MBTB,Media,2724.0,2567.373461012312
2025-11-13,Viajes MBTB,Media,3207.0,2567.373461012312
2025-11-14,Viajes MBTB,Media,2962.0,2567.373461012312
2025-11-15,Viajes MBTB,Media,2488.0,2567.373461012312
2025-11-16,Viajes MBTB,Media,2151.0,2567.373461012312
2025-11-17,Viajes MBTB,Media,2951.0,2567.373461012312
2025-11-18,Viajes MBTB,Media,2979.0,2567.373461012312
2025-11-19,Viajes MBTB,Media,3118.0,2567.373461012312
2025-11-20,Viajes MBTB,Media,2322.0,2567.373461012312
2025-11-21,Viajes MBTB,Media,2519.0,2567.373461012312
2025-11-22,Viajes MBTB,Media,2470.0,2567.373461012312
2025-11-23,Viajes MBTB,Media,3121.0,2567.373461012312
2025-11-24,Viajes MBTB,Media,2712.0,2567.373461012312
2025-11-25,Viajes MBTB,Media,3054.0,2567.373461012312
2025-11-26,Viajes MBTB,Media,3019.0,2567.373461012312
2025-11-27,Viajes MBTB,Media,3101.0,2567.373461012312
2025-11-28,Viajes MBTB,Media,2609.0,2567.373461012312
2025-11-29,Viajes MBTB,Media,2100.0,2567.373461012312
2025-11-30,Viajes MBTB,Media,2562.0,2567.373461012312
2025-12-01,Viajes MBTB,Media,2593.0,2567.373461012312
2025-12-02,Viajes MBTB,Media,3025.0,2567.373461012312
2025-12-03,Viajes MBTB,Media,2944.0,2567.373461012312
2025-12-04,Viajes MBTB,Media,2981.0,2567.373461012312
2025-12-05,Viajes MBTB,Media,2708.0,2567.373461012312
2025-12-06,Viajes MBTB,Media,2273.0,2567.373461012312
2025-12-07,Viajes MBTB,Media,2569.0,2567.373461012312
2025-12-08,Viajes MBTB,Media,2175.0,2567.373461012312
2025-12-09,Viajes MBTB,Media,3036.0,2567.373461012312
2025-12-10,Viajes MBTB,Media,2564.0,2567.373461012312
2025-12-11,Viajes MBTB,Media,2114.0,2567.373461012312
2025-12-12,Viajes MBTB,Media,2851.0,2567.373461012312
2025-12-13,Viajes MBTB,Media,2242.0,2567.373461012312
2025-12-14,Viajes MBTB,Media,1924.0,2567.373461012312
2025-12-15,Viajes MBTB,Media,2665.0,2567.373461012312
2025-12-16,Viajes MBTB,Media,3058.0,2567.373461012312
2025-12-17,Viajes MBTB,Media,3049.0,2567.373461012312
2025-12-18,Viajes MBTB,Media,2975.0,2567.373461012312
2025-12-19,Viajes MBTB,Media,2866.0,2567.373461012312
2025-12-20,Viajes MBTB,Media,1722.0,2567.373461012312
2025-12-21,Viajes MBTB,Media,2454.0,2567.373461012312
2025-12-22,Viajes MBTB,Media,2791.0,2567.373461012312
2025-12-23,Viajes MBTB,Media,2788.0,2567.373461012312
2025-12-24,Viajes MBTB,Media,1746.0,2567.373461012312
2025-12-25,Viajes MBTB,Media,1397.0,2567.373461012312
2025-12-26,Viajes MBTB,Media,2585.0,2567.373461012312
2025-12-27,Viajes MBTB,Media,2145.0,2567.373461012312
2025-12-28,Viajes MBTB,Media,2365.0,2567.373461012312
2025-12-29,Viajes MBTB,Media,2548.0,2567.373461012312
2025-12-30,Viajes MBTB,Media,2624.0,2567.373461012312
2025-12-31,Viajes MBTB,Media,1605.0,2567.373461012312
2025-01-01,Viajes MBTB,Último valor,1316.0,1701.0
2025-01-02,Viajes MBTB,Último valor,2357.0,1701.0
2025-01-03,Viajes MBTB,Último valor,2612.0,1701.0
2025-01-04,Viajes MBTB,Último valor,2130.0,1701.0
2025-01-05,Viajes MBTB,Último valor,2625.0,1701.0
2025-01-06,Viajes MBTB,Último valor,2927.0,1701.0
2025-01-07,Viajes MBTB,Último valor,2752.0,1701.0
2025-01-08,Viajes MBTB,Último valor,2641.0,1701.0
2025-01-09,Viajes MBTB,Último valor,2715.0,1701.0
2025-01-10,Viajes MBTB,Último valor,2668.0,1701.0
2025-01-11,Viajes MBTB,Último valor,2215.0,1701.0
2025-01-12,Viajes MBTB,Último valor,2418.0,1701.0
2025-01-13,Viajes MBTB,Último valor,2894.0,1701.0
2025-01-14,Viajes MBTB,Último valor,2867.0,1701.0
2025-01-15,Viajes MBTB,Último valor,2791.0,1701.0
2025-01-16,Viajes MBTB,Último valor,2609.0,1701.0
2025-01-17,Viajes MBTB,Último valor,2618.0,1701.0
2025-01-18,Viajes MBTB,Último valor,2071.0,1701.0
2025-01-19,Viajes MBTB,Último valor,1974.0,1701.0
2025-01-20,Viajes MBTB,Último valor,3173.0,1701.0
2025-01-21,Viajes MBTB,Último valor,3082.0,1701.0
2025-01-22,Viajes MBTB,Último valor,3082.0,1701.0
2025-01-23,Viajes MBTB,Último valor,2954.0,1701.0
2025-01-24,Viajes MBTB,Último valor,2672.0,1701.0
2025-01-25,Viajes MBTB,Último valor,2271.0,1701.0
2025-01-26,Viajes MBTB,Último valor,2110.0,1701.0
2025-01-27,Viajes MBTB,Último valor,2952.0,1701.0
2025-01-28,Viajes MBTB,Último valor,2849.0,1701.0
2025-01-29,Viajes MBTB,Último valor,3223.0,1701.0
2025-01-30,Viajes MBTB,Último valor,3218.0,1701.0
2025-01-31,Viajes MBTB,Último valor,3377.0,1701.0
2025-02-01,Viajes MBTB,Último valor,2427.0,1701.0
2025-02-02,Viajes MBTB,Último valor,2490.0,1701.0
2025-02-03,Viajes MBTB,Último valor,2828.0,1701.0
2025-02-04,Viajes MBTB,Último valor,2338.0,1701.0
2025-02-05,Viajes MBTB,Último valor,1368.0,1701.0
2025-02-06,Viajes MBTB,Último valor,3233.0,1701.0
2025-02-07,Viajes MBTB,Último valor,3099.0,1701.0
2025-02-08,Viajes MBTB,Último valor,2199.0,1701.0
2025-02-09,Viajes MBTB,Último valor,2200.0,1701.0
2025-02-10,Viajes MBTB,Último valor,2609.0,1701.0
2025-02-11,Viajes MBTB,Último valor,2341.0,1701.0
2025-02-12,Viajes MBTB,Último valor,2121.0,1701.0
2025-02-13,Viajes MBTB,Último valor,3196.0,1701.0
2025-02-14,Viajes MBTB,Último valor,2726.0,1701.0
2025-02-15,Viajes MBTB,Último valor,2146.0,1701.0
2025-02-16,Viajes MBTB,Último valor,1597.0,1701.0
2025-02-17,Viajes MBTB,Último valor,3014.0,1701.0
2025-02-18,Viajes MBTB,Último valor,3241.0,1701.0
2025-02-19,Viajes MBTB,Último valor,3234.0,1701.0
2025-02-20,Viajes MBTB,Último valor,3187.0,1701.0
2025-02-21,Viajes MBTB,Último valor,3082.0,1701.0
2025-02-22,Viajes MBTB,Último valor,2109.0,1701.0
2025-02-23,Viajes MBTB,Último valor,2217.0,1701.0
2025-02-24,Viajes MBTB,Último valor,2579.0,1701.0
2025-02-25,Viajes MBTB,Último valor,1897.0,1701.0
2025-02-26,Viajes MBTB,Último valor,2856.0,1701.0
2025-02-27,Viajes MBTB,Último valor,3166.0,1701.0
2025-02-28,Viajes MBTB,Último valor,2425.0,1701.0
2025-03-01,Viajes MBTB,Último valor,2292.0,1701.0
2025-03-02,Viajes MBTB,Último valor,1308.0,1701.0
2025-03-03,Viajes MBTB,Último valor,1818.0,1701.0
2025-03-04,Viajes MBTB,Último valor,2132.0,1701.0
2025-03-05,Viajes MBTB,Último valor,2675.0,1701.0
2025-03-06,Viajes MBTB,Último valor,2628.0,1701.0
2025-03-07,Viajes MBTB,Último valor,2665.0,1701.0
2025-03-08,Viajes MBTB,Último valor,1460.0,1701.0
2025-03-09,Viajes MBTB,Último valor,2887.0,1701.0
2025-03-10,Viajes MBTB,Último valor,3225.0,1701.0
2025-03-11,Viajes MBTB,Último valor,2920.0,1701.0
2025-03-12,Viajes MBTB,Último valor,2730.0,1701.0
2025-03-13,Viajes MBTB,Último valor,3183.0,1701.0
2025-03-14,Viajes MBTB,Último valor,3238.0,1701.0
2025-03-15,Viajes MBTB,Último valor,2459.0,1701.0
2025-03-16,Viajes MBTB,Último valor,2742.0,1701.0
2025-03-17,Viajes MBTB,Último valor,3019.0,1701.0
2025-03-18,Viajes MBTB,Último valor,3085.0,1701.0
2025-03-19,Viajes MBTB,Último valor,3156.0,1701.0
2025-03-20,Viajes MBTB,Último valor,3295.0,1701.0
2025-03-21,Viajes MBTB,Último valor,3229.0,1701.0
2025-03-22,Viajes MBTB,Último valor,2968.0,1701.0
2025-03-23,Viajes MBTB,Último valor,2195.0,1701.0
2025-03-24,Viajes MBTB,Último valor,1624.0,1701.0
2025-03-25,Viajes MBTB,Último valor,3232.0,1701.0
2025-03-26,Viajes MBTB,Último valor,3288.0,1701.0
2025-03-27,Viajes MBTB,Último valor,2610.0,1701.0
2025-03-28,Viajes MBTB,Último valor,2544.0,1701.0
2025-03-29,Viajes MBTB,Último valor,2707.0,1701.0
2025-03-30,Viajes MBTB,Último valor,2506.0,1701.0
2025-03-31,Viajes MBTB,Último valor,2516.0,1701.0
2025-04-01,Viajes MBTB,Último valor,2920.0,1701.0
2025-04-02,Viajes MBTB,Último valor,2708.0,1701.0
2025-04-03,Viajes MBTB,Último valor,3325.0,1701.0
2025-04-04,Viajes MBTB,Último valor,2987.0,1701.0
2025-04-05,Viajes MBTB,Último valor,2547.0,1701.0
2025-04-06,Viajes MBTB,Último valor,1990.0,1701.0
2025-04-07,Viajes MBTB,Último valor,783.0,1701.0
2025-04-08,Viajes MBTB,Último valor,2073.0,1701.0
2025-04-09,Viajes MBTB,Último valor,2541.0,1701.0
2025-04-10,Viajes MBTB,Último valor,2728.0,1701.0
2025-04-11,Viajes MBTB,Último valor,3260.0,1701.0
2025-04-12,Viajes MBTB,Último valor,2591.0,1701.0
2025-04-13,Viajes MBTB,Último valor,3534.0,1701.0
2025-04-14,Viajes MBTB,Último valor,3090.0,1701.0
2025-04-15,Viajes MBTB,Último valor,3093.0,1701.0
2025-04-16,Viajes MBTB,Último valor,3309.0,1701.0
2025-04-17,Viajes MBTB,Último valor,2817.0,1701.0
2025-04-18,Viajes MBTB,Último valor,2116.0,1701.0
2025-04-19,Viajes MBTB,Último valor,3873.0,1701.0
2025-04-20,Viajes MBTB,Último valor,1141.0,1701.0
2025-04-21,Viajes MBTB,Último valor,2996.0,1701.0
2025-04-22,Viajes MBTB,Último valor,3235.0,1701.0
2025-04-23,Viajes MBTB,Último valor,2568.0,1701.0
2025-04-24,Viajes MBTB,Último valor,2818.0,1701.0
2025-04-25,Viajes MBTB,Último valor,3127.0,1701.0
2025-04-26,Viajes MBTB,Último valor,2509.0,1701.0
2025-04-27,Viajes MBTB,Último valor,2781.0,1701.0
2025-04-28,Viajes MBTB,Último valor,3127.0,1701.0
2025-04-29,Viajes MBTB,Último valor,3355.0,1701.0
2025-04-30,Viajes MBTB,Último valor,3355.0,1701.0
2025-05-01,Viajes MBTB,Último valor,2074.0,1701.0
2025-05-02,Viajes MBTB,Último valor,2969.0,1701.0
2025-05-03,Viajes MBTB,Último valor,2898.0,1701.0
2025-05-04,Viajes MBTB,Último valor,2781.0,1701.0
2025-05-05,Viajes MBTB,Último valor,2595.0,1701.0
2025-05-06,Viajes MBTB,Último valor,4067.0,1701.0
2025-05-07,Viajes MBTB,Último valor,3032.0,1701.0
2025-05-08,Viajes MBTB,Último valor,3092.0,1701.0
2025-05-09,Viajes MBTB,Último valor,3205.0,1701.0
2025-05-10,Viajes MBTB,Último valor,2883.0,1701.0
2025-05-11,Viajes MBTB,Último valor,2970.0,1701.0
2025-05-12,Viajes MBTB,Último valor,3200.0,1701.0
2025-05-13,Viajes MBTB,Último valor,3290.0,1701.0
2025-05-14,Viajes MBTB,Último valor,3222.0,1701.0
2025-05-15,Viajes MBTB,Último valor,3353.0,1701.0
2025-05-16,Viajes MBTB,Último valor,2875.0,1701.0
2025-05-17,Viajes MBTB,Último valor,1420.0,1701.0
2025-05-18,Viajes MBTB,Último valor,2108.0,1701.0
2025-05-19,Viajes MBTB,Último valor,1888.0,1701.0
2025-05-20,Viajes MBTB,Último valor,2824.0,1701.0
2025-05-21,Viajes MBTB,Último valor,2885.0,1701.0
2025-05-22,Viajes MBTB,Último valor,2980.0,1701.0
2025-05-23,Viajes MBTB,Último valor,2771.0,1701.0
2025-05-24,Viajes MBTB,Último valor,1914.0,1701.0
2025-05-25,Viajes MBTB,Último valor,2257.0,1701.0
2025-05-26,Viajes MBTB,Último valor,2072.0,1701.0
2025-05-27,Viajes MBTB,Último valor,1999.0,1701.0
2025-05-28,Viajes MBTB,Último valor,2448.0,1701.0
2025-05-29,Viajes MBTB,Último valor,2438.0,1701.0
2025-05-30,Viajes MBTB,Último valor,2590.0,1701.0
2025-05-31,Viajes MBTB,Último valor,2082.0,1701.0
2025-06-01,Viajes MBTB,Último valor,2099.0,1701.0
2025-06-02,Viajes MBTB,Último valor,2618.0,1701.0
2025-06-03,Viajes MBTB,Último valor,2801.0,1701.0
2025-06-04,Viajes MBTB,Último valor,2651.0,1701.0
2025-06-05,Viajes MBTB,Último valor,2795.0,1701.0
2025-06-06,Viajes MBTB,Último valor,2652.0,1701.0
2025-06-07,Viajes MBTB,Último valor,1760.0,1701.0
2025-06-08,Viajes MBTB,Último valor,2186.0,1701.0
2025-06-09,Viajes MBTB,Último valor,2553.0,1701.0
2025-06-10,Viajes MBTB,Último valor,2700.0,1701.0
2025-06-11,Viajes MBTB,Último valor,2584.0,1701.0
2025-06-12,Viajes MBTB,Último valor,2503.0,1701.0
2025-06-13,Viajes MBTB,Último valor,2335.0,1701.0
2025-06-14,Viajes MBTB,Último valor,1452.0,1701.0
2025-06-15,Viajes MBTB,Último valor,1723.0,1701.0
2025-06-16,Viajes MBTB,Último valor,997.0,1701.0
2025-06-17,Viajes MBTB,Último valor,2342.0,1701.0
2025-06-18,Viajes MBTB,Último valor,2557.0,1701.0
2025-06-19,Viajes MBTB,Último valor,2616.0,1701.0
2025-06-20,Viajes MBTB,Último valor,2037.0,1701.0
2025-06-21,Viajes MBTB,Último valor,1965.0,1701.0
2025-06-22,Viajes MBTB,Último valor,1666.0,1701.0
2025-06-23,Viajes MBTB,Último valor,1716.0,1701.0
2025-06-24,Viajes MBTB,Último valor,2114.0,1701.0
2025-06-25,Viajes MBTB,Último valor,2276.0,1701.0
2025-06-26,Viajes MBTB,Último valor,2407.0,1701.0
2025-06-27,Viajes MBTB,Último valor,2371.0,1701.0
2025-06-28,Viajes MBTB,Último valor,1721.0,1701.0
2025-06-29,Viajes MBTB,Último valor,1836.0,1701.0
2025-06-30,Viajes MBTB,Último valor,1815.0,1701.0
2025-07-01,Viajes MBTB,Último valor,2033.0,1701.0
2025-07-02,Viajes MBTB,Último valor,2104.0,1701.0
2025-07-03,Viajes MBTB,Último valor,2129.0,1701.0
2025-07-04,Viajes MBTB,Último valor,2368.0,1701.0
2025-07-05,Viajes MBTB,Último valor,1945.0,1701.0
2025-07-06,Viajes MBTB,Último valor,2166.0,1701.0
2025-07-07,Viajes MBTB,Último valor,2507.0,1701.0
2025-07-08,Viajes MBTB,Último valor,2608.0,1701.0
2025-07-09,Viajes MBTB,Último valor,2345.0,1701.0
2025-07-10,Viajes MBTB,Último valor,2532.0,1701.0
2025-07-11,Viajes MBTB,Último valor,2597.0,1701.0
2025-07-12,Viajes MBTB,Último valor,2198.0,1701.0
2025-07-13,Viajes MBTB,Último valor,2708.0,1701.0
2025-07-14,Viajes MBTB,Último valor,2591.0,1701.0
2025-07-15,Viajes MBTB,Último valor,2786.0,1701.0
2025-07-16,Viajes MBTB,Último valor,932.0,1701.0
2025-07-17,Viajes MBTB,Último valor,2435.0,1701.0
2025-07-18,Viajes MBTB,Último valor,2662.0,1701.0
2025-07-19,Viajes MBTB,Último valor,2320.0,1701.0
2025-07-20,Viajes MBTB,Último valor,2567.0,1701.0
2025-07-21,Viajes MBTB,Último valor,2660.0,1701.0
2025-07-22,Viajes MBTB,Último valor,2523.0,1701.0
2025-07-23,Viajes MBTB,Último valor,1804.0,1701.0
2025-07-24,Viajes MBTB,Último valor,2432.0,1701.0
2025-07-25,Viajes MBTB,Último valor,2361.0,1701.0
2025-07-26,Viajes MBTB,Último valor,1175.0,1701.0
2025-07-27,Viajes MBTB,Último valor,518.0,1701.0
2025-07-28,Viajes MBTB,Último valor,2366.0,1701.0
2025-07-29,Viajes MBTB,Último valor,2498.0,1701.0
2025-07-30,Viajes MBTB,Último valor,2655.0,1701.0
2025-07-31,Viajes MBTB,Último valor,2664.0,1701.0
2025-08-01,Viajes MBTB,Último valor,2325.0,1701.0
2025-08-02,Viajes MBTB,Último valor,2525.0,1701.0
2025-08-03,Viajes MBTB,Último valor,2632.0,1701.0
2025-08-04,Viajes MBTB,Último valor,2616.0,1701.0
2025-08-05,Viajes MBTB,Último valor,2738.0,1701.0
2025-08-06,Viajes MBTB,Último valor,2852.0,1701.0
2025-08-07,Viajes MBTB,Último valor,2842.0,1701.0
2025-08-08,Viajes MBTB,Último valor,2687.0,1701.0
2025-08-09,Viajes MBTB,Último valor,2460.0,1701.0
2025-08-10,Viajes MBTB,Último valor,2733.0,1701.0
2025-08-11,Viajes MBTB,Último valor,2611.0,1701.0
2025-08-12,Viajes MBTB,Último valor,2823.0,1701.0
2025-08-13,Viajes MBTB,Último valor,2690.0,1701.0
2025-08-14,Viajes MBTB,Último valor,2664.0,1701.0
2025-08-15,Viajes MBTB,Último valor,2307.0,1701.0
2025-08-16,Viajes MBTB,Último valor,1856.0,1701.0
2025-08-17,Viajes MBTB,Último valor,2292.0,1701.0
2025-08-18,Viajes MBTB,Último valor,1997.0,1701.0
2025-08-19,Viajes MBTB,Último valor,298.0,1701.0
2025-08-20,Viajes MBTB,Último valor,2465.0,1701.0
2025-08-21,Viajes MBTB,Último valor,2722.0,1701.0
2025-08-22,Viajes MBTB,Último valor,2456.0,1701.0
2025-08-23,Viajes MBTB,Último valor,2047.0,1701.0
2025-08-24,Viajes MBTB,Último valor,2775.0,1701.0
2025-08-25,Viajes MBTB,Último valor,2811.0,1701.0
2025-08-26,Viajes MBTB,Último valor,2956.0,1701.0
2025-08-27,Viajes MBTB,Último valor,3014.0,1701.0
2025-08-28,Viajes MBTB,Último valor,2746.0,1701.0
2025-08-29,Viajes MBTB,Último valor,2645.0,1701.0
2025-08-30,Viajes MBTB,Último valor,1194.0,1701.0
2025-08-31,Viajes MBTB,Último valor,346.0,1701.0
2025-09-01,Viajes MBTB,Último valor,2120.0,1701.0
2025-09-02,Viajes MBTB,Último valor,2375.0,1701.0
2025-09-03,Viajes MBTB,Último valor,2631.0,1701.0
2025-09-04,Viajes MBTB,Último valor,2393.0,1701.0
2025-09-05,Viajes MBTB,Último valor,2533.0,1701.0
2025-09-06,Viajes MBTB,Último valor,2210.0,1701.0
2025-09-07,Viajes MBTB,Último valor,2088.0,1701.0
2025-09-08,Viajes MBTB,Último valor,2605.0,1701.0
2025-09-09,Viajes MBTB,Último valor,2864.0,1701.0
2025-09-10,Viajes MBTB,Último valor,3006.0,1701.0
2025-09-11,Viajes MBTB,Último valor,3067.0,1701.0
2025-09-12,Viajes MBTB,Último valor,2856.0,1701.0
2025-09-13,Viajes MBTB,Último valor,2419.0,1701.0
2025-09-14,Viajes MBTB,Último valor,2918.0,1701.0
2025-09-15,Viajes MBTB,Último valor,2323.0,1701.0
2025-09-16,Viajes MBTB,Último valor,2948.0,1701.0
2025-09-17,Viajes MBTB,Último valor,2903.0,1701.0
2025-09-18,Viajes MBTB,Último valor,2942.0,1701.0
2025-09-19,Viajes MBTB,Último valor,2416.0,1701.0
2025-09-20,Viajes MBTB,Último valor,1679.0,1701.0
2025-09-21,Viajes MBTB,Último valor,2104.0,1701.0
2025-09-22,Viajes MBTB,Último valor,3811.0,1701.0
2025-09-23,Viajes MBTB,Último valor,2765.0,1701.0
2025-09-24,Viajes MBTB,Último valor,3011.0,1701.0
2025-09-25,Viajes MBTB,Último valor,2811.0,1701.0
2025-09-26,Viajes MBTB,Último valor,2751.0,1701.0
2025-09-27,Viajes MBTB,Último valor,1415.0,1701.0
2025-09-28,Viajes MBTB,Último valor,2859.0,1701.0
2025-09-29,Viajes MBTB,Último valor,2771.0,1701.0
2025-09-30,Viajes MBTB,Último valor,2789.0,1701.0
2025-10-01,Viajes MBTB,Último valor,3140.0,1701.0
2025-10-02,Viajes MBTB,Último valor,3091.0,1701.0
2025-10-03,Viajes MBTB,Último valor,2982.0,1701.0
2025-10-04,Viajes MBTB,Último valor,2557.0,1701.0
2025-10-05,Viajes MBTB,Último valor,1596.0,1701.0
2025-10-06,Viajes MBTB,Último valor,2751.0,1701.0
2025-10-07,Viajes MBTB,Último valor,2971.0,1701.0
2025-10-08,Viajes MBTB,Último valor,3162.0,1701.0
2025-10-09,Viajes MBTB,Último valor,3675.0,1701.0
2025-10-10,Viajes MBTB,Último valor,2642.0,1701.0
2025-10-11,Viajes MBTB,Último valor,2228.0,1701.0
2025-10-12,Viajes MBTB,Último valor,2057.0,1701.0
2025-10-13,Viajes MBTB,Último valor,3074.0,1701.0
2025-10-14,Viajes MBTB,Último valor,3303.0,1701.0
2025-10-15,Viajes MBTB,Último valor,3327.0,1701.0
2025-10-16,Viajes MBTB,Último valor,3249.0,1701.0
2025-10-17,Viajes MBTB,Último valor,2423.0,1701.0
2025-10-18,Viajes MBTB,Último valor,2709.0,1701.0
2025-10-19,Viajes MBTB,Último valor,2415.0,1701.0
2025-10-20,Viajes MBTB,Último valor,2830.0,1701.0
2025-10-21,Viajes MBTB,Último valor,3171.0,1701.0
2025-10-22,Viajes MBTB,Último valor,3183.0,1701.0
2025-10-23,Viajes MBTB,Último valor,3087.0,1701.0
2025-10-24,Viajes MBTB,Último valor,1061.0,1701.0
2025-10-25,Viajes MBTB,Último valor,2127.0,1701.0
2025-10-26,Viajes MBTB,Último valor,4284.0,1701.0
2025-10-27,Viajes MBTB,Último valor,2410.0,1701.0
2025-10-28,Viajes MBTB,Último valor,2330.0,1701.0
2025-10-29,Viajes MBTB,Último valor,2873.0,1701.0
2025-10-30,Viajes MBTB,Último valor,2887.0,1701.0
2025-10-31,Viajes MBTB,Último valor,2995.0,1701.0
2025-11-01,Viajes MBTB,Último valor,2614.0,1701.0
2025-11-02,Viajes MBTB,Último valor,2995.0,1701.0
2025-11-03,Viajes MBTB,Último valor,2993.0,1701.0
2025-11-04,Viajes MBTB,Último valor,2298.0,1701.0
2025-11-05,Viajes MBTB,Último valor,3011.0,1701.0
2025-11-06,Viajes MBTB,Último valor,2655.0,1701.0
2025-11-07,Viajes MBTB,Último valor,939.0,1701.0
2025-11-08,Viajes MBTB,Último valor,2340.0,1701.0
2025-11-09,Viajes MBTB,Último valor,2984.0,1701.0
2025-11-10,Viajes MBTB,Último valor,3122.0,1701.0
2025-11-11,Viajes MBTB,Último valor,2885.0,1701.0
2025-11-12,Viajes MBTB,Último valor,2724.0,1701.0
2025-11-13,Viajes MBTB,Último valor,3207.0,1701.0
2025-11-14,Viajes MBTB,Último valor,2962.0,1701.0
2025-11-15,Viajes MBTB,Último valor,2488.0,1701.0
2025-11-16,Viajes MBTB,Último valor,2151.0,1701.0
2025-11-17,Viajes MBTB,Último valor,2951.0,1701.0
2025-11-18,Viajes MBTB,Último valor,2979.0,1701.0
2025-11-19,Viajes MBTB,Último valor,3118.0,1701.0
2025-11-20,Viajes MBTB,Último valor,2322.0,1701.0
2025-11-21,Viajes MBTB,Último valor,2519.0,1701.0
2025-11-22,Viajes MBTB,Último valor,2470.0,1701.0
2025-11-23,Viajes MBTB,Último valor,3121.0,1701.0
2025-11-24,Viajes MBTB,Último valor,2712.0,1701.0
2025-11-25,Viajes MBTB,Último valor,3054.0,1701.0
2025-11-26,Viajes MBTB,Último valor,3019.0,1701.0
2025-11-27,Viajes MBTB,Último valor,3101.0,1701.0
2025-11-28,Viajes MBTB,Último valor,2609.0,1701.0
2025-11-29,Viajes MBTB,Último valor,2100.0,1701.0
2025-11-30,Viajes MBTB,Último valor,2562.0,1701.0
2025-12-01,Viajes MBTB,Último valor,2593.0,1701.0
2025-12-02,Viajes MBTB,Último valor,3025.0,1701.0
2025-12-03,Viajes MBTB,Último valor,2944.0,1701.0
2025-12-04,Viajes MBTB,Último valor,2981.0,1701.0
2025-12-05,Viajes MBTB,Último valor,2708.0,1701.0
2025-12-06,Viajes MBTB,Último valor,2273.0,1701.0
2025-12-07,Viajes MBTB,Último valor,2569.0,1701.0
2025-12-08,Viajes MBTB,Último valor,2175.0,1701.0
2025-12-09,Viajes MBTB,Último valor,3036.0,1701.0
2025-12-10,Viajes MBTB,Último valor,2564.0,1701.0
2025-12-11,Viajes MBTB,Último valor,2114.0,1701.0
2025-12-12,Viajes MBTB,Último valor,2851.0,1701.0
2025-12-13,Viajes MBTB,Último valor,2242.0,1701.0
2025-12-14,Viajes MBTB,Último valor,1924.0,1701.0
2025-12-15,Viajes MBTB,Último valor,2665.0,1701.0
2025-12-16,Viajes MBTB,Último valor,3058.0,1701.0
2025-12-17,Viajes MBTB,Último valor,3049.0,1701.0
2025-12-18,Viajes MBTB,Último valor,2975.0,1701.0
2025-12-19,Viajes MBTB,Último valor,2866.0,1701.0
2025-12-20,Viajes MBTB,Último valor,1722.0,1701.0
2025-12-21,Viajes MBTB,Último valor,2454.0,1701.0
2025-12-22,Viajes MBTB,Último valor,2791.0,1701.0
2025-12-23,Viajes MBTB,Último valor,2788.0,1701.0
2025-12-24,Viajes MBTB,Último valor,1746.0,1701.0
2025-12-25,Viajes MBTB,Último valor,1397.0,1701.0
2025-12-26,Viajes MBTB,Último valor,2585.0,1701.0
2025-12-27,Viajes MBTB,Último valor,2145.0,1701.0
2025-12-28,Viajes MBTB,Último valor,2365.0,1701.0
2025-12-29,Viajes MBTB,Último valor,2548.0,1701.0
2025-12-30,Viajes MBTB,Último valor,2624.0,1701.0
2025-12-31,Viajes MBTB,Último valor,1605.0,1701.0
2025-01-01,Viajes MBTB,Ingenuo estacional,1316.0,1481.0
2025-01-02,Viajes MBTB,Ingenuo estacional,2357.0,2848.0
2025-01-03,Viajes MBTB,Ingenuo estacional,2612.0,2730.0
2025-01-04,Viajes MBTB,Ingenuo estacional,2130.0,2269.0
2025-01-05,Viajes MBTB,Ingenuo estacional,2625.0,2664.0
2025-01-06,Viajes MBTB,Ingenuo estacional,2927.0,2791.0
2025-01-07,Viajes MBTB,Ingenuo estacional,2752.0,1701.0
2025-01-08,Viajes MBTB,Ingenuo estacional,2641.0,1481.0
2025-01-09,Viajes MBTB,Ingenuo estacional,2715.0,2848.0
2025-01-10,Viajes MBTB,Ingenuo estacional,2668.0,2730.0
2025-01-11,Viajes MBTB,Ingenuo estacional,2215.0,2269.0
2025-01-12,Viajes MBTB,Ingenuo estacional,2418.0,2664.0
2025-01-13,Viajes MBTB,Ingenuo estacional,2894.0,2791.0
2025-01-14,Viajes MBTB,Ingenuo estacional,2867.0,1701.0
2025-01-15,Viajes MBTB,Ingenuo estacional,2791.0,1481.0
2025-01-16,Viajes MBTB,Ingenuo estacional,2609.0,2848.0
2025-01-17,Viajes MBTB,Ingenuo estacional,2618.0,2730.0
2025-01-18,Viajes MBTB,Ingenuo estacional,2071.0,2269.0
2025-01-19,Viajes MBTB,Ingenuo estacional,1974.0,2664.0
2025-01-20,Viajes MBTB,Ingenuo estacional,3173.0,2791.0
2025-01-21,Viajes MBTB,Ingenuo estacional,3082.0,1701.0
2025-01-22,Viajes MBTB,Ingenuo estacional,3082.0,1481.0
2025-01-23,Viajes MBTB,Ingenuo estacional,2954.0,2848.0
2025-01-24,Viajes MBTB,Ingenuo estacional,2672.0,2730.0
2025-01-25,Viajes MBTB,Ingenuo estacional,2271.0,2269.0
2025-01-26,Viajes MBTB,Ingenuo estacional,2110.0,2664.0
2025-01-27,Viajes MBTB,Ingenuo estacional,2952.0,2791.0
2025-01-28,Viajes MBTB,Ingenuo estacional,2849.0,1701.0
2025-01-29,Viajes MBTB,Ingenuo estacional,3223.0,1481.0
2025-01-30,Viajes MBTB,Ingenuo estacional,3218.0,2848.0
2025-01-31,Viajes MBTB,Ingenuo estacional,3377.0,2730.0
2025-02-01,Viajes MBTB,Ingenuo estacional,2427.0,2269.0
2025-02-02,Viajes MBTB,Ingenuo estacional,2490.0,2664.0
2025-02-03,Viajes MBTB,Ingenuo estacional,2828.0,2791.0
2025-02-04,Viajes MBTB,Ingenuo estacional,2338.0,1701.0
2025-02-05,Viajes MBTB,Ingenuo estacional,1368.0,1481.0
2025-02-06,Viajes MBTB,Ingenuo estacional,3233.0,2848.0
2025-02-07,Viajes MBTB,Ingenuo estacional,3099.0,2730.0
2025-02-08,Viajes MBTB,Ingenuo estacional,2199.0,2269.0
2025-02-09,Viajes MBTB,Ingenuo estacional,2200.0,2664.0
2025-02-10,Viajes MBTB,Ingenuo estacional,2609.0,2791.0
2025-02-11,Viajes MBTB,Ingenuo estacional,2341.0,1701.0
2025-02-12,Viajes MBTB,Ingenuo estacional,2121.0,1481.0
2025-02-13,Viajes MBTB,Ingenuo estacional,3196.0,2848.0
2025-02-14,Viajes MBTB,Ingenuo estacional,2726.0,2730.0
2025-02-15,Viajes MBTB,Ingenuo estacional,2146.0,2269.0
2025-02-16,Viajes MBTB,Ingenuo estacional,1597.0,2664.0
2025-02-17,Viajes MBTB,Ingenuo estacional,3014.0,2791.0
2025-02-18,Viajes MBTB,Ingenuo estacional,3241.0,1701.0
2025-02-19,Viajes MBTB,Ingenuo estacional,3234.0,1481.0
2025-02-20,Viajes MBTB,Ingenuo estacional,3187.0,2848.0
2025-02-21,Viajes MBTB,Ingenuo estacional,3082.0,2730.0
2025-02-22,Viajes MBTB,Ingenuo estacional,2109.0,2269.0
2025-02-23,Viajes MBTB,Ingenuo estacional,2217.0,2664.0
2025-02-24,Viajes MBTB,Ingenuo estacional,2579.0,2791.0
2025-02-25,Viajes MBTB,Ingenuo estacional,1897.0,1701.0
2025-02-26,Viajes MBTB,Ingenuo estacional,2856.0,1481.0
2025-02-27,Viajes MBTB,Ingenuo estacional,3166.0,2848.0
2025-02-28,Viajes MBTB,Ingenuo estacional,2425.0,2730.0
2025-03-01,Viajes MBTB,Ingenuo estacional,2292.0,2269.0
2025-03-02,Viajes MBTB,Ingenuo estacional,1308.0,2664.0
2025-03-03,Viajes MBTB,Ingenuo estacional,1818.0,2791.0
2025-03-04,Viajes MBTB,Ingenuo estacional,2132.0,1701.0
2025-03-05,Viajes MBTB,Ingenuo estacional,2675.0,1481.0
2025-03-06,Viajes MBTB,Ingenuo estacional,2628.0,2848.0
2025-03-07,Viajes MBTB,Ingenuo estacional,2665.0,2730.0
2025-03-08,Viajes MBTB,Ingenuo estacional,1460.0,2269.0
2025-03-09,Viajes MBTB,Ingenuo estacional,2887.0,2664.0
2025-03-10,Viajes MBTB,Ingenuo estacional,3225.0,2791.0
2025-03-11,Viajes MBTB,Ingenuo estacional,2920.0,1701.0
2025-03-12,Viajes MBTB,Ingenuo estacional,2730.0,1481.0
2025-03-13,Viajes MBTB,Ingenuo estacional,3183.0,2848.0
2025-03-14,Viajes MBTB,Ingenuo estacional,3238.0,2730.0
2025-03-15,Viajes MBTB,Ingenuo estacional,2459.0,2269.0
2025-03-16,Viajes MBTB,Ingenuo estacional,2742.0,2664.0
2025-03-17,Viajes MBTB,Ingenuo estacional,3019.0,2791.0
2025-03-18,Viajes MBTB,Ingenuo estacional,3085.0,1701.0
2025-03-19,Viajes MBTB,Ingenuo estacional,3156.0,1481.0
2025-03-20,Viajes MBTB,Ingenuo estacional,3295.0,2848.0
2025-03-21,Viajes MBTB,Ingenuo estacional,3229.0,2730.0
2025-03-22,Viajes MBTB,Ingenuo estacional,2968.0,2269.0
2025-03-23,Viajes MBTB,Ingenuo estacional,2195.0,2664.0
2025-03-24,Viajes MBTB,Ingenuo estacional,1624.0,2791.0
2025-03-25,Viajes MBTB,Ingenuo estacional,3232.0,1701.0
2025-03-26,Viajes MBTB,Ingenuo estacional,3288.0,1481.0
2025-03-27,Viajes MBTB,Ingenuo estacional,2610.0,2848.0
2025-03-28,Viajes MBTB,Ingenuo estacional,2544.0,2730.0
2025-03-29,Viajes MBTB,Ingenuo estacional,2707.0,2269.0
2025-03-30,Viajes MBTB,Ingenuo estacional,2506.0,2664.0
2025-03-31,Viajes MBTB,Ingenuo estacional,2516.0,2791.0
2025-04-01,Viajes MBTB,Ingenuo estacional,2920.0,1701.0
2025-04-02,Viajes MBTB,Ingenuo estacional,2708.0,1481.0
2025-04-03,Viajes MBTB,Ingenuo estacional,3325.0,2848.0
2025-04-04,Viajes MBTB,Ingenuo estacional,2987.0,2730.0
2025-04-05,Viajes MBTB,Ingenuo estacional,2547.0,2269.0
2025-04-06,Viajes MBTB,Ingenuo estacional,1990.0,2664.0
2025-04-07,Viajes MBTB,Ingenuo estacional,783.0,2791.0
2025-04-08,Viajes MBTB,Ingenuo estacional,2073.0,1701.0
2025-04-09,Viajes MBTB,Ingenuo estacional,2541.0,1481.0
2025-04-10,Viajes MBTB,Ingenuo estacional,2728.0,2848.0
2025-04-11,Viajes MBTB,Ingenuo estacional,3260.0,2730.0
2025-04-12,Viajes MBTB,Ingenuo estacional,2591.0,2269.0
2025-04-13,Viajes MBTB,Ingenuo estacional,3534.0,2664.0
2025-04-14,Viajes MBTB,Ingenuo estacional,3090.0,2791.0
2025-04-15,Viajes MBTB,Ingenuo estacional,3093.0,1701.0
2025-04-16,Viajes MBTB,Ingenuo estacional,3309.0,1481.0
2025-04-17,Viajes MBTB,Ingenuo estacional,2817.0,2848.0
2025-04-18,Viajes MBTB,Ingenuo estacional,2116.0,2730.0
2025-04-19,Viajes MBTB,Ingenuo estacional,3873.0,2269.0
2025-04-20,Viajes MBTB,Ingenuo estacional,1141.0,2664.0
2025-04-21,Viajes MBTB,Ingenuo estacional,2996.0,2791.0
2025-04-22,Viajes MBTB,Ingenuo estacional,3235.0,1701.0
2025-04-23,Viajes MBTB,Ingenuo estacional,2568.0,1481.0
2025-04-24,Viajes MBTB,Ingenuo estacional,2818.0,2848.0
2025-04-25,Viajes MBTB,Ingenuo estacional,3127.0,2730.0
2025-04-26,Viajes MBTB,Ingenuo estacional,2509.0,2269.0
2025-04-27,Viajes MBTB,Ingenuo estacional,2781.0,2664.0
2025-04-28,Viajes MBTB,Ingenuo estacional,3127.0,2791.0
2025-04-29,Viajes MBTB,Ingenuo estacional,3355.0,1701.0
2025-04-30,Viajes MBTB,Ingenuo estacional,3355.0,1481.0
2025-05-01,Viajes MBTB,Ingenuo estacional,2074.0,2848.0
2025-05-02,Viajes MBTB,Ingenuo estacional,2969.0,2730.0
2025-05-03,Viajes MBTB,Ingenuo estacional,2898.0,2269.0
2025-05-04,Viajes MBTB,Ingenuo estacional,2781.0,2664.0
2025-05-05,Viajes MBTB,Ingenuo estacional,2595.0,2791.0
2025-05-06,Viajes MBTB,Ingenuo estacional,4067.0,1701.0
2025-05-07,Viajes MBTB,Ingenuo estacional,3032.0,1481.0
2025-05-08,Viajes MBTB,Ingenuo estacional,3092.0,2848.0
2025-05-09,Viajes MBTB,Ingenuo estacional,3205.0,2730.0
2025-05-10,Viajes MBTB,Ingenuo estacional,2883.0,2269.0
2025-05-11,Viajes MBTB,Ingenuo estacional,2970.0,2664.0
2025-05-12,Viajes MBTB,Ingenuo estacional,3200.0,2791.0
2025-05-13,Viajes MBTB,Ingenuo estacional,3290.0,1701.0
2025-05-14,Viajes MBTB,Ingenuo estacional,3222.0,1481.0
2025-05-15,Viajes MBTB,Ingenuo estacional,3353.0,2848.0
2025-05-16,Viajes MBTB,Ingenuo estacional,2875.0,2730.0
2025-05-17,Viajes MBTB,Ingenuo estacional,1420.0,2269.0
2025-05-18,Viajes MBTB,Ingenuo estacional,2108.0,2664.0
2025-05-19,Viajes MBTB,Ingenuo estacional,1888.0,2791.0
2025-05-20,Viajes MBTB,Ingenuo estacional,2824.0,1701.0
2025-05-21,Viajes MBTB,Ingenuo estacional,2885.0,1481.0
2025-05-22,Viajes MBTB,Ingenuo estacional,2980.0,2848.0
2025-05-23,Viajes MBTB,Ingenuo estacional,2771.0,2730.0
2025-05-24,Viajes MBTB,Ingenuo estacional,1914.0,2269.0
2025-05-25,Viajes MBTB,Ingenuo estacional,2257.0,2664.0
2025-05-26,Viajes MBTB,Ingenuo estacional,2072.0,2791.0
2025-05-27,Viajes MBTB,Ingenuo estacional,1999.0,1701.0
2025-05-28,Viajes MBTB,Ingenuo estacional,2448.0,1481.0
2025-05-29,Viajes MBTB,Ingenuo estacional,2438.0,2848.0
2025-05-30,Viajes MBTB,Ingenuo estacional,2590.0,2730.0
2025-05-31,Viajes MBTB,Ingenuo estacional,2082.0,2269.0
2025-06-01,Viajes MBTB,Ingenuo estacional,2099.0,2664.0
2025-06-02,Viajes MBTB,Ingenuo estacional,2618.0,2791.0
2025-06-03,Viajes MBTB,Ingenuo estacional,2801.0,1701.0
2025-06-04,Viajes MBTB,Ingenuo estacional,2651.0,1481.0
2025-06-05,Viajes MBTB,Ingenuo estacional,2795.0,2848.0
2025-06-06,Viajes MBTB,Ingenuo estacional,2652.0,2730.0
2025-06-07,Viajes MBTB,Ingenuo estacional,1760.0,2269.0
2025-06-08,Viajes MBTB,Ingenuo estacional,2186.0,2664.0
2025-06-09,Viajes MBTB,Ingenuo estacional,2553.0,2791.0
2025-06-10,Viajes MBTB,Ingenuo estacional,2700.0,1701.0
2025-06-11,Viajes MBTB,Ingenuo estacional,2584.0,1481.0
2025-06-12,Viajes MBTB,Ingenuo estacional,2503.0,2848.0
2025-06-13,Viajes MBTB,Ingenuo estacional,2335.0,2730.0
2025-06-14,Viajes MBTB,Ingenuo estacional,1452.0,2269.0
2025-06-15,Viajes MBTB,Ingenuo estacional,1723.0,2664.0
2025-06-16,Viajes MBTB,Ingenuo estacional,997.0,2791.0
2025-06-17,Viajes MBTB,Ingenuo estacional,2342.0,1701.0
2025-06-18,Viajes MBTB,Ingenuo estacional,2557.0,1481.0
2025-06-19,Viajes MBTB,Ingenuo estacional,2616.0,2848.0
2025-06-20,Viajes MBTB,Ingenuo estacional,2037.0,2730.0
2025-06-21,Viajes MBTB,Ingenuo estacional,1965.0,2269.0
2025-06-22,Viajes MBTB,Ingenuo estacional,1666.0,2664.0
2025-06-23,Viajes MBTB,Ingenuo estacional,1716.0,2791.0
2025-06-24,Viajes MBTB,Ingenuo estacional,2114.0,1701.0
2025-06-25,Viajes MBTB,Ingenuo estacional,2276.0,1481.0
2025-06-26,Viajes MBTB,Ingenuo estacional,2407.0,2848.0
2025-06-27,Viajes MBTB,Ingenuo estacional,2371.0,2730.0
2025-06-28,Viajes MBTB,Ingenuo estacional,1721.0,2269.0
2025-06-29,Viajes MBTB,Ingenuo estacional,1836.0,2664.0
2025-06-30,Viajes MBTB,Ingenuo estacional,1815.0,2791.0
2025-07-01,Viajes MBTB,Ingenuo estacional,2033.0,1701.0
2025-07-02,Viajes MBTB,Ingenuo estacional,2104.0,1481.0
2025-07-03,Viajes MBTB,Ingenuo estacional,2129.0,2848.0
2025-07-04,Viajes MBTB,Ingenuo estacional,2368.0,2730.0
2025-07-05,Viajes MBTB,Ingenuo estacional,1945.0,2269.0
2025-07-06,Viajes MBTB,Ingenuo estacional,2166.0,2664.0
2025-07-07,Viajes MBTB,Ingenuo estacional,2507.0,2791.0
2025-07-08,Viajes MBTB,Ingenuo estacional,2608.0,1701.0
2025-07-09,Viajes MBTB,Ingenuo estacional,2345.0,1481.0
2025-07-10,Viajes MBTB,Ingenuo estacional,2532.0,2848.0
2025-07-11,Viajes MBTB,Ingenuo estacional,2597.0,2730.0
2025-07-12,Viajes MBTB,Ingenuo estacional,2198.0,2269.0
2025-07-13,Viajes MBTB,Ingenuo estacional,2708.0,2664.0
2025-07-14,Viajes MBTB,Ingenuo estacional,2591.0,2791.0
2025-07-15,Viajes MBTB,Ingenuo estacional,2786.0,1701.0
2025-07-16,Viajes MBTB,Ingenuo estacional,932.0,1481.0
2025-07-17,Viajes MBTB,Ingenuo estacional,2435.0,2848.0
2025-07-18,Viajes MBTB,Ingenuo estacional,2662.0,2730.0
2025-07-19,Viajes MBTB,Ingenuo estacional,2320.0,2269.0
2025-07-20,Viajes MBTB,Ingenuo estacional,2567.0,2664.0
2025-07-21,Viajes MBTB,Ingenuo estacional,2660.0,2791.0
2025-07-22,Viajes MBTB,Ingenuo estacional,2523.0,1701.0
2025-07-23,Viajes MBTB,Ingenuo estacional,1804.0,1481.0
2025-07-24,Viajes MBTB,Ingenuo estacional,2432.0,2848.0
2025-07-25,Viajes MBTB,Ingenuo estacional,2361.0,2730.0
2025-07-26,Viajes MBTB,Ingenuo estacional,1175.0,2269.0
2025-07-27,Viajes MBTB,Ingenuo estacional,518.0,2664.0
2025-07-28,Viajes MBTB,Ingenuo estacional,2366.0,2791.0
2025-07-29,Viajes MBTB,Ingenuo estacional,2498.0,1701.0
2025-07-30,Viajes MBTB,Ingenuo estacional,2655.0,1481.0
2025-07-31,Viajes MBTB,Ingenuo estacional,2664.0,2848.0
2025-08-01,Viajes MBTB,Ingenuo estacional,2325.0,2730.0
2025-08-02,Viajes MBTB,Ingenuo estacional,2525.0,2269.0
2025-08-03,Viajes MBTB,Ingenuo estacional,2632.0,2664.0
2025-08-04,Viajes MBTB,Ingenuo estacional,2616.0,2791.0
2025-08-05,Viajes MBTB,Ingenuo estacional,2738.0,1701.0
2025-08-06,Viajes MBTB,Ingenuo estacional,2852.0,1481.0
2025-08-07,Viajes MBTB,Ingenuo estacional,2842.0,2848.0
2025-08-08,Viajes MBTB,Ingenuo estacional,2687.0,2730.0
2025-08-09,Viajes MBTB,Ingenuo estacional,2460.0,2269.0
2025-08-10,Viajes MBTB,Ingenuo estacional,2733.0,2664.0
2025-08-11,Viajes MBTB,Ingenuo estacional,2611.0,2791.0
2025-08-12,Viajes MBTB,Ingenuo estacional,2823.0,1701.0
2025-08-13,Viajes MBTB,Ingenuo estacional,2690.0,1481.0
2025-08-14,Viajes MBTB,Ingenuo estacional,2664.0,2848.0
2025-08-15,Viajes MBTB,Ingenuo estacional,2307.0,2730.0
2025-08-16,Viajes MBTB,Ingenuo estacional,1856.0,2269.0
2025-08-17,Viajes MBTB,Ingenuo estacional,2292.0,2664.0
2025-08-18,Viajes MBTB,Ingenuo estacional,1997.0,2791.0
2025-08-19,Viajes MBTB,Ingenuo estacional,298.0,1701.0
2025-08-20,Viajes MBTB,Ingenuo estacional,2465.0,1481.0
2025-08-21,Viajes MBTB,Ingenuo estacional,2722.0,2848.0
2025-08-22,Viajes MBTB,Ingenuo estacional,2456.0,2730.0
2025-08-23,Viajes MBTB,Ingenuo estacional,2047.0,2269.0
2025-08-24,Viajes MBTB,Ingenuo estacional,2775.0,2664.0
2025-08-25,Viajes MBTB,Ingenuo estacional,2811.0,2791.0
2025-08-26,Viajes MBTB,Ingenuo estacional,2956.0,1701.0
2025-08-27,Viajes MBTB,Ingenuo estacional,3014.0,1481.0
2025-08-28,Viajes MBTB,Ingenuo estacional,2746.0,2848.0
2025-08-29,Viajes MBTB,Ingenuo estacional,2645.0,2730.0
2025-08-30,Viajes MBTB,Ingenuo estacional,1194.0,2269.0
2025-08-31,Viajes MBTB,Ingenuo estacional,346.0,2664.0
2025-09-01,Viajes MBTB,Ingenuo estacional,2120.0,2791.0
2025-09-02,Viajes MBTB,Ingenuo estacional,2375.0,1701.0
2025-09-03,Viajes MBTB,Ingenuo estacional,2631.0,1481.0
2025-09-04,Viajes MBTB,Ingenuo estacional,2393.0,2848.0
2025-09-05,Viajes MBTB,Ingenuo estacional,2533.0,2730.0
2025-09-06,Viajes MBTB,Ingenuo estacional,2210.0,2269.0
2025-09-07,Viajes MBTB,Ingenuo estacional,2088.0,2664.0
2025-09-08,Viajes MBTB,Ingenuo estacional,2605.0,2791.0
2025-09-09,Viajes MBTB,Ingenuo estacional,2864.0,1701.0
2025-09-10,Viajes MBTB,Ingenuo estacional,3006.0,1481.0
2025-09-11,Viajes MBTB,Ingenuo estacional,3067.0,2848.0
2025-09-12,Viajes MBTB,Ingenuo estacional,2856.0,2730.0
2025-09-13,Viajes MBTB,Ingenuo estacional,2419.0,2269.0
2025-09-14,Viajes MBTB,Ingenuo estacional,2918.0,2664.0
2025-09-15,Viajes MBTB,Ingenuo estacional,2323.0,2791.0
2025-09-16,Viajes MBTB,Ingenuo estacional,2948.0,1701.0
2025-09-17,Viajes MBTB,Ingenuo estacional,2903.0,1481.0
2025-09-18,Viajes MBTB,Ingenuo estacional,2942.0,2848.0
2025-09-19,Viajes MBTB,Ingenuo estacional,2416.0,2730.0
2025-09-20,Viajes MBTB,Ingenuo estacional,1679.0,2269.0
2025-09-21,Viajes MBTB,Ingenuo estacional,2104.0,2664.0
2025-09-22,Viajes MBTB,Ingenuo estacional,3811.0,2791.0
2025-09-23,Viajes MBTB,Ingenuo estacional,2765.0,1701.0
2025-09-24,Viajes MBTB,Ingenuo estacional,3011.0,1481.0
2025-09-25,Viajes MBTB,Ingenuo estacional,2811.0,2848.0
2025-09-26,Viajes MBTB,Ingenuo estacional,2751.0,2730.0
2025-09-27,Viajes MBTB,Ingenuo estacional,1415.0,2269.0
2025-09-28,Viajes MBTB,Ingenuo estacional,2859.0,2664.0
2025-09-29,Viajes MBTB,Ingenuo estacional,2771.0,2791.0
2025-09-30,Viajes MBTB,Ingenuo estacional,2789.0,1701.0
2025-10-01,Viajes MBTB,Ingenuo estacional,3140.0,1481.0
2025-10-02,Viajes MBTB,Ingenuo estacional,3091.0,2848.0
2025-10-03,Viajes MBTB,Ingenuo estacional,2982.0,2730.0
2025-10-04,Viajes MBTB,Ingenuo estacional,2557.0,2269.0
2025-10-05,Viajes MBTB,Ingenuo estacional,1596.0,2664.0
2025-10-06,Viajes MBTB,Ingenuo estacional,2751.0,2791.0
2025-10-07,Viajes MBTB,Ingenuo estacional,2971.0,1701.0
2025-10-08,Viajes MBTB,Ingenuo estacional,3162.0,1481.0
2025-10-09,Viajes MBTB,Ingenuo estacional,3675.0,2848.0
2025-10-10,Viajes MBTB,Ingenuo estacional,2642.0,2730.0
2025-10-11,Viajes MBTB,Ingenuo estacional,2228.0,2269.0
2025-10-12,Viajes MBTB,Ingenuo estacional,2057.0,2664.0
2025-10-13,Viajes MBTB,Ingenuo estacional,3074.0,2791.0
2025-10-14,Viajes MBTB,Ingenuo estacional,3303.0,1701.0
2025-10-15,Viajes MBTB,Ingenuo estacional,3327.0,1481.0
2025-10-16,Viajes MBTB,Ingenuo estacional,3249.0,2848.0
2025-10-17,Viajes MBTB,Ingenuo estacional,2423.0,2730.0
2025-10-18,Viajes MBTB,Ingenuo estacional,2709.0,2269.0
2025-10-19,Viajes MBTB,Ingenuo estacional,2415.0,2664.0
2025-10-20,Viajes MBTB,Ingenuo estacional,2830.0,2791.0
2025-10-21,Viajes MBTB,Ingenuo estacional,3171.0,1701.0
2025-10-22,Viajes MBTB,Ingenuo estacional,3183.0,1481.0
2025-10-23,Viajes MBTB,Ingenuo estacional,3087.0,2848.0
2025-10-24,Viajes MBTB,Ingenuo estacional,1061.0,2730.0
2025-10-25,Viajes MBTB,Ingenuo estacional,2127.0,2269.0
2025-10-26,Viajes MBTB,Ingenuo estacional,4284.0,2664.0
2025-10-27,Viajes MBTB,Ingenuo estacional,2410.0,2791.0
2025-10-28,Viajes MBTB,Ingenuo estacional,2330.0,1701.0
2025-10-29,Viajes MBTB,Ingenuo estacional,2873.0,1481.0
2025-10-30,Viajes MBTB,Ingenuo estacional,2887.0,2848.0
2025-10-31,Viajes MBTB,Ingenuo estacional,2995.0,2730.0
2025-11-01,Viajes MBTB,Ingenuo estacional,2614.0,2269.0
2025-11-02,Viajes MBTB,Ingenuo estacional,2995.0,2664.0
2025-11-03,Viajes MBTB,Ingenuo estacional,2993.0,2791.0
2025-11-04,Viajes MBTB,Ingenuo estacional,2298.0,1701.0
2025-11-05,Viajes MBTB,Ingenuo estacional,3011.0,1481.0
2025-11-06,Viajes MBTB,Ingenuo estacional,2655.0,2848.0
2025-11-07,Viajes MBTB,Ingenuo estacional,939.0,2730.0
2025-11-08,Viajes MBTB,Ingenuo estacional,2340.0,2269.0
2025-11-09,Viajes MBTB,Ingenuo estacional,2984.0,2664.0
2025-11-10,Viajes MBTB,Ingenuo estacional,3122.0,2791.0
2025-11-11,Viajes MBTB,Ingenuo estacional,2885.0,1701.0
2025-11-12,Viajes MBTB,Ingenuo estacional,2724.0,1481.0
2025-11-13,Viajes MBTB,Ingenuo estacional,3207.0,2848.0
2025-11-14,Viajes MBTB,Ingenuo estacional,2962.0,2730.0
2025-11-15,Viajes MBTB,Ingenuo estacional,2488.0,2269.0
2025-11-16,Viajes MBTB,Ingenuo estacional,2151.0,2664.0
2025-11-17,Viajes MBTB,Ingenuo estacional,2951.0,2791.0
2025-11-18,Viajes MBTB,Ingenuo estacional,2979.0,1701.0
2025-11-19,Viajes MBTB,Ingenuo estacional,3118.0,1481.0
2025-11-20,Viajes MBTB,Ingenuo estacional,2322.0,2848.0
2025-11-21,Viajes MBTB,Ingenuo estacional,2519.0,2730.0
2025-11-22,Viajes MBTB,Ingenuo estacional,2470.0,2269.0
2025-11-23,Viajes MBTB,Ingenuo estacional,3121.0,2664.0
2025-11-24,Viajes MBTB,Ingenuo estacional,2712.0,2791.0
2025-11-25,Viajes MBTB,Ingenuo estacional,3054.0,1701.0
2025-11-26,Viajes MBTB,Ingenuo estacional,3019.0,1481.0
2025-11-27,Viajes MBTB,Ingenuo estacional,3101.0,2848.0
2025-11-28,Viajes MBTB,Ingenuo estacional,2609.0,2730.0
2025-11-29,Viajes MBTB,Ingenuo estacional,2100.0,2269.0
2025-11-30,Viajes MBTB,Ingenuo estacional,2562.0,2664.0
2025-12-01,Viajes MBTB,Ingenuo estacional,2593.0,2791.0
2025-12-02,Viajes MBTB,Ingenuo estacional,3025.0,1701.0
2025-12-03,Viajes MBTB,Ingenuo estacional,2944.0,1481.0
2025-12-04,Viajes MBTB,Ingenuo estacional,2981.0,2848.0
2025-12-05,Viajes MBTB,Ingenuo estacional,2708.0,2730.0
2025-12-06,Viajes MBTB,Ingenuo estacional,2273.0,2269.0
2025-12-07,Viajes MBTB,Ingenuo estacional,2569.0,2664.0
2025-12-08,Viajes MBTB,Ingenuo estacional,2175.0,2791.0
2025-12-09,Viajes MBTB,Ingenuo estacional,3036.0,1701.0
2025-12-10,Viajes MBTB,Ingenuo estacional,2564.0,1481.0
2025-12-11,Viajes MBTB,Ingenuo estacional,2114.0,2848.0
2025-12-12,Viajes MBTB,Ingenuo estacional,2851.0,2730.0
2025-12-13,Viajes MBTB,Ingenuo estacional,2242.0,2269.0
2025-12-14,Viajes MBTB,Ingenuo estacional,1924.0,2664.0
2025-12-15,Viajes MBTB,Ingenuo estacional,2665.0,2791.0
2025-12-16,Viajes MBTB,Ingenuo estacional,3058.0,1701.0
2025-12-17,Viajes MBTB,Ingenuo estacional,3049.0,1481.0
2025-12-18,Viajes MBTB,Ingenuo estacional,2975.0,2848.0
2025-12-19,Viajes MBTB,Ingenuo estacional,2866.0,2730.0
2025-12-20,Viajes MBTB,Ingenuo estacional,1722.0,2269.0
2025-12-21,Viajes MBTB,Ingenuo estacional,2454.0,2664.0
2025-12-22,Viajes MBTB,Ingenuo estacional,2791.0,2791.0
2025-12-23,Viajes MBTB,Ingenuo estacional,2788.0,1701.0
2025-12-24,Viajes MBTB,Ingenuo estacional,1746.0,1481.0
2025-12-25,Viajes MBTB,Ingenuo estacional,1397.0,2848.0
2025-12-26,Viajes MBTB,Ingenuo estacional,2585.0,2730.0
2025-12-27,Viajes MBTB,Ingenuo estacional,2145.0,2269.0
2025-12-28,Viajes MBTB,Ingenuo estacional,2365.0,2664.0
2025-12-29,Viajes MBTB,Ingenuo estacional,2548.0,2791.0
2025-12-30,Viajes MBTB,Ingenuo estacional,2624.0,1701.0
2025-12-31,Viajes MBTB,Ingenuo estacional,1605.0,1481.0
2025-01-01,Viajes MBTB,"ARIMA(1,1,1)",1316.0,2178.059011179366
2025-01-02,Viajes MBTB,"ARIMA(1,1,1)",2357.0,2372.022879853493
2025-01-03,Viajes MBTB,"ARIMA(1,1,1)",2612.0,2450.8852039463272
2025-01-04,Viajes MBTB,"ARIMA(1,1,1)",2130.0,2482.9492486771114
2025-01-05,Viajes MBTB,"ARIMA(1,1,1)",2625.0,2495.9859297073012
2025-01-06,Viajes MBTB,"ARIMA(1,1,1)",2927.0,2501.286416707924
2025-01-07,Viajes MBTB,"ARIMA(1,1,1)",2752.0,2503.4415022223056
2025-01-08,Viajes MBTB,"ARIMA(1,1,1)",2641.0,2504.3177223835382
2025-01-09,Viajes MBTB,"ARIMA(1,1,1)",2715.0,2504.6739782099667
2025-01-10,Viajes MBTB,"ARIMA(1,1,1)",2668.0,2504.8188256118865
2025-01-11,Viajes MBTB,"ARIMA(1,1,1)",2215.0,2504.87771803774
2025-01-12,Viajes MBTB,"ARIMA(1,1,1)",2418.0,2504.9016626703465
2025-01-13,Viajes MBTB,"ARIMA(1,1,1)",2894.0,2504.9113981401006
2025-01-14,Viajes MBTB,"ARIMA(1,1,1)",2867.0,2504.9153564122066
2025-01-15,Viajes MBTB,"ARIMA(1,1,1)",2791.0,2504.9169657765683
2025-01-16,Viajes MBTB,"ARIMA(1,1,1)",2609.0,2504.917620116032
2025-01-17,Viajes MBTB,"ARIMA(1,1,1)",2618.0,2504.917886159039
2025-01-18,Viajes MBTB,"ARIMA(1,1,1)",2071.0,2504.917994327483
2025-01-19,Viajes MBTB,"ARIMA(1,1,1)",1974.0,2504.9180383068847
2025-01-20,Viajes MBTB,"ARIMA(1,1,1)",3173.0,2504.9180561881417
2025-01-21,Viajes MBTB,"ARIMA(1,1,1)",3082.0,2504.918063458349
2025-01-22,Viajes MBTB,"ARIMA(1,1,1)",3082.0,2504.918066414288
2025-01-23,Viajes MBTB,"ARIMA(1,1,1)",2954.0,2504.9180676161213
2025-01-24,Viajes MBTB,"ARIMA(1,1,1)",2672.0,2504.918068104766
2025-01-25,Viajes MBTB,"ARIMA(1,1,1)",2271.0,2504.91806830344
2025-01-26,Viajes MBTB,"ARIMA(1,1,1)",2110.0,2504.918068384218
2025-01-27,Viajes MBTB,"ARIMA(1,1,1)",2952.0,2504.9180684170606
2025-01-28,Viajes MBTB,"ARIMA(1,1,1)",2849.0,2504.9180684304138
2025-01-29,Viajes MBTB,"ARIMA(1,1,1)",3223.0,2504.918068435843
2025-01-30,Viajes MBTB,"ARIMA(1,1,1)",3218.0,2504.9180684380503
2025-01-31,Viajes MBTB,"ARIMA(1,1,1)",3377.0,2504.918068438948
2025-02-01,Viajes MBTB,"ARIMA(1,1,1)",2427.0,2504.9180684393127
2025-02-02,Viajes MBTB,"ARIMA(1,1,1)",2490.0,2504.918068439461
2025-02-03,Viajes MBTB,"ARIMA(1,1,1)",2828.0,2504.9180684395214
2025-02-04,Viajes MBTB,"ARIMA(1,1,1)",2338.0,2504.918068439546
2025-02-05,Viajes MBTB,"ARIMA(1,1,1)",1368.0,2504.918068439556
2025-02-06,Viajes MBTB,"ARIMA(1,1,1)",3233.0,2504.91806843956
2025-02-07,Viajes MBTB,"ARIMA(1,1,1)",3099.0,2504.918068439562
2025-02-08,Viajes MBTB,"ARIMA(1,1,1)",2199.0,2504.9180684395624
2025-02-09,Viajes MBTB,"ARIMA(1,1,1)",2200.0,2504.918068439563
2025-02-10,Viajes MBTB,"ARIMA(1,1,1)",2609.0,2504.918068439563
2025-02-11,Viajes MBTB,"ARIMA(1,1,1)",2341.0,2504.918068439563
2025-02-12,Viajes MBTB,"ARIMA(1,1,1)",2121.0,2504.918068439563
2025-02-13,Viajes MBTB,"ARIMA(1,1,1)",3196.0,2504.918068439563
2025-02-14,Viajes MBTB,"ARIMA(1,1,1)",2726.0,2504.918068439563
2025-02-15,Viajes MBTB,"ARIMA(1,1,1)",2146.0,2504.918068439563
2025-02-16,Viajes MBTB,"ARIMA(1,1,1)",1597.0,2504.918068439563
2025-02-17,Viajes MBTB,"ARIMA(1,1,1)",3014.0,2504.918068439563
2025-02-18,Viajes MBTB,"ARIMA(1,1,1)",3241.0,2504.918068439563
2025-02-19,Viajes MBTB,"ARIMA(1,1,1)",3234.0,2504.918068439563
2025-02-20,Viajes MBTB,"ARIMA(1,1,1)",3187.0,2504.918068439563
2025-02-21,Viajes MBTB,"ARIMA(1,1,1)",3082.0,2504.918068439563
2025-02-22,Viajes MBTB,"ARIMA(1,1,1)",2109.0,2504.918068439563
2025-02-23,Viajes MBTB,"ARIMA(1,1,1)",2217.0,2504.918068439563
2025-02-24,Viajes MBTB,"ARIMA(1,1,1)",2579.0,2504.918068439563
2025-02-25,Viajes MBTB,"ARIMA(1,1,1)",1897.0,2504.918068439563
2025-02-26,Viajes MBTB,"ARIMA(1,1,1)",2856.0,2504.918068439563
2025-02-27,Viajes MBTB,"ARIMA(1,1,1)",3166.0,2504.918068439563
2025-02-28,Viajes MBTB,"ARIMA(1,1,1)",2425.0,2504.918068439563
2025-03-01,Viajes MBTB,"ARIMA(1,1,1)",2292.0,2504.918068439563
2025-03-02,Viajes MBTB,"ARIMA(1,1,1)",1308.0,2504.918068439563
2025-03-03,Viajes MBTB,"ARIMA(1,1,1)",1818.0,2504.918068439563
2025-03-04,Viajes MBTB,"ARIMA(1,1,1)",2132.0,2504.918068439563
2025-03-05,Viajes MBTB,"ARIMA(1,1,1)",2675.0,2504.918068439563
2025-03-06,Viajes MBTB,"ARIMA(1,1,1)",2628.0,2504.918068439563
2025-03-07,Viajes MBTB,"ARIMA(1,1,1)",2665.0,2504.918068439563
2025-03-08,Viajes MBTB,"ARIMA(1,1,1)",1460.0,2504.918068439563
2025-03-09,Viajes MBTB,"ARIMA(1,1,1)",2887.0,2504.918068439563
2025-03-10,Viajes MBTB,"ARIMA(1,1,1)",3225.0,2504.918068439563
2025-03-11,Viajes MBTB,"ARIMA(1,1,1)",2920.0,2504.918068439563
2025-03-12,Viajes MBTB,"ARIMA(1,1,1)",2730.0,2504.918068439563
2025-03-13,Viajes MBTB,"ARIMA(1,1,1)",3183.0,2504.918068439563
2025-03-14,Viajes MBTB,"ARIMA(1,1,1)",3238.0,2504.918068439563
2025-03-15,Viajes MBTB,"ARIMA(1,1,1)",2459.0,2504.918068439563
2025-03-16,Viajes MBTB,"ARIMA(1,1,1)",2742.0,2504.918068439563
2025-03-17,Viajes MBTB,"ARIMA(1,1,1)",3019.0,2504.918068439563
2025-03-18,Viajes MBTB,"ARIMA(1,1,1)",3085.0,2504.918068439563
2025-03-19,Viajes MBTB,"ARIMA(1,1,1)",3156.0,2504.918068439563
2025-03-20,Viajes MBTB,"ARIMA(1,1,1)",3295.0,2504.918068439563
2025-03-21,Viajes MBTB,"ARIMA(1,1,1)",3229.0,2504.918068439563
2025-03-22,Viajes MBTB,"ARIMA(1,1,1)",2968.0,2504.918068439563
2025-03-23,Viajes MBTB,"ARIMA(1,1,1)",2195.0,2504.918068439563
2025-03-24,Viajes MBTB,"ARIMA(1,1,1)",1624.0,2504.918068439563
2025-03-25,Viajes MBTB,"ARIMA(1,1,1)",3232.0,2504.918068439563
2025-03-26,Viajes MBTB,"ARIMA(1,1,1)",3288.0,2504.918068439563
2025-03-27,Viajes MBTB,"ARIMA(1,1,1)",2610.0,2504.918068439563
2025-03-28,Viajes MBTB,"ARIMA(1,1,1)",2544.0,2504.918068439563
2025-03-29,Viajes MBTB,"ARIMA(1,1,1)",2707.0,2504.918068439563
2025-03-30,Viajes MBTB,"ARIMA(1,1,1)",2506.0,2504.918068439563
2025-03-31,Viajes MBTB,"ARIMA(1,1,1)",2516.0,2504.918068439563
2025-04-01,Viajes MBTB,"ARIMA(1,1,1)",2920.0,2504.918068439563
2025-04-02,Viajes MBTB,"ARIMA(1,1,1)",2708.0,2504.918068439563
2025-04-03,Viajes MBTB,"ARIMA(1,1,1)",3325.0,2504.918068439563
2025-04-04,Viajes MBTB,"ARIMA(1,1,1)",2987.0,2504.918068439563
2025-04-05,Viajes MBTB,"ARIMA(1,1,1)",2547.0,2504.918068439563
2025-04-06,Viajes MBTB,"ARIMA(1,1,1)",1990.0,2504.918068439563
2025-04-07,Viajes MBTB,"ARIMA(1,1,1)",783.0,2504.918068439563
2025-04-08,Viajes MBTB,"ARIMA(1,1,1)",2073.0,2504.918068439563
2025-04-09,Viajes MBTB,"ARIMA(1,1,1)",2541.0,2504.918068439563
2025-04-10,Viajes MBTB,"ARIMA(1,1,1)",2728.0,2504.918068439563
2025-04-11,Viajes MBTB,"ARIMA(1,1,1)",3260.0,2504.918068439563
2025-04-12,Viajes MBTB,"ARIMA(1,1,1)",2591.0,2504.918068439563
2025-04-13,Viajes MBTB,"ARIMA(1,1,1)",3534.0,2504.918068439563
2025-04-14,Viajes MBTB,"ARIMA(1,1,1)",3090.0,2504.918068439563
2025-04-15,Viajes MBTB,"ARIMA(1,1,1)",3093.0,2504.918068439563
2025-04-16,Viajes MBTB,"ARIMA(1,1,1)",3309.0,2504.918068439563
2025-04-17,Viajes MBTB,"ARIMA(1,1,1)",2817.0,2504.918068439563
2025-04-18,Viajes MBTB,"ARIMA(1,1,1)",2116.0,2504.918068439563
2025-04-19,Viajes MBTB,"ARIMA(1,1,1)",3873.0,2504.918068439563
2025-04-20,Viajes MBTB,"ARIMA(1,1,1)",1141.0,2504.918068439563
2025-04-21,Viajes MBTB,"ARIMA(1,1,1)",2996.0,2504.918068439563
2025-04-22,Viajes MBTB,"ARIMA(1,1,1)",3235.0,2504.918068439563
2025-04-23,Viajes MBTB,"ARIMA(1,1,1)",2568.0,2504.918068439563
2025-04-24,Viajes MBTB,"ARIMA(1,1,1)",2818.0,2504.918068439563
2025-04-25,Viajes MBTB,"ARIMA(1,1,1)",3127.0,2504.918068439563
2025-04-26,Viajes MBTB,"ARIMA(1,1,1)",2509.0,2504.918068439563
2025-04-27,Viajes MBTB,"ARIMA(1,1,1)",2781.0,2504.918068439563
2025-04-28,Viajes MBTB,"ARIMA(1,1,1)",3127.0,2504.918068439563
2025-04-29,Viajes MBTB,"ARIMA(1,1,1)",3355.0,2504.918068439563
2025-04-30,Viajes MBTB,"ARIMA(1,1,1)",3355.0,2504.918068439563
2025-05-01,Viajes MBTB,"ARIMA(1,1,1)",2074.0,2504.918068439563
2025-05-02,Viajes MBTB,"ARIMA(1,1,1)",2969.0,2504.918068439563
2025-05-03,Viajes MBTB,"ARIMA(1,1,1)",2898.0,2504.918068439563
2025-05-04,Viajes MBTB,"ARIMA(1,1,1)",2781.0,2504.918068439563
2025-05-05,Viajes MBTB,"ARIMA(1,1,1)",2595.0,2504.918068439563
2025-05-06,Viajes MBTB,"ARIMA(1,1,1)",4067.0,2504.918068439563
2025-05-07,Viajes MBTB,"ARIMA(1,1,1)",3032.0,2504.918068439563
2025-05-08,Viajes MBTB,"ARIMA(1,1,1)",3092.0,2504.918068439563
2025-05-09,Viajes MBTB,"ARIMA(1,1,1)",3205.0,2504.918068439563
2025-05-10,Viajes MBTB,"ARIMA(1,1,1)",2883.0,2504.918068439563
2025-05-11,Viajes MBTB,"ARIMA(1,1,1)",2970.0,2504.918068439563
2025-05-12,Viajes MBTB,"ARIMA(1,1,1)",3200.0,2504.918068439563
2025-05-13,Viajes MBTB,"ARIMA(1,1,1)",3290.0,2504.918068439563
2025-05-14,Viajes MBTB,"ARIMA(1,1,1)",3222.0,2504.918068439563
2025-05-15,Viajes MBTB,"ARIMA(1,1,1)",3353.0,2504.918068439563
2025-05-16,Viajes MBTB,"ARIMA(1,1,1)",2875.0,2504.918068439563
2025-05-17,Viajes MBTB,"ARIMA(1,1,1)",1420.0,2504.918068439563
2025-05-18,Viajes MBTB,"ARIMA(1,1,1)",2108.0,2504.918068439563
2025-05-19,Viajes MBTB,"ARIMA(1,1,1)",1888.0,2504.918068439563
2025-05-20,Viajes MBTB,"ARIMA(1,1,1)",2824.0,2504.918068439563
2025-05-21,Viajes MBTB,"ARIMA(1,1,1)",2885.0,2504.918068439563
2025-05-22,Viajes MBTB,"ARIMA(1,1,1)",2980.0,2504.918068439563
2025-05-23,Viajes MBTB,"ARIMA(1,1,1)",2771.0,2504.918068439563
2025-05-24,Viajes MBTB,"ARIMA(1,1,1)",1914.0,2504.918068439563
2025-05-25,Viajes MBTB,"ARIMA(1,1,1)",2257.0,2504.918068439563
2025-05-26,Viajes MBTB,"ARIMA(1,1,1)",2072.0,2504.918068439563
2025-05-27,Viajes MBTB,"ARIMA(1,1,1)",1999.0,2504.918068439563
2025-05-28,Viajes MBTB,"ARIMA(1,1,1)",2448.0,2504.918068439563
2025-05-29,Viajes MBTB,"ARIMA(1,1,1)",2438.0,2504.918068439563
2025-05-30,Viajes MBTB,"ARIMA(1,1,1)",2590.0,2504.918068439563
2025-05-31,Viajes MBTB,"ARIMA(1,1,1)",2082.0,2504.918068439563
2025-06-01,Viajes MBTB,"ARIMA(1,1,1)",2099.0,2504.918068439563
2025-06-02,Viajes MBTB,"ARIMA(1,1,1)",2618.0,2504.918068439563
2025-06-03,Viajes MBTB,"ARIMA(1,1,1)",2801.0,2504.918068439563
2025-06-04,Viajes MBTB,"ARIMA(1,1,1)",2651.0,2504.918068439563
2025-06-05,Viajes MBTB,"ARIMA(1,1,1)",2795.0,2504.918068439563
2025-06-06,Viajes MBTB,"ARIMA(1,1,1)",2652.0,2504.918068439563
2025-06-07,Viajes MBTB,"ARIMA(1,1,1)",1760.0,2504.918068439563
2025-06-08,Viajes MBTB,"ARIMA(1,1,1)",2186.0,2504.918068439563
2025-06-09,Viajes MBTB,"ARIMA(1,1,1)",2553.0,2504.918068439563
2025-06-10,Viajes MBTB,"ARIMA(1,1,1)",2700.0,2504.918068439563
2025-06-11,Viajes MBTB,"ARIMA(1,1,1)",2584.0,2504.918068439563
2025-06-12,Viajes MBTB,"ARIMA(1,1,1)",2503.0,2504.918068439563
2025-06-13,Viajes MBTB,"ARIMA(1,1,1)",2335.0,2504.918068439563
2025-06-14,Viajes MBTB,"ARIMA(1,1,1)",1452.0,2504.918068439563
2025-06-15,Viajes MBTB,"ARIMA(1,1,1)",1723.0,2504.918068439563
2025-06-16,Viajes MBTB,"ARIMA(1,1,1)",997.0,2504.918068439563
2025-06-17,Viajes MBTB,"ARIMA(1,1,1)",2342.0,2504.918068439563
2025-06-18,Viajes MBTB,"ARIMA(1,1,1)",2557.0,2504.918068439563
2025-06-19,Viajes MBTB,"ARIMA(1,1,1)",2616.0,2504.918068439563
2025-06-20,Viajes MBTB,"ARIMA(1,1,1)",2037.0,2504.918068439563
2025-06-21,Viajes MBTB,"ARIMA(1,1,1)",1965.0,2504.918068439563
2025-06-22,Viajes MBTB,"ARIMA(1,1,1)",1666.0,2504.918068439563
2025-06-23,Viajes MBTB,"ARIMA(1,1,1)",1716.0,2504.918068439563
2025-06-24,Viajes MBTB,"ARIMA(1,1,1)",2114.0,2504.918068439563
2025-06-25,Viajes MBTB,"ARIMA(1,1,1)",2276.0,2504.918068439563
2025-06-26,Viajes MBTB,"ARIMA(1,1,1)",2407.0,2504.918068439563
2025-06-27,Viajes MBTB,"ARIMA(1,1,1)",2371.0,2504.918068439563
2025-06-28,Viajes MBTB,"ARIMA(1,1,1)",1721.0,2504.918068439563
2025-06-29,Viajes MBTB,"ARIMA(1,1,1)",1836.0,2504.918068439563
2025-06-30,Viajes MBTB,"ARIMA(1,1,1)",1815.0,2504.918068439563
2025-07-01,Viajes MBTB,"ARIMA(1,1,1)",2033.0,2504.918068439563
2025-07-02,Viajes MBTB,"ARIMA(1,1,1)",2104.0,2504.918068439563
2025-07-03,Viajes MBTB,"ARIMA(1,1,1)",2129.0,2504.918068439563
2025-07-04,Viajes MBTB,"ARIMA(1,1,1)",2368.0,2504.918068439563
2025-07-05,Viajes MBTB,"ARIMA(1,1,1)",1945.0,2504.918068439563
2025-07-06,Viajes MBTB,"ARIMA(1,1,1)",2166.0,2504.918068439563
2025-07-07,Viajes MBTB,"ARIMA(1,1,1)",2507.0,2504.918068439563
2025-07-08,Viajes MBTB,"ARIMA(1,1,1)",2608.0,2504.918068439563
2025-07-09,Viajes MBTB,"ARIMA(1,1,1)",2345.0,2504.918068439563
2025-07-10,Viajes MBTB,"ARIMA(1,1,1)",2532.0,2504.918068439563
2025-07-11,Viajes MBTB,"ARIMA(1,1,1)",2597.0,2504.918068439563
2025-07-12,Viajes MBTB,"ARIMA(1,1,1)",2198.0,2504.918068439563
2025-07-13,Viajes MBTB,"ARIMA(1,1,1)",2708.0,2504.918068439563
2025-07-14,Viajes MBTB,"ARIMA(1,1,1)",2591.0,2504.918068439563
2025-07-15,Viajes MBTB,"ARIMA(1,1,1)",2786.0,2504.918068439563
2025-07-16,Viajes MBTB,"ARIMA(1,1,1)",932.0,2504.918068439563
2025-07-17,Viajes MBTB,"ARIMA(1,1,1)",2435.0,2504.918068439563
2025-07-18,Viajes MBTB,"ARIMA(1,1,1)",2662.0,2504.918068439563
2025-07-19,Viajes MBTB,"ARIMA(1,1,1)",2320.0,2504.918068439563
2025-07-20,Viajes MBTB,"ARIMA(1,1,1)",2567.0,2504.918068439563
2025-07-21,Viajes MBTB,"ARIMA(1,1,1)",2660.0,2504.918068439563
2025-07-22,Viajes MBTB,"ARIMA(1,1,1)",2523.0,2504.918068439563
2025-07-23,Viajes MBTB,"ARIMA(1,1,1)",1804.0,2504.918068439563
2025-07-24,Viajes MBTB,"ARIMA(1,1,1)",2432.0,2504.918068439563
2025-07-25,Viajes MBTB,"ARIMA(1,1,1)",2361.0,2504.918068439563
2025-07-26,Viajes MBTB,"ARIMA(1,1,1)",1175.0,2504.918068439563
2025-07-27,Viajes MBTB,"ARIMA(1,1,1)",518.0,2504.918068439563
2025-07-28,Viajes MBTB,"ARIMA(1,1,1)",2366.0,2504.918068439563
2025-07-29,Viajes MBTB,"ARIMA(1,1,1)",2498.0,2504.918068439563
2025-07-30,Viajes MBTB,"ARIMA(1,1,1)",2655.0,2504.918068439563
2025-07-31,Viajes MBTB,"ARIMA(1,1,1)",2664.0,2504.918068439563
2025-08-01,Viajes MBTB,"ARIMA(1,1,1)",2325.0,2504.918068439563
2025-08-02,Viajes MBTB,"ARIMA(1,1,1)",2525.0,2504.918068439563
2025-08-03,Viajes MBTB,"ARIMA(1,1,1)",2632.0,2504.918068439563
2025-08-04,Viajes MBTB,"ARIMA(1,1,1)",2616.0,2504.918068439563
2025-08-05,Viajes MBTB,"ARIMA(1,1,1)",2738.0,2504.918068439563
2025-08-06,Viajes MBTB,"ARIMA(1,1,1)",2852.0,2504.918068439563
2025-08-07,Viajes MBTB,"ARIMA(1,1,1)",2842.0,2504.918068439563
2025-08-08,Viajes MBTB,"ARIMA(1,1,1)",2687.0,2504.918068439563
2025-08-09,Viajes MBTB,"ARIMA(1,1,1)",2460.0,2504.918068439563
2025-08-10,Viajes MBTB,"ARIMA(1,1,1)",2733.0,2504.918068439563
2025-08-11,Viajes MBTB,"ARIMA(1,1,1)",2611.0,2504.918068439563
2025-08-12,Viajes MBTB,"ARIMA(1,1,1)",2823.0,2504.918068439563
2025-08-13,Viajes MBTB,"ARIMA(1,1,1)",2690.0,2504.918068439563
2025-08-14,Viajes MBTB,"ARIMA(1,1,1)",2664.0,2504.918068439563
2025-08-15,Viajes MBTB,"ARIMA(1,1,1)",2307.0,2504.918068439563
2025-08-16,Viajes MBTB,"ARIMA(1,1,1)",1856.0,2504.918068439563
2025-08-17,Viajes MBTB,"ARIMA(1,1,1)",2292.0,2504.918068439563
2025-08-18,Viajes MBTB,"ARIMA(1,1,1)",1997.0,2504.918068439563
2025-08-19,Viajes MBTB,"ARIMA(1,1,1)",298.0,2504.918068439563
2025-08-20,Viajes MBTB,"ARIMA(1,1,1)",2465.0,2504.918068439563
2025-08-21,Viajes MBTB,"ARIMA(1,1,1)",2722.0,2504.918068439563
2025-08-22,Viajes MBTB,"ARIMA(1,1,1)",2456.0,2504.918068439563
2025-08-23,Viajes MBTB,"ARIMA(1,1,1)",2047.0,2504.918068439563
2025-08-24,Viajes MBTB,"ARIMA(1,1,1)",2775.0,2504.918068439563
2025-08-25,Viajes MBTB,"ARIMA(1,1,1)",2811.0,2504.918068439563
2025-08-26,Viajes MBTB,"ARIMA(1,1,1)",2956.0,2504.918068439563
2025-08-27,Viajes MBTB,"ARIMA(1,1,1)",3014.0,2504.918068439563
2025-08-28,Viajes MBTB,"ARIMA(1,1,1)",2746.0,2504.918068439563
2025-08-29,Viajes MBTB,"ARIMA(1,1,1)",2645.0,2504.918068439563
2025-08-30,Viajes MBTB,"ARIMA(1,1,1)",1194.0,2504.918068439563
2025-08-31,Viajes MBTB,"ARIMA(1,1,1)",346.0,2504.918068439563
2025-09-01,Viajes MBTB,"ARIMA(1,1,1)",2120.0,2504.918068439563
2025-09-02,Viajes MBTB,"ARIMA(1,1,1)",2375.0,2504.918068439563
2025-09-03,Viajes MBTB,"ARIMA(1,1,1)",2631.0,2504.918068439563
2025-09-04,Viajes MBTB,"ARIMA(1,1,1)",2393.0,2504.918068439563
2025-09-05,Viajes MBTB,"ARIMA(1,1,1)",2533.0,2504.918068439563
2025-09-06,Viajes MBTB,"ARIMA(1,1,1)",2210.0,2504.918068439563
2025-09-07,Viajes MBTB,"ARIMA(1,1,1)",2088.0,2504.918068439563
2025-09-08,Viajes MBTB,"ARIMA(1,1,1)",2605.0,2504.918068439563
2025-09-09,Viajes MBTB,"ARIMA(1,1,1)",2864.0,2504.918068439563
2025-09-10,Viajes MBTB,"ARIMA(1,1,1)",3006.0,2504.918068439563
2025-09-11,Viajes MBTB,"ARIMA(1,1,1)",3067.0,2504.918068439563
2025-09-12,Viajes MBTB,"ARIMA(1,1,1)",2856.0,2504.918068439563
2025-09-13,Viajes MBTB,"ARIMA(1,1,1)",2419.0,2504.918068439563
2025-09-14,Viajes MBTB,"ARIMA(1,1,1)",2918.0,2504.918068439563
2025-09-15,Viajes MBTB,"ARIMA(1,1,1)",2323.0,2504.918068439563
2025-09-16,Viajes MBTB,"ARIMA(1,1,1)",2948.0,2504.918068439563
2025-09-17,Viajes MBTB,"ARIMA(1,1,1)",2903.0,2504.918068439563
2025-09-18,Viajes MBTB,"ARIMA(1,1,1)",2942.0,2504.918068439563
2025-09-19,Viajes MBTB,"ARIMA(1,1,1)",2416.0,2504.918068439563
2025-09-20,Viajes MBTB,"ARIMA(1,1,1)",1679.0,2504.918068439563
2025-09-21,Viajes MBTB,"ARIMA(1,1,1)",2104.0,2504.918068439563
2025-09-22,Viajes MBTB,"ARIMA(1,1,1)",3811.0,2504.918068439563
2025-09-23,Viajes MBTB,"ARIMA(1,1,1)",2765.0,2504.918068439563
2025-09-24,Viajes MBTB,"ARIMA(1,1,1)",3011.0,2504.918068439563
2025-09-25,Viajes MBTB,"ARIMA(1,1,1)",2811.0,2504.918068439563
2025-09-26,Viajes MBTB,"ARIMA(1,1,1)",2751.0,2504.918068439563
2025-09-27,Viajes MBTB,"ARIMA(1,1,1)",1415.0,2504.918068439563
2025-09-28,Viajes MBTB,"ARIMA(1,1,1)",2859.0,2504.918068439563
2025-09-29,Viajes MBTB,"ARIMA(1,1,1)",2771.0,2504.918068439563
2025-09-30,Viajes MBTB,"ARIMA(1,1,1)",2789.0,2504.918068439563
2025-10-01,Viajes MBTB,"ARIMA(1,1,1)",3140.0,2504.918068439563
2025-10-02,Viajes MBTB,"ARIMA(1,1,1)",3091.0,2504.918068439563
2025-10-03,Viajes MBTB,"ARIMA(1,1,1)",2982.0,2504.918068439563
2025-10-04,Viajes MBTB,"ARIMA(1,1,1)",2557.0,2504.918068439563
2025-10-05,Viajes MBTB,"ARIMA(1,1,1)",1596.0,2504.918068439563
2025-10-06,Viajes MBTB,"ARIMA(1,1,1)",2751.0,2504.918068439563
2025-10-07,Viajes MBTB,"ARIMA(1,1,1)",2971.0,2504.918068439563
2025-10-08,Viajes MBTB,"ARIMA(1,1,1)",3162.0,2504.918068439563
2025-10-09,Viajes MBTB,"ARIMA(1,1,1)",3675.0,2504.918068439563
2025-10-10,Viajes MBTB,"ARIMA(1,1,1)",2642.0,2504.918068439563
2025-10-11,Viajes MBTB,"ARIMA(1,1,1)",2228.0,2504.918068439563
2025-10-12,Viajes MBTB,"ARIMA(1,1,1)",2057.0,2504.918068439563
2025-10-13,Viajes MBTB,"ARIMA(1,1,1)",3074.0,2504.918068439563
2025-10-14,Viajes MBTB,"ARIMA(1,1,1)",3303.0,2504.918068439563
2025-10-15,Viajes MBTB,"ARIMA(1,1,1)",3327.0,2504.918068439563
2025-10-16,Viajes MBTB,"ARIMA(1,1,1)",3249.0,2504.918068439563
2025-10-17,Viajes MBTB,"ARIMA(1,1,1)",2423.0,2504.918068439563
2025-10-18,Viajes MBTB,"ARIMA(1,1,1)",2709.0,2504.918068439563
2025-10-19,Viajes MBTB,"ARIMA(1,1,1)",2415.0,2504.918068439563
2025-10-20,Viajes MBTB,"ARIMA(1,1,1)",2830.0,2504.918068439563
2025-10-21,Viajes MBTB,"ARIMA(1,1,1)",3171.0,2504.918068439563
2025-10-22,Viajes MBTB,"ARIMA(1,1,1)",3183.0,2504.918068439563
2025-10-23,Viajes MBTB,"ARIMA(1,1,1)",3087.0,2504.918068439563
2025-10-24,Viajes MBTB,"ARIMA(1,1,1)",1061.0,2504.918068439563
2025-10-25,Viajes MBTB,"ARIMA(1,1,1)",2127.0,2504.918068439563
2025-10-26,Viajes MBTB,"ARIMA(1,1,1)",4284.0,2504.918068439563
2025-10-27,Viajes MBTB,"ARIMA(1,1,1)",2410.0,2504.918068439563
2025-10-28,Viajes MBTB,"ARIMA(1,1,1)",2330.0,2504.918068439563
2025-10-29,Viajes MBTB,"ARIMA(1,1,1)",2873.0,2504.918068439563
2025-10-30,Viajes MBTB,"ARIMA(1,1,1)",2887.0,2504.918068439563
2025-10-31,Viajes MBTB,"ARIMA(1,1,1)",2995.0,2504.918068439563
2025-11-01,Viajes MBTB,"ARIMA(1,1,1)",2614.0,2504.918068439563
2025-11-02,Viajes MBTB,"ARIMA(1,1,1)",2995.0,2504.918068439563
2025-11-03,Viajes MBTB,"ARIMA(1,1,1)",2993.0,2504.918068439563
2025-11-04,Viajes MBTB,"ARIMA(1,1,1)",2298.0,2504.918068439563
2025-11-05,Viajes MBTB,"ARIMA(1,1,1)",3011.0,2504.918068439563
2025-11-06,Viajes MBTB,"ARIMA(1,1,1)",2655.0,2504.918068439563
2025-11-07,Viajes MBTB,"ARIMA(1,1,1)",939.0,2504.918068439563
2025-11-08,Viajes MBTB,"ARIMA(1,1,1)",2340.0,2504.918068439563
2025-11-09,Viajes MBTB,"ARIMA(1,1,1)",2984.0,2504.918068439563
2025-11-10,Viajes MBTB,"ARIMA(1,1,1)",3122.0,2504.918068439563
2025-11-11,Viajes MBTB,"ARIMA(1,1,1)",2885.0,2504.918068439563
2025-11-12,Viajes MBTB,"ARIMA(1,1,1)",2724.0,2504.918068439563
2025-11-13,Viajes MBTB,"ARIMA(1,1,1)",3207.0,2504.918068439563
2025-11-14,Viajes MBTB,"ARIMA(1,1,1)",2962.0,2504.918068439563
2025-11-15,Viajes MBTB,"ARIMA(1,1,1)",2488.0,2504.918068439563
2025-11-16,Viajes MBTB,"ARIMA(1,1,1)",2151.0,2504.918068439563
2025-11-17,Viajes MBTB,"ARIMA(1,1,1)",2951.0,2504.918068439563
2025-11-18,Viajes MBTB,"ARIMA(1,1,1)",2979.0,2504.918068439563
2025-11-19,Viajes MBTB,"ARIMA(1,1,1)",3118.0,2504.918068439563
2025-11-20,Viajes MBTB,"ARIMA(1,1,1)",2322.0,2504.918068439563
2025-11-21,Viajes MBTB,"ARIMA(1,1,1)",2519.0,2504.918068439563
2025-11-22,Viajes MBTB,"ARIMA(1,1,1)",2470.0,2504.918068439563
2025-11-23,Viajes MBTB,"ARIMA(1,1,1)",3121.0,2504.918068439563
2025-11-24,Viajes MBTB,"ARIMA(1,1,1)",2712.0,2504.918068439563
2025-11-25,Viajes MBTB,"ARIMA(1,1,1)",3054.0,2504.918068439563
2025-11-26,Viajes MBTB,"ARIMA(1,1,1)",3019.0,2504.918068439563
2025-11-27,Viajes MBTB,"ARIMA(1,1,1)",3101.0,2504.918068439563
2025-11-28,Viajes MBTB,"ARIMA(1,1,1)",2609.0,2504.918068439563
2025-11-29,Viajes MBTB,"ARIMA(1,1,1)",2100.0,2504.918068439563
2025-11-30,Viajes MBTB,"ARIMA(1,1,1)",2562.0,2504.918068439563
2025-12-01,Viajes MBTB,"ARIMA(1,1,1)",2593.0,2504.918068439563
2025-12-02,Viajes MBTB,"ARIMA(1,1,1)",3025.0,2504.918068439563
2025-12-03,Viajes MBTB,"ARIMA(1,1,1)",2944.0,2504.918068439563
2025-12-04,Viajes MBTB,"ARIMA(1,1,1)",2981.0,2504.918068439563
2025-12-05,Viajes MBTB,"ARIMA(1,1,1)",2708.0,2504.918068439563
2025-12-06,Viajes MBTB,"ARIMA(1,1,1)",2273.0,2504.918068439563
2025-12-07,Viajes MBTB,"ARIMA(1,1,1)",2569.0,2504.918068439563
2025-12-08,Viajes MBTB,"ARIMA(1,1,1)",2175.0,2504.918068439563
2025-12-09,Viajes MBTB,"ARIMA(1,1,1)",3036.0,2504.918068439563
2025-12-10,Viajes MBTB,"ARIMA(1,1,1)",2564.0,2504.918068439563
2025-12-11,Viajes MBTB,"ARIMA(1,1,1)",2114.0,2504.918068439563
2025-12-12,Viajes MBTB,"ARIMA(1,1,1)",2851.0,2504.918068439563
2025-12-13,Viajes MBTB,"ARIMA(1,1,1)",2242.0,2504.918068439563
2025-12-14,Viajes MBTB,"ARIMA(1,1,1)",1924.0,2504.918068439563
2025-12-15,Viajes MBTB,"ARIMA(1,1,1)",2665.0,2504.918068439563
2025-12-16,Viajes MBTB,"ARIMA(1,1,1)",3058.0,2504.918068439563
2025-12-17,Viajes MBTB,"ARIMA(1,1,1)",3049.0,2504.918068439563
2025-12-18,Viajes MBTB,"ARIMA(1,1,1)",2975.0,2504.918068439563
2025-12-19,Viajes MBTB,"ARIMA(1,1,1)",2866.0,2504.918068439563
2025-12-20,Viajes MBTB,"ARIMA(1,1,1)",1722.0,2504.918068439563
2025-12-21,Viajes MBTB,"ARIMA(1,1,1)",2454.0,2504.918068439563
2025-12-22,Viajes MBTB,"ARIMA(1,1,1)",2791.0,2504.918068439563
2025-12-23,Viajes MBTB,"ARIMA(1,1,1)",2788.0,2504.918068439563
2025-12-24,Viajes MBTB,"ARIMA(1,1,1)",1746.0,2504.918068439563
2025-12-25,Viajes MBTB,"ARIMA(1,1,1)",1397.0,2504.918068439563
2025-12-26,Viajes MBTB,"ARIMA(1,1,1)",2585.0,2504.918068439563
2025-12-27,Viajes MBTB,"ARIMA(1,1,1)",2145.0,2504.918068439563
2025-12-28,Viajes MBTB,"ARIMA(1,1,1)",2365.0,2504.918068439563
2025-12-29,Viajes MBTB,"ARIMA(1,1,1)",2548.0,2504.918068439563
2025-12-30,Viajes MBTB,"ARIMA(1,1,1)",2624.0,2504.918068439563
2025-12-31,Viajes MBTB,"ARIMA(1,1,1)",1605.0,2504.918068439563
2025-01-01,Viajes MBTB,Suavizado exponencial,1316.0,2502.226051123133
2025-01-02,Viajes MBTB,Suavizado exponencial,2357.0,2616.454820915542
2025-01-03,Viajes MBTB,Suavizado exponencial,2612.0,2612.6719386908726
2025-01-04,Viajes MBTB,Suavizado exponencial,2130.0,2044.499086381838
2025-01-05,Viajes MBTB,Suavizado exponencial,2625.0,2013.0881459462998
2025-01-06,Viajes MBTB,Suavizado exponencial,2927.0,2384.059841525239
2025-01-07,Viajes MBTB,Suavizado exponencial,2752.0,2569.970724386865
2025-01-08,Viajes MBTB,Suavizado exponencial,2641.0,2502.2260511231384
2025-01-09,Viajes MBTB,Suavizado exponencial,2715.0,2616.454820915547
2025-01-10,Viajes MBTB,Suavizado exponencial,2668.0,2612.671938690878
2025-01-11,Viajes MBTB,Suavizado exponencial,2215.0,2044.4990863818425
2025-01-12,Viajes MBTB,Suavizado exponencial,2418.0,2013.0881459463044
2025-01-13,Viajes MBTB,Suavizado exponencial,2894.0,2384.0598415252434
2025-01-14,Viajes MBTB,Suavizado exponencial,2867.0,2569.9707243868697
2025-01-15,Viajes MBTB,Suavizado exponencial,2791.0,2502.2260511231425
2025-01-16,Viajes MBTB,Suavizado exponencial,2609.0,2616.454820915551
2025-01-17,Viajes MBTB,Suavizado exponencial,2618.0,2612.6719386908817
2025-01-18,Viajes MBTB,Suavizado exponencial,2071.0,2044.4990863818462
2025-01-19,Viajes MBTB,Suavizado exponencial,1974.0,2013.088145946308
2025-01-20,Viajes MBTB,Suavizado exponencial,3173.0,2384.0598415252466
2025-01-21,Viajes MBTB,Suavizado exponencial,3082.0,2569.970724386873
2025-01-22,Viajes MBTB,Suavizado exponencial,3082.0,2502.2260511231457
2025-01-23,Viajes MBTB,Suavizado exponencial,2954.0,2616.4548209155537
2025-01-24,Viajes MBTB,Suavizado exponencial,2672.0,2612.6719386908844
2025-01-25,Viajes MBTB,Suavizado exponencial,2271.0,2044.4990863818489
2025-01-26,Viajes MBTB,Suavizado exponencial,2110.0,2013.0881459463108
2025-01-27,Viajes MBTB,Suavizado exponencial,2952.0,2384.059841525249
2025-01-28,Viajes MBTB,Suavizado exponencial,2849.0,2569.970724386875
2025-01-29,Viajes MBTB,Suavizado exponencial,3223.0,2502.226051123148
2025-01-30,Viajes MBTB,Suavizado exponencial,3218.0,2616.454820915556
2025-01-31,Viajes MBTB,Suavizado exponencial,3377.0,2612.6719386908862
2025-02-01,Viajes MBTB,Suavizado exponencial,2427.0,2044.4990863818507
2025-02-02,Viajes MBTB,Suavizado exponencial,2490.0,2013.0881459463126
2025-02-03,Viajes MBTB,Suavizado exponencial,2828.0,2384.0598415252507
2025-02-04,Viajes MBTB,Suavizado exponencial,2338.0,2569.970724386877
2025-02-05,Viajes MBTB,Suavizado exponencial,1368.0,2502.2260511231493
2025-02-06,Viajes MBTB,Suavizado exponencial,3233.0,2616.454820915558
2025-02-07,Viajes MBTB,Suavizado exponencial,3099.0,2612.671938690888
2025-02-08,Viajes MBTB,Suavizado exponencial,2199.0,2044.4990863818525
2025-02-09,Viajes MBTB,Suavizado exponencial,2200.0,2013.088145946314
2025-02-10,Viajes MBTB,Suavizado exponencial,2609.0,2384.0598415252525
2025-02-11,Viajes MBTB,Suavizado exponencial,2341.0,2569.9707243868784
2025-02-12,Viajes MBTB,Suavizado exponencial,2121.0,2502.2260511231507
2025-02-13,Viajes MBTB,Suavizado exponencial,3196.0,2616.454820915559
2025-02-14,Viajes MBTB,Suavizado exponencial,2726.0,2612.671938690889
2025-02-15,Viajes MBTB,Suavizado exponencial,2146.0,2044.4990863818534
2025-02-16,Viajes MBTB,Suavizado exponencial,1597.0,2013.0881459463153
2025-02-17,Viajes MBTB,Suavizado exponencial,3014.0,2384.0598415252534
2025-02-18,Viajes MBTB,Suavizado exponencial,3241.0,2569.9707243868793
2025-02-19,Viajes MBTB,Suavizado exponencial,3234.0,2502.2260511231516
2025-02-20,Viajes MBTB,Suavizado exponencial,3187.0,2616.45482091556
2025-02-21,Viajes MBTB,Suavizado exponencial,3082.0,2612.67193869089
2025-02-22,Viajes MBTB,Suavizado exponencial,2109.0,2044.4990863818543
2025-02-23,Viajes MBTB,Suavizado exponencial,2217.0,2013.0881459463158
2025-02-24,Viajes MBTB,Suavizado exponencial,2579.0,2384.0598415252543
2025-02-25,Viajes MBTB,Suavizado exponencial,1897.0,2569.97072438688
2025-02-26,Viajes MBTB,Suavizado exponencial,2856.0,2502.2260511231525
2025-02-27,Viajes MBTB,Suavizado exponencial,3166.0,2616.4548209155605
2025-02-28,Viajes MBTB,Suavizado exponencial,2425.0,2612.671938690891
2025-03-01,Viajes MBTB,Suavizado exponencial,2292.0,2044.4990863818548
2025-03-02,Viajes MBTB,Suavizado exponencial,1308.0,2013.0881459463167
2025-03-03,Viajes MBTB,Suavizado exponencial,1818.0,2384.059841525255
2025-03-04,Viajes MBTB,Suavizado exponencial,2132.0,2569.9707243868806
2025-03-05,Viajes MBTB,Suavizado exponencial,2675.0,2502.226051123153
2025-03-06,Viajes MBTB,Suavizado exponencial,2628.0,2616.454820915561
2025-03-07,Viajes MBTB,Suavizado exponencial,2665.0,2612.671938690891
2025-03-08,Viajes MBTB,Suavizado exponencial,1460.0,2044.4990863818552
2025-03-09,Viajes MBTB,Suavizado exponencial,2887.0,2013.0881459463171
2025-03-10,Viajes MBTB,Suavizado exponencial,3225.0,2384.0598415252553
2025-03-11,Viajes MBTB,Suavizado exponencial,2920.0,2569.970724386881
2025-03-12,Viajes MBTB,Suavizado exponencial,2730.0,2502.2260511231534
2025-03-13,Viajes MBTB,Suavizado exponencial,3183.0,2616.4548209155614
2025-03-14,Viajes MBTB,Suavizado exponencial,3238.0,2612.6719386908917
2025-03-15,Viajes MBTB,Suavizado exponencial,2459.0,2044.4990863818557
2025-03-16,Viajes MBTB,Suavizado exponencial,2742.0,2013.0881459463171
2025-03-17,Viajes MBTB,Suavizado exponencial,3019.0,2384.0598415252553
2025-03-18,Viajes MBTB,Suavizado exponencial,3085.0,2569.9707243868816
2025-03-19,Viajes MBTB,Suavizado exponencial,3156.0,2502.226051123154
2025-03-20,Viajes MBTB,Suavizado exponencial,3295.0,2616.454820915562
2025-03-21,Viajes MBTB,Suavizado exponencial,3229.0,2612.6719386908917
2025-03-22,Viajes MBTB,Suavizado exponencial,2968.0,2044.4990863818562
2025-03-23,Viajes MBTB,Suavizado exponencial,2195.0,2013.0881459463176
2025-03-24,Viajes MBTB,Suavizado exponencial,1624.0,2384.0598415252557
2025-03-25,Viajes MBTB,Suavizado exponencial,3232.0,2569.9707243868816
2025-03-26,Viajes MBTB,Suavizado exponencial,3288.0,2502.226051123154
2025-03-27,Viajes MBTB,Suavizado exponencial,2610.0,2616.454820915562
2025-03-28,Viajes MBTB,Suavizado exponencial,2544.0,2612.6719386908917
2025-03-29,Viajes MBTB,Suavizado exponencial,2707.0,2044.4990863818562
2025-03-30,Viajes MBTB,Suavizado exponencial,2506.0,2013.0881459463176
2025-03-31,Viajes MBTB,Suavizado exponencial,2516.0,2384.0598415252557
2025-04-01,Viajes MBTB,Suavizado exponencial,2920.0,2569.9707243868816
2025-04-02,Viajes MBTB,Suavizado exponencial,2708.0,2502.226051123154
2025-04-03,Viajes MBTB,Suavizado exponencial,3325.0,2616.4548209155623
2025-04-04,Viajes MBTB,Suavizado exponencial,2987.0,2612.6719386908926
2025-04-05,Viajes MBTB,Suavizado exponencial,2547.0,2044.4990863818566
2025-04-06,Viajes MBTB,Suavizado exponencial,1990.0,2013.088145946318
2025-04-07,Viajes MBTB,Suavizado exponencial,783.0,2384.059841525256
2025-04-08,Viajes MBTB,Suavizado exponencial,2073.0,2569.970724386882
2025-04-09,Viajes MBTB,Suavizado exponencial,2541.0,2502.2260511231543
2025-04-10,Viajes MBTB,Suavizado exponencial,2728.0,2616.4548209155623
2025-04-11,Viajes MBTB,Suavizado exponencial,3260.0,2612.6719386908926
2025-04-12,Viajes MBTB,Suavizado exponencial,2591.0,2044.4990863818566
2025-04-13,Viajes MBTB,Suavizado exponencial,3534.0,2013.088145946318
2025-04-14,Viajes MBTB,Suavizado exponencial,3090.0,2384.059841525256
2025-04-15,Viajes MBTB,Suavizado exponencial,3093.0,2569.970724386882
2025-04-16,Viajes MBTB,Suavizado exponencial,3309.0,2502.2260511231543
2025-04-17,Viajes MBTB,Suavizado exponencial,2817.0,2616.4548209155623
2025-04-18,Viajes MBTB,Suavizado exponencial,2116.0,2612.6719386908926
2025-04-19,Viajes MBTB,Suavizado exponencial,3873.0,2044.4990863818566
2025-04-20,Viajes MBTB,Suavizado exponencial,1141.0,2013.088145946318
2025-04-21,Viajes MBTB,Suavizado exponencial,2996.0,2384.059841525256
2025-04-22,Viajes MBTB,Suavizado exponencial,3235.0,2569.970724386882
2025-04-23,Viajes MBTB,Suavizado exponencial,2568.0,2502.2260511231543
2025-04-24,Viajes MBTB,Suavizado exponencial,2818.0,2616.4548209155623
2025-04-25,Viajes MBTB,Suavizado exponencial,3127.0,2612.6719386908926
2025-04-26,Viajes MBTB,Suavizado exponencial,2509.0,2044.4990863818566
2025-04-27,Viajes MBTB,Suavizado exponencial,2781.0,2013.088145946318
2025-04-28,Viajes MBTB,Suavizado exponencial,3127.0,2384.059841525256
2025-04-29,Viajes MBTB,Suavizado exponencial,3355.0,2569.970724386882
2025-04-30,Viajes MBTB,Suavizado exponencial,3355.0,2502.2260511231543
2025-05-01,Viajes MBTB,Suavizado exponencial,2074.0,2616.4548209155623
2025-05-02,Viajes MBTB,Suavizado exponencial,2969.0,2612.6719386908926
2025-05-03,Viajes MBTB,Suavizado exponencial,2898.0,2044.4990863818566
2025-05-04,Viajes MBTB,Suavizado exponencial,2781.0,2013.088145946318
2025-05-05,Viajes MBTB,Suavizado exponencial,2595.0,2384.059841525256
2025-05-06,Viajes MBTB,Suavizado exponencial,4067.0,2569.970724386882
2025-05-07,Viajes MBTB,Suavizado exponencial,3032.0,2502.2260511231543
2025-05-08,Viajes MBTB,Suavizado exponencial,3092.0,2616.4548209155623
2025-05-09,Viajes MBTB,Suavizado exponencial,3205.0,2612.6719386908926
2025-05-10,Viajes MBTB,Suavizado exponencial,2883.0,2044.4990863818566
2025-05-11,Viajes MBTB,Suavizado exponencial,2970.0,2013.088145946318
2025-05-12,Viajes MBTB,Suavizado exponencial,3200.0,2384.059841525256
2025-05-13,Viajes MBTB,Suavizado exponencial,3290.0,2569.970724386882
2025-05-14,Viajes MBTB,Suavizado exponencial,3222.0,2502.2260511231543
2025-05-15,Viajes MBTB,Suavizado exponencial,3353.0,2616.4548209155623
2025-05-16,Viajes MBTB,Suavizado exponencial,2875.0,2612.6719386908926
2025-05-17,Viajes MBTB,Suavizado exponencial,1420.0,2044.4990863818566
2025-05-18,Viajes MBTB,Suavizado exponencial,2108.0,2013.088145946318
2025-05-19,Viajes MBTB,Suavizado exponencial,1888.0,2384.059841525256
2025-05-20,Viajes MBTB,Suavizado exponencial,2824.0,2569.970724386882
2025-05-21,Viajes MBTB,Suavizado exponencial,2885.0,2502.2260511231543
2025-05-22,Viajes MBTB,Suavizado exponencial,2980.0,2616.4548209155623
2025-05-23,Viajes MBTB,Suavizado exponencial,2771.0,2612.6719386908926
2025-05-24,Viajes MBTB,Suavizado exponencial,1914.0,2044.4990863818566
2025-05-25,Viajes MBTB,Suavizado exponencial,2257.0,2013.088145946318
2025-05-26,Viajes MBTB,Suavizado exponencial,2072.0,2384.059841525256
2025-05-27,Viajes MBTB,Suavizado exponencial,1999.0,2569.970724386882
2025-05-28,Viajes MBTB,Suavizado exponencial,2448.0,2502.2260511231543
2025-05-29,Viajes MBTB,Suavizado exponencial,2438.0,2616.4548209155623
2025-05-30,Viajes MBTB,Suavizado exponencial,2590.0,2612.6719386908926
2025-05-31,Viajes MBTB,Suavizado exponencial,2082.0,2044.4990863818566
2025-06-01,Viajes MBTB,Suavizado exponencial,2099.0,2013.088145946318
2025-06-02,Viajes MBTB,Suavizado exponencial,2618.0,2384.059841525256
2025-06-03,Viajes MBTB,Suavizado exponencial,2801.0,2569.970724386882
2025-06-04,Viajes MBTB,Suavizado exponencial,2651.0,2502.2260511231543
2025-06-05,Viajes MBTB,Suavizado exponencial,2795.0,2616.4548209155623
2025-06-06,Viajes MBTB,Suavizado exponencial,2652.0,2612.6719386908926
2025-06-07,Viajes MBTB,Suavizado exponencial,1760.0,2044.4990863818566
2025-06-08,Viajes MBTB,Suavizado exponencial,2186.0,2013.0881459463185
2025-06-09,Viajes MBTB,Suavizado exponencial,2553.0,2384.0598415252566
2025-06-10,Viajes MBTB,Suavizado exponencial,2700.0,2569.9707243868825
2025-06-11,Viajes MBTB,Suavizado exponencial,2584.0,2502.226051123155
2025-06-12,Viajes MBTB,Suavizado exponencial,2503.0,2616.454820915563
2025-06-13,Viajes MBTB,Suavizado exponencial,2335.0,2612.6719386908926
2025-06-14,Viajes MBTB,Suavizado exponencial,1452.0,2044.499086381857
2025-06-15,Viajes MBTB,Suavizado exponencial,1723.0,2013.0881459463185
2025-06-16,Viajes MBTB,Suavizado exponencial,997.0,2384.0598415252566
2025-06-17,Viajes MBTB,Suavizado exponencial,2342.0,2569.9707243868825
2025-06-18,Viajes MBTB,Suavizado exponencial,2557.0,2502.226051123155
2025-06-19,Viajes MBTB,Suavizado exponencial,2616.0,2616.454820915563
2025-06-20,Viajes MBTB,Suavizado exponencial,2037.0,2612.6719386908926
2025-06-21,Viajes MBTB,Suavizado exponencial,1965.0,2044.499086381857
2025-06-22,Viajes MBTB,Suavizado exponencial,1666.0,2013.0881459463185
2025-06-23,Viajes MBTB,Suavizado exponencial,1716.0,2384.0598415252566
2025-06-24,Viajes MBTB,Suavizado exponencial,2114.0,2569.9707243868825
2025-06-25,Viajes MBTB,Suavizado exponencial,2276.0,2502.226051123155
2025-06-26,Viajes MBTB,Suavizado exponencial,2407.0,2616.454820915563
2025-06-27,Viajes MBTB,Suavizado exponencial,2371.0,2612.6719386908926
2025-06-28,Viajes MBTB,Suavizado exponencial,1721.0,2044.499086381857
2025-06-29,Viajes MBTB,Suavizado exponencial,1836.0,2013.0881459463185
2025-06-30,Viajes MBTB,Suavizado exponencial,1815.0,2384.0598415252566
2025-07-01,Viajes MBTB,Suavizado exponencial,2033.0,2569.9707243868825
2025-07-02,Viajes MBTB,Suavizado exponencial,2104.0,2502.226051123155
2025-07-03,Viajes MBTB,Suavizado exponencial,2129.0,2616.454820915563
2025-07-04,Viajes MBTB,Suavizado exponencial,2368.0,2612.6719386908926
2025-07-05,Viajes MBTB,Suavizado exponencial,1945.0,2044.499086381857
2025-07-06,Viajes MBTB,Suavizado exponencial,2166.0,2013.0881459463185
2025-07-07,Viajes MBTB,Suavizado exponencial,2507.0,2384.0598415252566
2025-07-08,Viajes MBTB,Suavizado exponencial,2608.0,2569.9707243868825
2025-07-09,Viajes MBTB,Suavizado exponencial,2345.0,2502.226051123155
2025-07-10,Viajes MBTB,Suavizado exponencial,2532.0,2616.454820915563
2025-07-11,Viajes MBTB,Suavizado exponencial,2597.0,2612.6719386908926
2025-07-12,Viajes MBTB,Suavizado exponencial,2198.0,2044.499086381857
2025-07-13,Viajes MBTB,Suavizado exponencial,2708.0,2013.0881459463185
2025-07-14,Viajes MBTB,Suavizado exponencial,2591.0,2384.0598415252566
2025-07-15,Viajes MBTB,Suavizado exponencial,2786.0,2569.9707243868825
2025-07-16,Viajes MBTB,Suavizado exponencial,932.0,2502.226051123155
2025-07-17,Viajes MBTB,Suavizado exponencial,2435.0,2616.454820915563
2025-07-18,Viajes MBTB,Suavizado exponencial,2662.0,2612.6719386908926
2025-07-19,Viajes MBTB,Suavizado exponencial,2320.0,2044.499086381857
2025-07-20,Viajes MBTB,Suavizado exponencial,2567.0,2013.0881459463185
2025-07-21,Viajes MBTB,Suavizado exponencial,2660.0,2384.0598415252566
2025-07-22,Viajes MBTB,Suavizado exponencial,2523.0,2569.9707243868825
2025-07-23,Viajes MBTB,Suavizado exponencial,1804.0,2502.226051123155
2025-07-24,Viajes MBTB,Suavizado exponencial,2432.0,2616.454820915563
2025-07-25,Viajes MBTB,Suavizado exponencial,2361.0,2612.6719386908926
2025-07-26,Viajes MBTB,Suavizado exponencial,1175.0,2044.499086381857
2025-07-27,Viajes MBTB,Suavizado exponencial,518.0,2013.0881459463185
2025-07-28,Viajes MBTB,Suavizado exponencial,2366.0,2384.0598415252566
2025-07-29,Viajes MBTB,Suavizado exponencial,2498.0,2569.9707243868825
2025-07-30,Viajes MBTB,Suavizado exponencial,2655.0,2502.226051123155
2025-07-31,Viajes MBTB,Suavizado exponencial,2664.0,2616.454820915563
2025-08-01,Viajes MBTB,Suavizado exponencial,2325.0,2612.6719386908926
2025-08-02,Viajes MBTB,Suavizado exponencial,2525.0,2044.499086381857
2025-08-03,Viajes MBTB,Suavizado exponencial,2632.0,2013.0881459463185
2025-08-04,Viajes MBTB,Suavizado exponencial,2616.0,2384.0598415252566
2025-08-05,Viajes MBTB,Suavizado exponencial,2738.0,2569.9707243868825
2025-08-06,Viajes MBTB,Suavizado exponencial,2852.0,2502.226051123155
2025-08-07,Viajes MBTB,Suavizado exponencial,2842.0,2616.454820915563
2025-08-08,Viajes MBTB,Suavizado exponencial,2687.0,2612.6719386908926
2025-08-09,Viajes MBTB,Suavizado exponencial,2460.0,2044.499086381857
2025-08-10,Viajes MBTB,Suavizado exponencial,2733.0,2013.0881459463185
2025-08-11,Viajes MBTB,Suavizado exponencial,2611.0,2384.0598415252566
2025-08-12,Viajes MBTB,Suavizado exponencial,2823.0,2569.9707243868825
2025-08-13,Viajes MBTB,Suavizado exponencial,2690.0,2502.226051123155
2025-08-14,Viajes MBTB,Suavizado exponencial,2664.0,2616.454820915563
2025-08-15,Viajes MBTB,Suavizado exponencial,2307.0,2612.6719386908926
2025-08-16,Viajes MBTB,Suavizado exponencial,1856.0,2044.499086381857
2025-08-17,Viajes MBTB,Suavizado exponencial,2292.0,2013.0881459463185
2025-08-18,Viajes MBTB,Suavizado exponencial,1997.0,2384.0598415252566
2025-08-19,Viajes MBTB,Suavizado exponencial,298.0,2569.9707243868825
2025-08-20,Viajes MBTB,Suavizado exponencial,2465.0,2502.226051123155
2025-08-21,Viajes MBTB,Suavizado exponencial,2722.0,2616.454820915563
2025-08-22,Viajes MBTB,Suavizado exponencial,2456.0,2612.6719386908926
2025-08-23,Viajes MBTB,Suavizado exponencial,2047.0,2044.499086381857
2025-08-24,Viajes MBTB,Suavizado exponencial,2775.0,2013.0881459463185
2025-08-25,Viajes MBTB,Suavizado exponencial,2811.0,2384.0598415252566
2025-08-26,Viajes MBTB,Suavizado exponencial,2956.0,2569.9707243868825
2025-08-27,Viajes MBTB,Suavizado exponencial,3014.0,2502.226051123155
2025-08-28,Viajes MBTB,Suavizado exponencial,2746.0,2616.454820915563
2025-08-29,Viajes MBTB,Suavizado exponencial,2645.0,2612.6719386908926
2025-08-30,Viajes MBTB,Suavizado exponencial,1194.0,2044.499086381857
2025-08-31,Viajes MBTB,Suavizado exponencial,346.0,2013.0881459463185
2025-09-01,Viajes MBTB,Suavizado exponencial,2120.0,2384.0598415252566
2025-09-02,Viajes MBTB,Suavizado exponencial,2375.0,2569.9707243868825
2025-09-03,Viajes MBTB,Suavizado exponencial,2631.0,2502.226051123155
2025-09-04,Viajes MBTB,Suavizado exponencial,2393.0,2616.454820915563
2025-09-05,Viajes MBTB,Suavizado exponencial,2533.0,2612.6719386908926
2025-09-06,Viajes MBTB,Suavizado exponencial,2210.0,2044.499086381857
2025-09-07,Viajes MBTB,Suavizado exponencial,2088.0,2013.0881459463185
2025-09-08,Viajes MBTB,Suavizado exponencial,2605.0,2384.0598415252566
2025-09-09,Viajes MBTB,Suavizado exponencial,2864.0,2569.9707243868825
2025-09-10,Viajes MBTB,Suavizado exponencial,3006.0,2502.226051123155
2025-09-11,Viajes MBTB,Suavizado exponencial,3067.0,2616.454820915563
2025-09-12,Viajes MBTB,Suavizado exponencial,2856.0,2612.6719386908926
2025-09-13,Viajes MBTB,Suavizado exponencial,2419.0,2044.499086381857
2025-09-14,Viajes MBTB,Suavizado exponencial,2918.0,2013.0881459463185
2025-09-15,Viajes MBTB,Suavizado exponencial,2323.0,2384.0598415252566
2025-09-16,Viajes MBTB,Suavizado exponencial,2948.0,2569.9707243868825
2025-09-17,Viajes MBTB,Suavizado exponencial,2903.0,2502.226051123155
2025-09-18,Viajes MBTB,Suavizado exponencial,2942.0,2616.454820915563
2025-09-19,Viajes MBTB,Suavizado exponencial,2416.0,2612.6719386908926
2025-09-20,Viajes MBTB,Suavizado exponencial,1679.0,2044.499086381857
2025-09-21,Viajes MBTB,Suavizado exponencial,2104.0,2013.0881459463185
2025-09-22,Viajes MBTB,Suavizado exponencial,3811.0,2384.0598415252566
2025-09-23,Viajes MBTB,Suavizado exponencial,2765.0,2569.9707243868825
2025-09-24,Viajes MBTB,Suavizado exponencial,3011.0,2502.226051123155
2025-09-25,Viajes MBTB,Suavizado exponencial,2811.0,2616.454820915563
2025-09-26,Viajes MBTB,Suavizado exponencial,2751.0,2612.6719386908926
2025-09-27,Viajes MBTB,Suavizado exponencial,1415.0,2044.499086381857
2025-09-28,Viajes MBTB,Suavizado exponencial,2859.0,2013.0881459463185
2025-09-29,Viajes MBTB,Suavizado exponencial,2771.0,2384.0598415252566
2025-09-30,Viajes MBTB,Suavizado exponencial,2789.0,2569.9707243868825
2025-10-01,Viajes MBTB,Suavizado exponencial,3140.0,2502.226051123155
2025-10-02,Viajes MBTB,Suavizado exponencial,3091.0,2616.454820915563
2025-10-03,Viajes MBTB,Suavizado exponencial,2982.0,2612.6719386908926
2025-10-04,Viajes MBTB,Suavizado exponencial,2557.0,2044.499086381857
2025-10-05,Viajes MBTB,Suavizado exponencial,1596.0,2013.0881459463185
2025-10-06,Viajes MBTB,Suavizado exponencial,2751.0,2384.0598415252566
2025-10-07,Viajes MBTB,Suavizado exponencial,2971.0,2569.9707243868825
2025-10-08,Viajes MBTB,Suavizado exponencial,3162.0,2502.226051123155
2025-10-09,Viajes MBTB,Suavizado exponencial,3675.0,2616.454820915563
2025-10-10,Viajes MBTB,Suavizado exponencial,2642.0,2612.6719386908926
2025-10-11,Viajes MBTB,Suavizado exponencial,2228.0,2044.499086381857
2025-10-12,Viajes MBTB,Suavizado exponencial,2057.0,2013.0881459463185
2025-10-13,Viajes MBTB,Suavizado exponencial,3074.0,2384.0598415252566
2025-10-14,Viajes MBTB,Suavizado exponencial,3303.0,2569.9707243868825
2025-10-15,Viajes MBTB,Suavizado exponencial,3327.0,2502.226051123155
2025-10-16,Viajes MBTB,Suavizado exponencial,3249.0,2616.454820915563
2025-10-17,Viajes MBTB,Suavizado exponencial,2423.0,2612.6719386908926
2025-10-18,Viajes MBTB,Suavizado exponencial,2709.0,2044.499086381857
2025-10-19,Viajes MBTB,Suavizado exponencial,2415.0,2013.0881459463185
2025-10-20,Viajes MBTB,Suavizado exponencial,2830.0,2384.0598415252566
2025-10-21,Viajes MBTB,Suavizado exponencial,3171.0,2569.9707243868825
2025-10-22,Viajes MBTB,Suavizado exponencial,3183.0,2502.226051123155
2025-10-23,Viajes MBTB,Suavizado exponencial,3087.0,2616.454820915563
2025-10-24,Viajes MBTB,Suavizado exponencial,1061.0,2612.6719386908926
2025-10-25,Viajes MBTB,Suavizado exponencial,2127.0,2044.499086381857
2025-10-26,Viajes MBTB,Suavizado exponencial,4284.0,2013.0881459463185
2025-10-27,Viajes MBTB,Suavizado exponencial,2410.0,2384.0598415252566
2025-10-28,Viajes MBTB,Suavizado exponencial,2330.0,2569.9707243868825
2025-10-29,Viajes MBTB,Suavizado exponencial,2873.0,2502.226051123155
2025-10-30,Viajes MBTB,Suavizado exponencial,2887.0,2616.454820915563
2025-10-31,Viajes MBTB,Suavizado exponencial,2995.0,2612.6719386908926
2025-11-01,Viajes MBTB,Suavizado exponencial,2614.0,2044.499086381857
2025-11-02,Viajes MBTB,Suavizado exponencial,2995.0,2013.0881459463185
2025-11-03,Viajes MBTB,Suavizado exponencial,2993.0,2384.0598415252566
2025-11-04,Viajes MBTB,Suavizado exponencial,2298.0,2569.9707243868825
2025-11-05,Viajes MBTB,Suavizado exponencial,3011.0,2502.226051123155
2025-11-06,Viajes MBTB,Suavizado exponencial,2655.0,2616.454820915563
2025-11-07,Viajes MBTB,Suavizado exponencial,939.0,2612.6719386908926
2025-11-08,Viajes MBTB,Suavizado exponencial,2340.0,2044.499086381857
2025-11-09,Viajes MBTB,Suavizado exponencial,2984.0,2013.0881459463185
2025-11-10,Viajes MBTB,Suavizado exponencial,3122.0,2384.0598415252566
2025-11-11,Viajes MBTB,Suavizado exponencial,2885.0,2569.9707243868825
2025-11-12,Viajes MBTB,Suavizado exponencial,2724.0,2502.226051123155
2025-11-13,Viajes MBTB,Suavizado exponencial,3207.0,2616.454820915563
2025-11-14,Viajes MBTB,Suavizado exponencial,2962.0,2612.6719386908926
2025-11-15,Viajes MBTB,Suavizado exponencial,2488.0,2044.499086381857
2025-11-16,Viajes MBTB,Suavizado exponencial,2151.0,2013.0881459463185
2025-11-17,Viajes MBTB,Suavizado exponencial,2951.0,2384.0598415252566
2025-11-18,Viajes MBTB,Suavizado exponencial,2979.0,2569.9707243868825
2025-11-19,Viajes MBTB,Suavizado exponencial,3118.0,2502.226051123155
2025-11-20,Viajes MBTB,Suavizado exponencial,2322.0,2616.454820915563
2025-11-21,Viajes MBTB,Suavizado exponencial,2519.0,2612.6719386908926
2025-11-22,Viajes MBTB,Suavizado exponencial,2470.0,2044.499086381857
2025-11-23,Viajes MBTB,Suavizado exponencial,3121.0,2013.0881459463185
2025-11-24,Viajes MBTB,Suavizado exponencial,2712.0,2384.0598415252566
2025-11-25,Viajes MBTB,Suavizado exponencial,3054.0,2569.9707243868825
2025-11-26,Viajes MBTB,Suavizado exponencial,3019.0,2502.226051123155
2025-11-27,Viajes MBTB,Suavizado exponencial,3101.0,2616.454820915563
2025-11-28,Viajes MBTB,Suavizado exponencial,2609.0,2612.6719386908926
2025-11-29,Viajes MBTB,Suavizado exponencial,2100.0,2044.499086381857
2025-11-30,Viajes MBTB,Suavizado exponencial,2562.0,2013.0881459463185
2025-12-01,Viajes MBTB,Suavizado exponencial,2593.0,2384.0598415252566
2025-12-02,Viajes MBTB,Suavizado exponencial,3025.0,2569.9707243868825
2025-12-03,Viajes MBTB,Suavizado exponencial,2944.0,2502.226051123155
2025-12-04,Viajes MBTB,Suavizado exponencial,2981.0,2616.454820915563
2025-12-05,Viajes MBTB,Suavizado exponencial,2708.0,2612.6719386908926
2025-12-06,Viajes MBTB,Suavizado exponencial,2273.0,2044.499086381857
2025-12-07,Viajes MBTB,Suavizado exponencial,2569.0,2013.0881459463185
2025-12-08,Viajes MBTB,Suavizado exponencial,2175.0,2384.0598415252566
2025-12-09,Viajes MBTB,Suavizado exponencial,3036.0,2569.9707243868825
2025-12-10,Viajes MBTB,Suavizado exponencial,2564.0,2502.226051123155
2025-12-11,Viajes MBTB,Suavizado exponencial,2114.0,2616.454820915563
2025-12-12,Viajes MBTB,Suavizado exponencial,2851.0,2612.6719386908926
2025-12-13,Viajes MBTB,Suavizado exponencial,2242.0,2044.499086381857
2025-12-14,Viajes MBTB,Suavizado exponencial,1924.0,2013.0881459463185
2025-12-15,Viajes MBTB,Suavizado exponencial,2665.0,2384.0598415252566
2025-12-16,Viajes MBTB,Suavizado exponencial,3058.0,2569.9707243868825
2025-12-17,Viajes MBTB,Suavizado exponencial,3049.0,2502.226051123155
2025-12-18,Viajes MBTB,Suavizado exponencial,2975.0,2616.454820915563
2025-12-19,Viajes MBTB,Suavizado exponencial,2866.0,2612.6719386908926
2025-12-20,Viajes MBTB,Suavizado exponencial,1722.0,2044.499086381857
2025-12-21,Viajes MBTB,Suavizado exponencial,2454.0,2013.0881459463185
2025-12-22,Viajes MBTB,Suavizado exponencial,2791.0,2384.0598415252566
2025-12-23,Viajes MBTB,Suavizado exponencial,2788.0,2569.9707243868825
2025-12-24,Viajes MBTB,Suavizado exponencial,1746.0,2502.226051123155
2025-12-25,Viajes MBTB,Suavizado exponencial,1397.0,2616.454820915563
2025-12-26,Viajes MBTB,Suavizado exponencial,2585.0,2612.6719386908926
2025-12-27,Viajes MBTB,Suavizado exponencial,2145.0,2044.499086381857
2025-12-28,Viajes MBTB,Suavizado exponencial,2365.0,2013.0881459463185
2025-12-29,Viajes MBTB,Suavizado exponencial,2548.0,2384.0598415252566
2025-12-30,Viajes MBTB,Suavizado exponencial,2624.0,2569.9707243868825
2025-12-31,Viajes MBTB,Suavizado exponencial,1605.0,2502.226051123155
2025-01-01,Temperatura,SARIMA punto 5,28.37,28.436347427383836
2025-01-02,Temperatura,SARIMA punto 5,28.47,27.889294310485642
2025-01-03,Temperatura,SARIMA punto 5,26.33,28.351300160654308
2025-01-04,Temperatura,SARIMA punto 5,26.69,28.931329481140025
2025-01-05,Temperatura,SARIMA punto 5,26.23,25.413315304899598
2025-01-06,Temperatura,SARIMA punto 5,27.25,25.47498564078217
2025-01-07,Temperatura,SARIMA punto 5,28.9,28.586967110078398
2025-01-08,Temperatura,SARIMA punto 5,29.56,28.002100301788968
2025-01-09,Temperatura,SARIMA punto 5,29.36,26.7849168392008
2025-01-10,Temperatura,SARIMA punto 5,29.94,27.251239961979973
2025-01-11,Temperatura,SARIMA punto 5,28.98,26.37787944973709
2025-01-12,Temperatura,SARIMA punto 5,28.5,27.992398603854255
2025-01-13,Temperatura,SARIMA punto 5,28.97,24.112936267599405
2025-01-14,Temperatura,SARIMA punto 5,29.65,25.59807088462749
2025-01-15,Temperatura,SARIMA punto 5,31.4,21.1767166665106
2025-01-16,Temperatura,SARIMA punto 5,33.13,23.2380442852279
2025-01-17,Temperatura,SARIMA punto 5,31.51,25.431420297883435
2025-01-18,Temperatura,SARIMA punto 5,28.08,26.296360879148335
2025-01-19,Temperatura,SARIMA punto 5,24.07,24.08249648197999
2025-01-20,Temperatura,SARIMA punto 5,24.51,23.26954484538761
2025-01-21,Temperatura,SARIMA punto 5,26.63,24.34729037769344
2025-01-22,Temperatura,SARIMA punto 5,29.58,23.875568409414154
2025-01-23,Temperatura,SARIMA punto 5,29.65,24.824253165570767
2025-01-24,Temperatura,SARIMA punto 5,28.97,25.51324857890772
2025-01-25,Temperatura,SARIMA punto 5,27.99,25.602481273005736
2025-01-26,Temperatura,SARIMA punto 5,27.98,25.611895202765236
2025-01-27,Temperatura,SARIMA punto 5,28.67,27.111447560793614
2025-01-28,Temperatura,SARIMA punto 5,25.76,29.40110565069324
2025-01-29,Temperatura,SARIMA punto 5,26.56,31.12084449887069
2025-01-30,Temperatura,SARIMA punto 5,27.94,31.650645030430454
2025-01-31,Temperatura,SARIMA punto 5,27.69,32.07049267591782
2025-02-01,Temperatura,SARIMA punto 5,28.66,32.43037630714543
2025-02-02,Temperatura,SARIMA punto 5,29.7,32.670287424374884
2025-02-03,Temperatura,SARIMA punto 5,31.79,29.030219535483933
2025-02-04,Temperatura,SARIMA punto 5,29.5,32.030167681772724
2025-02-05,Temperatura,SARIMA punto 5,25.15,34.32012807577345
2025-02-06,Temperatura,SARIMA punto 5,23.97,35.30009782460835
2025-02-07,Temperatura,SARIMA punto 5,26.63,35.500074718689895
2025-02-08,Temperatura,SARIMA punto 5,29.6,28.250057070329373
2025-02-09,Temperatura,SARIMA punto 5,27.01,27.660043590465776
2025-02-10,Temperatura,SARIMA punto 5,31.54,29.230033294510957
2025-02-11,Temperatura,SARIMA punto 5,26.72,24.44002543043393
2025-02-12,Temperatura,SARIMA punto 5,21.3,17.820019423831475
2025-02-13,Temperatura,SARIMA punto 5,24.25,19.21001483597292
2025-02-14,Temperatura,SARIMA punto 5,26.62,22.100011331754644
2025-02-15,Temperatura,SARIMA punto 5,24.12,24.290008655223623
2025-02-16,Temperatura,SARIMA punto 5,23.25,25.40000661088228
2025-02-17,Temperatura,SARIMA punto 5,23.73,25.96000504940905
2025-02-18,Temperatura,SARIMA punto 5,19.3,26.150003856751745
2025-02-19,Temperatura,SARIMA punto 5,23.28,26.730002945797
2025-02-20,Temperatura,SARIMA punto 5,26.77,28.200002250007397
2025-02-21,Temperatura,SARIMA punto 5,29.73,28.660001718561492
2025-02-22,Temperatura,SARIMA punto 5,31.45,21.74000131264173
2025-02-23,Temperatura,SARIMA punto 5,31.86,23.800001002599164
2025-02-24,Temperatura,SARIMA punto 5,31.76,21.770000765787845
2025-02-25,Temperatura,SARIMA punto 5,27.12,23.700000584910743
2025-02-26,Temperatura,SARIMA punto 5,25.89,25.050000446756346
2025-02-27,Temperatura,SARIMA punto 5,25.41,26.700000341233658
2025-02-28,Temperatura,SARIMA punto 5,27.12,26.870000260635155
2025-03-01,Temperatura,SARIMA punto 5,26.99,26.310000199073805
2025-03-02,Temperatura,SARIMA punto 5,25.36,26.63000015205309
2025-03-03,Temperatura,SARIMA punto 5,27.01,19.650000116138543
2025-03-04,Temperatura,SARIMA punto 5,27.96,20.180000088706922
2025-03-05,Temperatura,SARIMA punto 5,29.38,20.330000067754575
2025-03-06,Temperatura,SARIMA punto 5,27.79,21.360000051751122
2025-03-07,Temperatura,SARIMA punto 5,28.78,23.530000039527643
2025-03-08,Temperatura,SARIMA punto 5,19.16,25.860000030191316
2025-03-09,Temperatura,SARIMA punto 5,17.28,26.540000023060205
2025-03-10,Temperatura,SARIMA punto 5,18.59,25.150000017613444
2025-03-11,Temperatura,SARIMA punto 5,20.43,27.230000013453196
2025-03-12,Temperatura,SARIMA punto 5,16.46,29.000000010275585
2025-03-13,Temperatura,SARIMA punto 5,16.14,23.03000000784852
2025-03-14,Temperatura,SARIMA punto 5,16.91,23.44000000599472
2025-03-15,Temperatura,SARIMA punto 5,19.55,23.180000004578783
2025-03-16,Temperatura,SARIMA punto 5,20.73,24.030000003497285
2025-03-17,Temperatura,SARIMA punto 5,21.06,23.310000002671234
2025-03-18,Temperatura,SARIMA punto 5,23.53,24.880000002040294
2025-03-19,Temperatura,SARIMA punto 5,24.12,26.460000001558384
2025-03-20,Temperatura,SARIMA punto 5,23.98,27.570000001190298
2025-03-21,Temperatura,SARIMA punto 5,24.34,16.860000000909153
2025-03-22,Temperatura,SARIMA punto 5,23.9,16.400000000694412
2025-03-23,Temperatura,SARIMA punto 5,22.01,18.210000000530396
2025-03-24,Temperatura,SARIMA punto 5,20.46,22.100000000405117
2025-03-25,Temperatura,SARIMA punto 5,21.31,23.20000000030943
2025-03-26,Temperatura,SARIMA punto 5,22.34,21.310000000236343
2025-03-27,Temperatura,SARIMA punto 5,22.78,21.63000000018052
2025-03-28,Temperatura,SARIMA punto 5,22.48,21.65000000013788
2025-03-29,Temperatura,SARIMA punto 5,21.2,21.930000000105313
2025-03-30,Temperatura,SARIMA punto 5,23.07,24.41000000008044
2025-03-31,Temperatura,SARIMA punto 5,15.49,20.00000000006144
2025-04-01,Temperatura,SARIMA punto 5,14.95,17.60000000004693
2025-04-02,Temperatura,SARIMA punto 5,18.11,17.600000000035845
2025-04-03,Temperatura,SARIMA punto 5,17.05,19.020000000027377
2025-04-04,Temperatura,SARIMA punto 5,10.91,17.920000000020913
2025-04-05,Temperatura,SARIMA punto 5,12.38,18.910000000015973
2025-04-06,Temperatura,SARIMA punto 5,16.8,17.1300000000122
2025-04-07,Temperatura,SARIMA punto 5,16.05,17.96000000000932
2025-04-08,Temperatura,SARIMA punto 5,17.93,19.450000000007115
2025-04-09,Temperatura,SARIMA punto 5,19.0,21.610000000005435
2025-04-10,Temperatura,SARIMA punto 5,19.9,16.200000000004152
2025-04-11,Temperatura,SARIMA punto 5,19.88,15.10000000000317
2025-04-12,Temperatura,SARIMA punto 5,17.48,16.520000000002423
2025-04-13,Temperatura,SARIMA punto 5,15.28,17.93000000000185
2025-04-14,Temperatura,SARIMA punto 5,16.03,21.310000000001413
2025-04-15,Temperatura,SARIMA punto 5,15.89,20.04000000000108
2025-04-16,Temperatura,SARIMA punto 5,17.6,15.650000000000825
2025-04-17,Temperatura,SARIMA punto 5,19.32,16.970000000000628
2025-04-18,Temperatura,SARIMA punto 5,17.15,17.86000000000048
2025-04-19,Temperatura,SARIMA punto 5,13.88,18.240000000000364
2025-04-20,Temperatura,SARIMA punto 5,13.1,20.420000000000282
2025-04-21,Temperatura,SARIMA punto 5,16.21,21.630000000000212
2025-04-22,Temperatura,SARIMA punto 5,18.43,21.590000000000163
2025-04-23,Temperatura,SARIMA punto 5,19.54,17.670000000000126
2025-04-24,Temperatura,SARIMA punto 5,19.43,13.550000000000097
2025-04-25,Temperatura,SARIMA punto 5,21.01,15.750000000000073
2025-04-26,Temperatura,SARIMA punto 5,16.64,19.140000000000057
2025-04-27,Temperatura,SARIMA punto 5,13.82,14.380000000000043
2025-04-28,Temperatura,SARIMA punto 5,14.68,13.340000000000032
2025-04-29,Temperatura,SARIMA punto 5,15.52,16.750000000000025
2025-04-30,Temperatura,SARIMA punto 5,16.44,20.55000000000002
2025-05-01,Temperatura,SARIMA punto 5,16.55,14.260000000000014
2025-05-02,Temperatura,SARIMA punto 5,18.4,10.77000000000001
2025-05-03,Temperatura,SARIMA punto 5,19.53,9.90000000000001
2025-05-04,Temperatura,SARIMA punto 5,21.79,13.240000000000007
2025-05-05,Temperatura,SARIMA punto 5,21.09,17.450000000000003
2025-05-06,Temperatura,SARIMA punto 5,22.05,17.830000000000002
2025-05-07,Temperatura,SARIMA punto 5,20.37,17.880000000000003
2025-05-08,Temperatura,SARIMA punto 5,17.7,13.040000000000001
2025-05-09,Temperatura,SARIMA punto 5,15.93,9.460000000000003
2025-05-10,Temperatura,SARIMA punto 5,16.74,11.200000000000001
2025-05-11,Temperatura,SARIMA punto 5,16.27,11.960000000000003
2025-05-12,Temperatura,SARIMA punto 5,14.93,11.38
2025-05-13,Temperatura,SARIMA punto 5,17.32,8.41
2025-05-14,Temperatura,SARIMA punto 5,20.8,8.33
2025-05-15,Temperatura,SARIMA punto 5,22.2,8.75
2025-05-16,Temperatura,SARIMA punto 5,21.34,10.44
2025-05-17,Temperatura,SARIMA punto 5,22.67,9.01
2025-05-18,Temperatura,SARIMA punto 5,12.79,9.72
2025-05-19,Temperatura,SARIMA punto 5,10.09,9.25
2025-05-20,Temperatura,SARIMA punto 5,10.7,10.23
2025-05-21,Temperatura,SARIMA punto 5,11.04,11.14
2025-05-22,Temperatura,SARIMA punto 5,11.13,11.3
2025-05-23,Temperatura,SARIMA punto 5,12.72,11.3
2025-05-24,Temperatura,SARIMA punto 5,13.32,8.18
2025-05-25,Temperatura,SARIMA punto 5,14.52,5.1
2025-05-26,Temperatura,SARIMA punto 5,18.76,7.16
2025-05-27,Temperatura,SARIMA punto 5,12.89,7.29
2025-05-28,Temperatura,SARIMA punto 5,6.92,8.61
2025-05-29,Temperatura,SARIMA punto 5,6.24,12.77
2025-05-30,Temperatura,SARIMA punto 5,8.31,12.69
2025-05-31,Temperatura,SARIMA punto 5,8.98,14.44
2025-06-01,Temperatura,SARIMA punto 5,9.7,14.37
2025-06-02,Temperatura,SARIMA punto 5,10.54,11.59
2025-06-03,Temperatura,SARIMA punto 5,11.23,7.69
2025-06-04,Temperatura,SARIMA punto 5,12.67,9.61
2025-06-05,Temperatura,SARIMA punto 5,11.28,11.96
2025-06-06,Temperatura,SARIMA punto 5,10.28,15.74
2025-06-07,Temperatura,SARIMA punto 5,9.8,20.56
2025-06-08,Temperatura,SARIMA punto 5,10.49,21.16
2025-06-09,Temperatura,SARIMA punto 5,8.79,19.38
2025-06-10,Temperatura,SARIMA punto 5,10.03,13.87
2025-06-11,Temperatura,SARIMA punto 5,10.03,14.45
2025-06-12,Temperatura,SARIMA punto 5,10.42,20.44
2025-06-13,Temperatura,SARIMA punto 5,13.03,22.32
2025-06-14,Temperatura,SARIMA punto 5,8.64,17.51
2025-06-15,Temperatura,SARIMA punto 5,7.2,13.75
2025-06-16,Temperatura,SARIMA punto 5,10.1,12.11
2025-06-17,Temperatura,SARIMA punto 5,9.14,12.45
2025-06-18,Temperatura,SARIMA punto 5,7.86,16.04
2025-06-19,Temperatura,SARIMA punto 5,9.06,14.15
2025-06-20,Temperatura,SARIMA punto 5,9.25,11.65
2025-06-21,Temperatura,SARIMA punto 5,9.29,17.16
2025-06-22,Temperatura,SARIMA punto 5,9.02,15.5
2025-06-23,Temperatura,SARIMA punto 5,4.04,10.58
2025-06-24,Temperatura,SARIMA punto 5,5.21,6.74
2025-06-25,Temperatura,SARIMA punto 5,6.71,7.9
2025-06-26,Temperatura,SARIMA punto 5,7.13,8.35
2025-06-27,Temperatura,SARIMA punto 5,7.01,10.96
2025-06-28,Temperatura,SARIMA punto 5,6.35,8.67
2025-06-29,Temperatura,SARIMA punto 5,4.23,5.78
2025-06-30,Temperatura,SARIMA punto 5,2.1,7.52
2025-07-01,Temperatura,SARIMA punto 5,2.4,8.19
2025-07-02,Temperatura,SARIMA punto 5,2.62,9.69
2025-07-03,Temperatura,SARIMA punto 5,5.5,7.7
2025-07-04,Temperatura,SARIMA punto 5,7.67,7.34
2025-07-05,Temperatura,SARIMA punto 5,9.52,4.67
2025-07-06,Temperatura,SARIMA punto 5,12.92,4.36
2025-07-07,Temperatura,SARIMA punto 5,14.53,5.5
2025-07-08,Temperatura,SARIMA punto 5,13.4,3.3
2025-07-09,Temperatura,SARIMA punto 5,14.18,1.8
2025-07-10,Temperatura,SARIMA punto 5,12.93,2.97
2025-07-11,Temperatura,SARIMA punto 5,12.28,5.06
2025-07-12,Temperatura,SARIMA punto 5,12.85,6.57
2025-07-13,Temperatura,SARIMA punto 5,13.35,5.36
2025-07-14,Temperatura,SARIMA punto 5,14.34,5.37
2025-07-15,Temperatura,SARIMA punto 5,18.01,9.81
2025-07-16,Temperatura,SARIMA punto 5,10.95,12.3
2025-07-17,Temperatura,SARIMA punto 5,7.52,12.04
2025-07-18,Temperatura,SARIMA punto 5,8.13,12.83
2025-07-19,Temperatura,SARIMA punto 5,10.0,12.3
2025-07-20,Temperatura,SARIMA punto 5,12.22,9.69
2025-07-21,Temperatura,SARIMA punto 5,13.41,10.74
2025-07-22,Temperatura,SARIMA punto 5,10.52,11.88
2025-07-23,Temperatura,SARIMA punto 5,8.33,14.21
2025-07-24,Temperatura,SARIMA punto 5,9.87,15.7
2025-07-25,Temperatura,SARIMA punto 5,13.54,12.68
2025-07-26,Temperatura,SARIMA punto 5,10.64,13.04
2025-07-27,Temperatura,SARIMA punto 5,7.81,12.66
2025-07-28,Temperatura,SARIMA punto 5,9.85,9.67
2025-07-29,Temperatura,SARIMA punto 5,9.9,7.08
2025-07-30,Temperatura,SARIMA punto 5,11.76,6.59
2025-07-31,Temperatura,SARIMA punto 5,14.3,12.88
2025-08-01,Temperatura,SARIMA punto 5,16.98,19.5
2025-08-02,Temperatura,SARIMA punto 5,12.73,22.53
2025-08-03,Temperatura,SARIMA punto 5,12.15,15.02
2025-08-04,Temperatura,SARIMA punto 5,10.32,11.93
2025-08-05,Temperatura,SARIMA punto 5,9.5,12.47
2025-08-06,Temperatura,SARIMA punto 5,10.82,14.77
2025-08-07,Temperatura,SARIMA punto 5,10.28,10.0
2025-08-08,Temperatura,SARIMA punto 5,7.51,6.79
2025-08-09,Temperatura,SARIMA punto 5,8.92,5.18
2025-08-10,Temperatura,SARIMA punto 5,9.68,8.14
2025-08-11,Temperatura,SARIMA punto 5,11.44,9.51
2025-08-12,Temperatura,SARIMA punto 5,13.83,7.82
2025-08-13,Temperatura,SARIMA punto 5,11.64,10.57
2025-08-14,Temperatura,SARIMA punto 5,8.59,12.13
2025-08-15,Temperatura,SARIMA punto 5,7.91,14.08
2025-08-16,Temperatura,SARIMA punto 5,8.5,12.34
2025-08-17,Temperatura,SARIMA punto 5,11.31,11.61
2025-08-18,Temperatura,SARIMA punto 5,13.99,12.87
2025-08-19,Temperatura,SARIMA punto 5,15.18,13.17
2025-08-20,Temperatura,SARIMA punto 5,13.81,10.54
2025-08-21,Temperatura,SARIMA punto 5,13.88,9.34
2025-08-22,Temperatura,SARIMA punto 5,12.7,7.53
2025-08-23,Temperatura,SARIMA punto 5,8.55,6.63
2025-08-24,Temperatura,SARIMA punto 5,9.0,7.58
2025-08-25,Temperatura,SARIMA punto 5,11.66,7.55
2025-08-26,Temperatura,SARIMA punto 5,13.88,9.39
2025-08-27,Temperatura,SARIMA punto 5,14.26,11.27
2025-08-28,Temperatura,SARIMA punto 5,14.98,11.9
2025-08-29,Temperatura,SARIMA punto 5,17.56,12.31
2025-08-30,Temperatura,SARIMA punto 5,18.05,10.86
2025-08-31,Temperatura,SARIMA punto 5,16.77,8.71
2025-09-01,Temperatura,SARIMA punto 5,10.56,9.82
2025-09-02,Temperatura,SARIMA punto 5,12.26,13.78
2025-09-03,Temperatura,SARIMA punto 5,12.28,13.94
2025-09-04,Temperatura,SARIMA punto 5,7.31,13.73
2025-09-05,Temperatura,SARIMA punto 5,7.01,12.59
2025-09-06,Temperatura,SARIMA punto 5,8.22,15.42
2025-09-07,Temperatura,SARIMA punto 5,9.48,16.31
2025-09-08,Temperatura,SARIMA punto 5,11.79,16.54
2025-09-09,Temperatura,SARIMA punto 5,13.32,15.96
2025-09-10,Temperatura,SARIMA punto 5,14.72,18.6
2025-09-11,Temperatura,SARIMA punto 5,14.36,15.62
2025-09-12,Temperatura,SARIMA punto 5,14.44,14.46
2025-09-13,Temperatura,SARIMA punto 5,15.36,14.71
2025-09-14,Temperatura,SARIMA punto 5,16.57,13.68
2025-09-15,Temperatura,SARIMA punto 5,16.86,14.67
2025-09-16,Temperatura,SARIMA punto 5,17.62,17.75
2025-09-17,Temperatura,SARIMA punto 5,18.93,18.03
2025-09-18,Temperatura,SARIMA punto 5,18.29,21.6
2025-09-19,Temperatura,SARIMA punto 5,22.74,20.16
2025-09-20,Temperatura,SARIMA punto 5,20.54,17.76
2025-09-21,Temperatura,SARIMA punto 5,13.63,20.09
2025-09-22,Temperatura,SARIMA punto 5,13.65,20.8
2025-09-23,Temperatura,SARIMA punto 5,15.6,17.45
2025-09-24,Temperatura,SARIMA punto 5,15.63,17.0
2025-09-25,Temperatura,SARIMA punto 5,14.68,18.54
2025-09-26,Temperatura,SARIMA punto 5,16.94,15.83
2025-09-27,Temperatura,SARIMA punto 5,16.31,15.82
2025-09-28,Temperatura,SARIMA punto 5,14.92,19.95
2025-09-29,Temperatura,SARIMA punto 5,17.37,23.08
2025-09-30,Temperatura,SARIMA punto 5,16.84,26.1
2025-10-01,Temperatura,SARIMA punto 5,16.45,20.15
2025-10-02,Temperatura,SARIMA punto 5,17.92,16.11
2025-10-03,Temperatura,SARIMA punto 5,20.66,16.13
2025-10-04,Temperatura,SARIMA punto 5,24.59,17.72
2025-10-05,Temperatura,SARIMA punto 5,18.38,21.13
2025-10-06,Temperatura,SARIMA punto 5,13.13,19.88
2025-10-07,Temperatura,SARIMA punto 5,15.29,18.81
2025-10-08,Temperatura,SARIMA punto 5,16.79,19.92
2025-10-09,Temperatura,SARIMA punto 5,18.65,18.12
2025-10-10,Temperatura,SARIMA punto 5,20.54,18.99
2025-10-11,Temperatura,SARIMA punto 5,22.0,22.53
2025-10-12,Temperatura,SARIMA punto 5,16.16,18.01
2025-10-13,Temperatura,SARIMA punto 5,18.65,18.77
2025-10-14,Temperatura,SARIMA punto 5,20.37,21.04
2025-10-15,Temperatura,SARIMA punto 5,21.69,21.09
2025-10-16,Temperatura,SARIMA punto 5,23.27,22.26
2025-10-17,Temperatura,SARIMA punto 5,18.6,20.66
2025-10-18,Temperatura,SARIMA punto 5,18.01,21.56
2025-10-19,Temperatura,SARIMA punto 5,18.31,22.63
2025-10-20,Temperatura,SARIMA punto 5,19.78,24.92
2025-10-21,Temperatura,SARIMA punto 5,23.38,28.35
2025-10-22,Temperatura,SARIMA punto 5,21.78,26.94
2025-10-23,Temperatura,SARIMA punto 5,25.46,22.81
2025-10-24,Temperatura,SARIMA punto 5,21.93,18.42
2025-10-25,Temperatura,SARIMA punto 5,17.96,16.86
2025-10-26,Temperatura,SARIMA punto 5,18.15,18.03
2025-10-27,Temperatura,SARIMA punto 5,14.6,20.8
2025-10-28,Temperatura,SARIMA punto 5,12.05,22.41
2025-10-29,Temperatura,SARIMA punto 5,13.64,24.33
2025-10-30,Temperatura,SARIMA punto 5,16.09,24.69
2025-10-31,Temperatura,SARIMA punto 5,19.05,24.08
2025-11-01,Temperatura,SARIMA punto 5,22.36,25.47
2025-11-02,Temperatura,SARIMA punto 5,23.34,22.98
2025-11-03,Temperatura,SARIMA punto 5,24.55,22.65
2025-11-04,Temperatura,SARIMA punto 5,21.47,21.63
2025-11-05,Temperatura,SARIMA punto 5,17.97,20.24
2025-11-06,Temperatura,SARIMA punto 5,16.86,21.59
2025-11-07,Temperatura,SARIMA punto 5,14.3,21.34
2025-11-08,Temperatura,SARIMA punto 5,16.29,21.64
2025-11-09,Temperatura,SARIMA punto 5,19.35,23.92
2025-11-10,Temperatura,SARIMA punto 5,21.27,24.2
2025-11-11,Temperatura,SARIMA punto 5,22.51,19.46
2025-11-12,Temperatura,SARIMA punto 5,19.43,19.51
2025-11-13,Temperatura,SARIMA punto 5,22.03,23.24
2025-11-14,Temperatura,SARIMA punto 5,23.88,25.02
2025-11-15,Temperatura,SARIMA punto 5,26.29,26.55
2025-11-16,Temperatura,SARIMA punto 5,20.84,28.22
2025-11-17,Temperatura,SARIMA punto 5,17.85,18.86
2025-11-18,Temperatura,SARIMA punto 5,21.09,20.27
2025-11-19,Temperatura,SARIMA punto 5,22.44,21.28
2025-11-20,Temperatura,SARIMA punto 5,25.14,22.35
2025-11-21,Temperatura,SARIMA punto 5,18.83,23.17
2025-11-22,Temperatura,SARIMA punto 5,18.14,24.34
2025-11-23,Temperatura,SARIMA punto 5,19.43,25.98
2025-11-24,Temperatura,SARIMA punto 5,21.32,26.62
2025-11-25,Temperatura,SARIMA punto 5,24.25,26.17
2025-11-26,Temperatura,SARIMA punto 5,26.91,27.68
2025-11-27,Temperatura,SARIMA punto 5,28.43,24.86
2025-11-28,Temperatura,SARIMA punto 5,28.06,25.53
2025-11-29,Temperatura,SARIMA punto 5,19.22,21.54
2025-11-30,Temperatura,SARIMA punto 5,19.41,23.02
2025-12-01,Temperatura,SARIMA punto 5,22.02,23.07
2025-12-02,Temperatura,SARIMA punto 5,23.35,19.26
2025-12-03,Temperatura,SARIMA punto 5,26.49,18.64
2025-12-04,Temperatura,SARIMA punto 5,27.22,22.19
2025-12-05,Temperatura,SARIMA punto 5,29.21,26.28
2025-12-06,Temperatura,SARIMA punto 5,27.18,22.9
2025-12-07,Temperatura,SARIMA punto 5,24.4,18.95
2025-12-08,Temperatura,SARIMA punto 5,21.29,18.85
2025-12-09,Temperatura,SARIMA punto 5,24.01,21.23
2025-12-10,Temperatura,SARIMA punto 5,25.93,24.08
2025-12-11,Temperatura,SARIMA punto 5,26.98,25.06
2025-12-12,Temperatura,SARIMA punto 5,27.45,27.61
2025-12-13,Temperatura,SARIMA punto 5,28.04,25.01
2025-12-14,Temperatura,SARIMA punto 5,23.24,25.24
2025-12-15,Temperatura,SARIMA punto 5,20.86,23.56
2025-12-16,Temperatura,SARIMA punto 5,21.18,23.88
2025-12-17,Temperatura,SARIMA punto 5,24.41,25.26
2025-12-18,Temperatura,SARIMA punto 5,26.73,23.82
2025-12-19,Temperatura,SARIMA punto 5,28.38,26.12
2025-12-20,Temperatura,SARIMA punto 5,25.83,26.71
2025-12-21,Temperatura,SARIMA punto 5,25.89,18.94
2025-12-22,Temperatura,SARIMA punto 5,25.19,21.74
2025-12-23,Temperatura,SARIMA punto 5,27.41,24.02
2025-12-24,Temperatura,SARIMA punto 5,29.08,22.74
2025-12-25,Temperatura,SARIMA punto 5,25.35,20.81
2025-12-26,Temperatura,SARIMA punto 5,27.89,21.48
2025-12-27,Temperatura,SARIMA punto 5,28.93,23.8
2025-12-28,Temperatura,SARIMA punto 5,25.32,25.6
2025-12-29,Temperatura,SARIMA punto 5,29.13,25.77
2025-12-30,Temperatura,SARIMA punto 5,30.31,26.42
2025-12-31,Temperatura,SARIMA punto 5,31.76,28.3
2025-01-01,Temperatura,Media,28.37,19.01109439124487
2025-01-02,Temperatura,Media,28.47,19.01109439124487
2025-01-03,Temperatura,Media,26.33,19.01109439124487
2025-01-04,Temperatura,Media,26.69,19.01109439124487
2025-01-05,Temperatura,Media,26.23,19.01109439124487
2025-01-06,Temperatura,Media,27.25,19.01109439124487
2025-01-07,Temperatura,Media,28.9,19.01109439124487
2025-01-08,Temperatura,Media,29.56,19.01109439124487
2025-01-09,Temperatura,Media,29.36,19.01109439124487
2025-01-10,Temperatura,Media,29.94,19.01109439124487
2025-01-11,Temperatura,Media,28.98,19.01109439124487
2025-01-12,Temperatura,Media,28.5,19.01109439124487
2025-01-13,Temperatura,Media,28.97,19.01109439124487
2025-01-14,Temperatura,Media,29.65,19.01109439124487
2025-01-15,Temperatura,Media,31.4,19.01109439124487
2025-01-16,Temperatura,Media,33.13,19.01109439124487
2025-01-17,Temperatura,Media,31.51,19.01109439124487
2025-01-18,Temperatura,Media,28.08,19.01109439124487
2025-01-19,Temperatura,Media,24.07,19.01109439124487
2025-01-20,Temperatura,Media,24.51,19.01109439124487
2025-01-21,Temperatura,Media,26.63,19.01109439124487
2025-01-22,Temperatura,Media,29.58,19.01109439124487
2025-01-23,Temperatura,Media,29.65,19.01109439124487
2025-01-24,Temperatura,Media,28.97,19.01109439124487
2025-01-25,Temperatura,Media,27.99,19.01109439124487
2025-01-26,Temperatura,Media,27.98,19.01109439124487
2025-01-27,Temperatura,Media,28.67,19.01109439124487
2025-01-28,Temperatura,Media,25.76,19.01109439124487
2025-01-29,Temperatura,Media,26.56,19.01109439124487
2025-01-30,Temperatura,Media,27.94,19.01109439124487
2025-01-31,Temperatura,Media,27.69,19.01109439124487
2025-02-01,Temperatura,Media,28.66,19.01109439124487
2025-02-02,Temperatura,Media,29.7,19.01109439124487
2025-02-03,Temperatura,Media,31.79,19.01109439124487
2025-02-04,Temperatura,Media,29.5,19.01109439124487
2025-02-05,Temperatura,Media,25.15,19.01109439124487
2025-02-06,Temperatura,Media,23.97,19.01109439124487
2025-02-07,Temperatura,Media,26.63,19.01109439124487
2025-02-08,Temperatura,Media,29.6,19.01109439124487
2025-02-09,Temperatura,Media,27.01,19.01109439124487
2025-02-10,Temperatura,Media,31.54,19.01109439124487
2025-02-11,Temperatura,Media,26.72,19.01109439124487
2025-02-12,Temperatura,Media,21.3,19.01109439124487
2025-02-13,Temperatura,Media,24.25,19.01109439124487
2025-02-14,Temperatura,Media,26.62,19.01109439124487
2025-02-15,Temperatura,Media,24.12,19.01109439124487
2025-02-16,Temperatura,Media,23.25,19.01109439124487
2025-02-17,Temperatura,Media,23.73,19.01109439124487
2025-02-18,Temperatura,Media,19.3,19.01109439124487
2025-02-19,Temperatura,Media,23.28,19.01109439124487
2025-02-20,Temperatura,Media,26.77,19.01109439124487
2025-02-21,Temperatura,Media,29.73,19.01109439124487
2025-02-22,Temperatura,Media,31.45,19.01109439124487
2025-02-23,Temperatura,Media,31.86,19.01109439124487
2025-02-24,Temperatura,Media,31.76,19.01109439124487
2025-02-25,Temperatura,Media,27.12,19.01109439124487
2025-02-26,Temperatura,Media,25.89,19.01109439124487
2025-02-27,Temperatura,Media,25.41,19.01109439124487
2025-02-28,Temperatura,Media,27.12,19.01109439124487
2025-03-01,Temperatura,Media,26.99,19.01109439124487
2025-03-02,Temperatura,Media,25.36,19.01109439124487
2025-03-03,Temperatura,Media,27.01,19.01109439124487
2025-03-04,Temperatura,Media,27.96,19.01109439124487
2025-03-05,Temperatura,Media,29.38,19.01109439124487
2025-03-06,Temperatura,Media,27.79,19.01109439124487
2025-03-07,Temperatura,Media,28.78,19.01109439124487
2025-03-08,Temperatura,Media,19.16,19.01109439124487
2025-03-09,Temperatura,Media,17.28,19.01109439124487
2025-03-10,Temperatura,Media,18.59,19.01109439124487
2025-03-11,Temperatura,Media,20.43,19.01109439124487
2025-03-12,Temperatura,Media,16.46,19.01109439124487
2025-03-13,Temperatura,Media,16.14,19.01109439124487
2025-03-14,Temperatura,Media,16.91,19.01109439124487
2025-03-15,Temperatura,Media,19.55,19.01109439124487
2025-03-16,Temperatura,Media,20.73,19.01109439124487
2025-03-17,Temperatura,Media,21.06,19.01109439124487
2025-03-18,Temperatura,Media,23.53,19.01109439124487
2025-03-19,Temperatura,Media,24.12,19.01109439124487
2025-03-20,Temperatura,Media,23.98,19.01109439124487
2025-03-21,Temperatura,Media,24.34,19.01109439124487
2025-03-22,Temperatura,Media,23.9,19.01109439124487
2025-03-23,Temperatura,Media,22.01,19.01109439124487
2025-03-24,Temperatura,Media,20.46,19.01109439124487
2025-03-25,Temperatura,Media,21.31,19.01109439124487
2025-03-26,Temperatura,Media,22.34,19.01109439124487
2025-03-27,Temperatura,Media,22.78,19.01109439124487
2025-03-28,Temperatura,Media,22.48,19.01109439124487
2025-03-29,Temperatura,Media,21.2,19.01109439124487
2025-03-30,Temperatura,Media,23.07,19.01109439124487
2025-03-31,Temperatura,Media,15.49,19.01109439124487
2025-04-01,Temperatura,Media,14.95,19.01109439124487
2025-04-02,Temperatura,Media,18.11,19.01109439124487
2025-04-03,Temperatura,Media,17.05,19.01109439124487
2025-04-04,Temperatura,Media,10.91,19.01109439124487
2025-04-05,Temperatura,Media,12.38,19.01109439124487
2025-04-06,Temperatura,Media,16.8,19.01109439124487
2025-04-07,Temperatura,Media,16.05,19.01109439124487
2025-04-08,Temperatura,Media,17.93,19.01109439124487
2025-04-09,Temperatura,Media,19.0,19.01109439124487
2025-04-10,Temperatura,Media,19.9,19.01109439124487
2025-04-11,Temperatura,Media,19.88,19.01109439124487
2025-04-12,Temperatura,Media,17.48,19.01109439124487
2025-04-13,Temperatura,Media,15.28,19.01109439124487
2025-04-14,Temperatura,Media,16.03,19.01109439124487
2025-04-15,Temperatura,Media,15.89,19.01109439124487
2025-04-16,Temperatura,Media,17.6,19.01109439124487
2025-04-17,Temperatura,Media,19.32,19.01109439124487
2025-04-18,Temperatura,Media,17.15,19.01109439124487
2025-04-19,Temperatura,Media,13.88,19.01109439124487
2025-04-20,Temperatura,Media,13.1,19.01109439124487
2025-04-21,Temperatura,Media,16.21,19.01109439124487
2025-04-22,Temperatura,Media,18.43,19.01109439124487
2025-04-23,Temperatura,Media,19.54,19.01109439124487
2025-04-24,Temperatura,Media,19.43,19.01109439124487
2025-04-25,Temperatura,Media,21.01,19.01109439124487
2025-04-26,Temperatura,Media,16.64,19.01109439124487
2025-04-27,Temperatura,Media,13.82,19.01109439124487
2025-04-28,Temperatura,Media,14.68,19.01109439124487
2025-04-29,Temperatura,Media,15.52,19.01109439124487
2025-04-30,Temperatura,Media,16.44,19.01109439124487
2025-05-01,Temperatura,Media,16.55,19.01109439124487
2025-05-02,Temperatura,Media,18.4,19.01109439124487
2025-05-03,Temperatura,Media,19.53,19.01109439124487
2025-05-04,Temperatura,Media,21.79,19.01109439124487
2025-05-05,Temperatura,Media,21.09,19.01109439124487
2025-05-06,Temperatura,Media,22.05,19.01109439124487
2025-05-07,Temperatura,Media,20.37,19.01109439124487
2025-05-08,Temperatura,Media,17.7,19.01109439124487
2025-05-09,Temperatura,Media,15.93,19.01109439124487
2025-05-10,Temperatura,Media,16.74,19.01109439124487
2025-05-11,Temperatura,Media,16.27,19.01109439124487
2025-05-12,Temperatura,Media,14.93,19.01109439124487
2025-05-13,Temperatura,Media,17.32,19.01109439124487
2025-05-14,Temperatura,Media,20.8,19.01109439124487
2025-05-15,Temperatura,Media,22.2,19.01109439124487
2025-05-16,Temperatura,Media,21.34,19.01109439124487
2025-05-17,Temperatura,Media,22.67,19.01109439124487
2025-05-18,Temperatura,Media,12.79,19.01109439124487
2025-05-19,Temperatura,Media,10.09,19.01109439124487
2025-05-20,Temperatura,Media,10.7,19.01109439124487
2025-05-21,Temperatura,Media,11.04,19.01109439124487
2025-05-22,Temperatura,Media,11.13,19.01109439124487
2025-05-23,Temperatura,Media,12.72,19.01109439124487
2025-05-24,Temperatura,Media,13.32,19.01109439124487
2025-05-25,Temperatura,Media,14.52,19.01109439124487
2025-05-26,Temperatura,Media,18.76,19.01109439124487
2025-05-27,Temperatura,Media,12.89,19.01109439124487
2025-05-28,Temperatura,Media,6.92,19.01109439124487
2025-05-29,Temperatura,Media,6.24,19.01109439124487
2025-05-30,Temperatura,Media,8.31,19.01109439124487
2025-05-31,Temperatura,Media,8.98,19.01109439124487
2025-06-01,Temperatura,Media,9.7,19.01109439124487
2025-06-02,Temperatura,Media,10.54,19.01109439124487
2025-06-03,Temperatura,Media,11.23,19.01109439124487
2025-06-04,Temperatura,Media,12.67,19.01109439124487
2025-06-05,Temperatura,Media,11.28,19.01109439124487
2025-06-06,Temperatura,Media,10.28,19.01109439124487
2025-06-07,Temperatura,Media,9.8,19.01109439124487
2025-06-08,Temperatura,Media,10.49,19.01109439124487
2025-06-09,Temperatura,Media,8.79,19.01109439124487
2025-06-10,Temperatura,Media,10.03,19.01109439124487
2025-06-11,Temperatura,Media,10.03,19.01109439124487
2025-06-12,Temperatura,Media,10.42,19.01109439124487
2025-06-13,Temperatura,Media,13.03,19.01109439124487
2025-06-14,Temperatura,Media,8.64,19.01109439124487
2025-06-15,Temperatura,Media,7.2,19.01109439124487
2025-06-16,Temperatura,Media,10.1,19.01109439124487
2025-06-17,Temperatura,Media,9.14,19.01109439124487
2025-06-18,Temperatura,Media,7.86,19.01109439124487
2025-06-19,Temperatura,Media,9.06,19.01109439124487
2025-06-20,Temperatura,Media,9.25,19.01109439124487
2025-06-21,Temperatura,Media,9.29,19.01109439124487
2025-06-22,Temperatura,Media,9.02,19.01109439124487
2025-06-23,Temperatura,Media,4.04,19.01109439124487
2025-06-24,Temperatura,Media,5.21,19.01109439124487
2025-06-25,Temperatura,Media,6.71,19.01109439124487
2025-06-26,Temperatura,Media,7.13,19.01109439124487
2025-06-27,Temperatura,Media,7.01,19.01109439124487
2025-06-28,Temperatura,Media,6.35,19.01109439124487
2025-06-29,Temperatura,Media,4.23,19.01109439124487
2025-06-30,Temperatura,Media,2.1,19.01109439124487
2025-07-01,Temperatura,Media,2.4,19.01109439124487
2025-07-02,Temperatura,Media,2.62,19.01109439124487
2025-07-03,Temperatura,Media,5.5,19.01109439124487
2025-07-04,Temperatura,Media,7.67,19.01109439124487
2025-07-05,Temperatura,Media,9.52,19.01109439124487
2025-07-06,Temperatura,Media,12.92,19.01109439124487
2025-07-07,Temperatura,Media,14.53,19.01109439124487
2025-07-08,Temperatura,Media,13.4,19.01109439124487
2025-07-09,Temperatura,Media,14.18,19.01109439124487
2025-07-10,Temperatura,Media,12.93,19.01109439124487
2025-07-11,Temperatura,Media,12.28,19.01109439124487
2025-07-12,Temperatura,Media,12.85,19.01109439124487
2025-07-13,Temperatura,Media,13.35,19.01109439124487
2025-07-14,Temperatura,Media,14.34,19.01109439124487
2025-07-15,Temperatura,Media,18.01,19.01109439124487
2025-07-16,Temperatura,Media,10.95,19.01109439124487
2025-07-17,Temperatura,Media,7.52,19.01109439124487
2025-07-18,Temperatura,Media,8.13,19.01109439124487
2025-07-19,Temperatura,Media,10.0,19.01109439124487
2025-07-20,Temperatura,Media,12.22,19.01109439124487
2025-07-21,Temperatura,Media,13.41,19.01109439124487
2025-07-22,Temperatura,Media,10.52,19.01109439124487
2025-07-23,Temperatura,Media,8.33,19.01109439124487
2025-07-24,Temperatura,Media,9.87,19.01109439124487
2025-07-25,Temperatura,Media,13.54,19.01109439124487
2025-07-26,Temperatura,Media,10.64,19.01109439124487
2025-07-27,Temperatura,Media,7.81,19.01109439124487
2025-07-28,Temperatura,Media,9.85,19.01109439124487
2025-07-29,Temperatura,Media,9.9,19.01109439124487
2025-07-30,Temperatura,Media,11.76,19.01109439124487
2025-07-31,Temperatura,Media,14.3,19.01109439124487
2025-08-01,Temperatura,Media,16.98,19.01109439124487
2025-08-02,Temperatura,Media,12.73,19.01109439124487
2025-08-03,Temperatura,Media,12.15,19.01109439124487
2025-08-04,Temperatura,Media,10.32,19.01109439124487
2025-08-05,Temperatura,Media,9.5,19.01109439124487
2025-08-06,Temperatura,Media,10.82,19.01109439124487
2025-08-07,Temperatura,Media,10.28,19.01109439124487
2025-08-08,Temperatura,Media,7.51,19.01109439124487
2025-08-09,Temperatura,Media,8.92,19.01109439124487
2025-08-10,Temperatura,Media,9.68,19.01109439124487
2025-08-11,Temperatura,Media,11.44,19.01109439124487
2025-08-12,Temperatura,Media,13.83,19.01109439124487
2025-08-13,Temperatura,Media,11.64,19.01109439124487
2025-08-14,Temperatura,Media,8.59,19.01109439124487
2025-08-15,Temperatura,Media,7.91,19.01109439124487
2025-08-16,Temperatura,Media,8.5,19.01109439124487
2025-08-17,Temperatura,Media,11.31,19.01109439124487
2025-08-18,Temperatura,Media,13.99,19.01109439124487
2025-08-19,Temperatura,Media,15.18,19.01109439124487
2025-08-20,Temperatura,Media,13.81,19.01109439124487
2025-08-21,Temperatura,Media,13.88,19.01109439124487
2025-08-22,Temperatura,Media,12.7,19.01109439124487
2025-08-23,Temperatura,Media,8.55,19.01109439124487
2025-08-24,Temperatura,Media,9.0,19.01109439124487
2025-08-25,Temperatura,Media,11.66,19.01109439124487
2025-08-26,Temperatura,Media,13.88,19.01109439124487
2025-08-27,Temperatura,Media,14.26,19.01109439124487
2025-08-28,Temperatura,Media,14.98,19.01109439124487
2025-08-29,Temperatura,Media,17.56,19.01109439124487
2025-08-30,Temperatura,Media,18.05,19.01109439124487
2025-08-31,Temperatura,Media,16.77,19.01109439124487
2025-09-01,Temperatura,Media,10.56,19.01109439124487
2025-09-02,Temperatura,Media,12.26,19.01109439124487
2025-09-03,Temperatura,Media,12.28,19.01109439124487
2025-09-04,Temperatura,Media,7.31,19.01109439124487
2025-09-05,Temperatura,Media,7.01,19.01109439124487
2025-09-06,Temperatura,Media,8.22,19.01109439124487
2025-09-07,Temperatura,Media,9.48,19.01109439124487
2025-09-08,Temperatura,Media,11.79,19.01109439124487
2025-09-09,Temperatura,Media,13.32,19.01109439124487
2025-09-10,Temperatura,Media,14.72,19.01109439124487
2025-09-11,Temperatura,Media,14.36,19.01109439124487
2025-09-12,Temperatura,Media,14.44,19.01109439124487
2025-09-13,Temperatura,Media,15.36,19.01109439124487
2025-09-14,Temperatura,Media,16.57,19.01109439124487
2025-09-15,Temperatura,Media,16.86,19.01109439124487
2025-09-16,Temperatura,Media,17.62,19.01109439124487
2025-09-17,Temperatura,Media,18.93,19.01109439124487
2025-09-18,Temperatura,Media,18.29,19.01109439124487
2025-09-19,Temperatura,Media,22.74,19.01109439124487
2025-09-20,Temperatura,Media,20.54,19.01109439124487
2025-09-21,Temperatura,Media,13.63,19.01109439124487
2025-09-22,Temperatura,Media,13.65,19.01109439124487
2025-09-23,Temperatura,Media,15.6,19.01109439124487
2025-09-24,Temperatura,Media,15.63,19.01109439124487
2025-09-25,Temperatura,Media,14.68,19.01109439124487
2025-09-26,Temperatura,Media,16.94,19.01109439124487
2025-09-27,Temperatura,Media,16.31,19.01109439124487
2025-09-28,Temperatura,Media,14.92,19.01109439124487
2025-09-29,Temperatura,Media,17.37,19.01109439124487
2025-09-30,Temperatura,Media,16.84,19.01109439124487
2025-10-01,Temperatura,Media,16.45,19.01109439124487
2025-10-02,Temperatura,Media,17.92,19.01109439124487
2025-10-03,Temperatura,Media,20.66,19.01109439124487
2025-10-04,Temperatura,Media,24.59,19.01109439124487
2025-10-05,Temperatura,Media,18.38,19.01109439124487
2025-10-06,Temperatura,Media,13.13,19.01109439124487
2025-10-07,Temperatura,Media,15.29,19.01109439124487
2025-10-08,Temperatura,Media,16.79,19.01109439124487
2025-10-09,Temperatura,Media,18.65,19.01109439124487
2025-10-10,Temperatura,Media,20.54,19.01109439124487
2025-10-11,Temperatura,Media,22.0,19.01109439124487
2025-10-12,Temperatura,Media,16.16,19.01109439124487
2025-10-13,Temperatura,Media,18.65,19.01109439124487
2025-10-14,Temperatura,Media,20.37,19.01109439124487
2025-10-15,Temperatura,Media,21.69,19.01109439124487
2025-10-16,Temperatura,Media,23.27,19.01109439124487
2025-10-17,Temperatura,Media,18.6,19.01109439124487
2025-10-18,Temperatura,Media,18.01,19.01109439124487
2025-10-19,Temperatura,Media,18.31,19.01109439124487
2025-10-20,Temperatura,Media,19.78,19.01109439124487
2025-10-21,Temperatura,Media,23.38,19.01109439124487
2025-10-22,Temperatura,Media,21.78,19.01109439124487
2025-10-23,Temperatura,Media,25.46,19.01109439124487
2025-10-24,Temperatura,Media,21.93,19.01109439124487
2025-10-25,Temperatura,Media,17.96,19.01109439124487
2025-10-26,Temperatura,Media,18.15,19.01109439124487
2025-10-27,Temperatura,Media,14.6,19.01109439124487
2025-10-28,Temperatura,Media,12.05,19.01109439124487
2025-10-29,Temperatura,Media,13.64,19.01109439124487
2025-10-30,Temperatura,Media,16.09,19.01109439124487
2025-10-31,Temperatura,Media,19.05,19.01109439124487
2025-11-01,Temperatura,Media,22.36,19.01109439124487
2025-11-02,Temperatura,Media,23.34,19.01109439124487
2025-11-03,Temperatura,Media,24.55,19.01109439124487
2025-11-04,Temperatura,Media,21.47,19.01109439124487
2025-11-05,Temperatura,Media,17.97,19.01109439124487
2025-11-06,Temperatura,Media,16.86,19.01109439124487
2025-11-07,Temperatura,Media,14.3,19.01109439124487
2025-11-08,Temperatura,Media,16.29,19.01109439124487
2025-11-09,Temperatura,Media,19.35,19.01109439124487
2025-11-10,Temperatura,Media,21.27,19.01109439124487
2025-11-11,Temperatura,Media,22.51,19.01109439124487
2025-11-12,Temperatura,Media,19.43,19.01109439124487
2025-11-13,Temperatura,Media,22.03,19.01109439124487
2025-11-14,Temperatura,Media,23.88,19.01109439124487
2025-11-15,Temperatura,Media,26.29,19.01109439124487
2025-11-16,Temperatura,Media,20.84,19.01109439124487
2025-11-17,Temperatura,Media,17.85,19.01109439124487
2025-11-18,Temperatura,Media,21.09,19.01109439124487
2025-11-19,Temperatura,Media,22.44,19.01109439124487
2025-11-20,Temperatura,Media,25.14,19.01109439124487
2025-11-21,Temperatura,Media,18.83,19.01109439124487
2025-11-22,Temperatura,Media,18.14,19.01109439124487
2025-11-23,Temperatura,Media,19.43,19.01109439124487
2025-11-24,Temperatura,Media,21.32,19.01109439124487
2025-11-25,Temperatura,Media,24.25,19.01109439124487
2025-11-26,Temperatura,Media,26.91,19.01109439124487
2025-11-27,Temperatura,Media,28.43,19.01109439124487
2025-11-28,Temperatura,Media,28.06,19.01109439124487
2025-11-29,Temperatura,Media,19.22,19.01109439124487
2025-11-30,Temperatura,Media,19.41,19.01109439124487
2025-12-01,Temperatura,Media,22.02,19.01109439124487
2025-12-02,Temperatura,Media,23.35,19.01109439124487
2025-12-03,Temperatura,Media,26.49,19.01109439124487
2025-12-04,Temperatura,Media,27.22,19.01109439124487
2025-12-05,Temperatura,Media,29.21,19.01109439124487
2025-12-06,Temperatura,Media,27.18,19.01109439124487
2025-12-07,Temperatura,Media,24.4,19.01109439124487
2025-12-08,Temperatura,Media,21.29,19.01109439124487
2025-12-09,Temperatura,Media,24.01,19.01109439124487
2025-12-10,Temperatura,Media,25.93,19.01109439124487
2025-12-11,Temperatura,Media,26.98,19.01109439124487
2025-12-12,Temperatura,Media,27.45,19.01109439124487
2025-12-13,Temperatura,Media,28.04,19.01109439124487
2025-12-14,Temperatura,Media,23.24,19.01109439124487
2025-12-15,Temperatura,Media,20.86,19.01109439124487
2025-12-16,Temperatura,Media,21.18,19.01109439124487
2025-12-17,Temperatura,Media,24.41,19.01109439124487
2025-12-18,Temperatura,Media,26.73,19.01109439124487
2025-12-19,Temperatura,Media,28.38,19.01109439124487
2025-12-20,Temperatura,Media,25.83,19.01109439124487
2025-12-21,Temperatura,Media,25.89,19.01109439124487
2025-12-22,Temperatura,Media,25.19,19.01109439124487
2025-12-23,Temperatura,Media,27.41,19.01109439124487
2025-12-24,Temperatura,Media,29.08,19.01109439124487
2025-12-25,Temperatura,Media,25.35,19.01109439124487
2025-12-26,Temperatura,Media,27.89,19.01109439124487
2025-12-27,Temperatura,Media,28.93,19.01109439124487
2025-12-28,Temperatura,Media,25.32,19.01109439124487
2025-12-29,Temperatura,Media,29.13,19.01109439124487
2025-12-30,Temperatura,Media,30.31,19.01109439124487
2025-12-31,Temperatura,Media,31.76,19.01109439124487
2025-01-01,Temperatura,Último valor,28.37,28.3
2025-01-02,Temperatura,Último valor,28.47,28.3
2025-01-03,Temperatura,Último valor,26.33,28.3
2025-01-04,Temperatura,Último valor,26.69,28.3
2025-01-05,Temperatura,Último valor,26.23,28.3
2025-01-06,Temperatura,Último valor,27.25,28.3
2025-01-07,Temperatura,Último valor,28.9,28.3
2025-01-08,Temperatura,Último valor,29.56,28.3
2025-01-09,Temperatura,Último valor,29.36,28.3
2025-01-10,Temperatura,Último valor,29.94,28.3
2025-01-11,Temperatura,Último valor,28.98,28.3
2025-01-12,Temperatura,Último valor,28.5,28.3
2025-01-13,Temperatura,Último valor,28.97,28.3
2025-01-14,Temperatura,Último valor,29.65,28.3
2025-01-15,Temperatura,Último valor,31.4,28.3
2025-01-16,Temperatura,Último valor,33.13,28.3
2025-01-17,Temperatura,Último valor,31.51,28.3
2025-01-18,Temperatura,Último valor,28.08,28.3
2025-01-19,Temperatura,Último valor,24.07,28.3
2025-01-20,Temperatura,Último valor,24.51,28.3
2025-01-21,Temperatura,Último valor,26.63,28.3
2025-01-22,Temperatura,Último valor,29.58,28.3
2025-01-23,Temperatura,Último valor,29.65,28.3
2025-01-24,Temperatura,Último valor,28.97,28.3
2025-01-25,Temperatura,Último valor,27.99,28.3
2025-01-26,Temperatura,Último valor,27.98,28.3
2025-01-27,Temperatura,Último valor,28.67,28.3
2025-01-28,Temperatura,Último valor,25.76,28.3
2025-01-29,Temperatura,Último valor,26.56,28.3
2025-01-30,Temperatura,Último valor,27.94,28.3
2025-01-31,Temperatura,Último valor,27.69,28.3
2025-02-01,Temperatura,Último valor,28.66,28.3
2025-02-02,Temperatura,Último valor,29.7,28.3
2025-02-03,Temperatura,Último valor,31.79,28.3
2025-02-04,Temperatura,Último valor,29.5,28.3
2025-02-05,Temperatura,Último valor,25.15,28.3
2025-02-06,Temperatura,Último valor,23.97,28.3
2025-02-07,Temperatura,Último valor,26.63,28.3
2025-02-08,Temperatura,Último valor,29.6,28.3
2025-02-09,Temperatura,Último valor,27.01,28.3
2025-02-10,Temperatura,Último valor,31.54,28.3
2025-02-11,Temperatura,Último valor,26.72,28.3
2025-02-12,Temperatura,Último valor,21.3,28.3
2025-02-13,Temperatura,Último valor,24.25,28.3
2025-02-14,Temperatura,Último valor,26.62,28.3
2025-02-15,Temperatura,Último valor,24.12,28.3
2025-02-16,Temperatura,Último valor,23.25,28.3
2025-02-17,Temperatura,Último valor,23.73,28.3
2025-02-18,Temperatura,Último valor,19.3,28.3
2025-02-19,Temperatura,Último valor,23.28,28.3
2025-02-20,Temperatura,Último valor,26.77,28.3
2025-02-21,Temperatura,Último valor,29.73,28.3
2025-02-22,Temperatura,Último valor,31.45,28.3
2025-02-23,Temperatura,Último valor,31.86,28.3
2025-02-24,Temperatura,Último valor,31.76,28.3
2025-02-25,Temperatura,Último valor,27.12,28.3
2025-02-26,Temperatura,Último valor,25.89,28.3
2025-02-27,Temperatura,Último valor,25.41,28.3
2025-02-28,Temperatura,Último valor,27.12,28.3
2025-03-01,Temperatura,Último valor,26.99,28.3
2025-03-02,Temperatura,Último valor,25.36,28.3
2025-03-03,Temperatura,Último valor,27.01,28.3
2025-03-04,Temperatura,Último valor,27.96,28.3
2025-03-05,Temperatura,Último valor,29.38,28.3
2025-03-06,Temperatura,Último valor,27.79,28.3
2025-03-07,Temperatura,Último valor,28.78,28.3
2025-03-08,Temperatura,Último valor,19.16,28.3
2025-03-09,Temperatura,Último valor,17.28,28.3
2025-03-10,Temperatura,Último valor,18.59,28.3
2025-03-11,Temperatura,Último valor,20.43,28.3
2025-03-12,Temperatura,Último valor,16.46,28.3
2025-03-13,Temperatura,Último valor,16.14,28.3
2025-03-14,Temperatura,Último valor,16.91,28.3
2025-03-15,Temperatura,Último valor,19.55,28.3
2025-03-16,Temperatura,Último valor,20.73,28.3
2025-03-17,Temperatura,Último valor,21.06,28.3
2025-03-18,Temperatura,Último valor,23.53,28.3
2025-03-19,Temperatura,Último valor,24.12,28.3
2025-03-20,Temperatura,Último valor,23.98,28.3
2025-03-21,Temperatura,Último valor,24.34,28.3
2025-03-22,Temperatura,Último valor,23.9,28.3
2025-03-23,Temperatura,Último valor,22.01,28.3
2025-03-24,Temperatura,Último valor,20.46,28.3
2025-03-25,Temperatura,Último valor,21.31,28.3
2025-03-26,Temperatura,Último valor,22.34,28.3
2025-03-27,Temperatura,Último valor,22.78,28.3
2025-03-28,Temperatura,Último valor,22.48,28.3
2025-03-29,Temperatura,Último valor,21.2,28.3
2025-03-30,Temperatura,Último valor,23.07,28.3
2025-03-31,Temperatura,Último valor,15.49,28.3
2025-04-01,Temperatura,Último valor,14.95,28.3
2025-04-02,Temperatura,Último valor,18.11,28.3
2025-04-03,Temperatura,Último valor,17.05,28.3
2025-04-04,Temperatura,Último valor,10.91,28.3
2025-04-05,Temperatura,Último valor,12.38,28.3
2025-04-06,Temperatura,Último valor,16.8,28.3
2025-04-07,Temperatura,Último valor,16.05,28.3
2025-04-08,Temperatura,Último valor,17.93,28.3
2025-04-09,Temperatura,Último valor,19.0,28.3
2025-04-10,Temperatura,Último valor,19.9,28.3
2025-04-11,Temperatura,Último valor,19.88,28.3
2025-04-12,Temperatura,Último valor,17.48,28.3
2025-04-13,Temperatura,Último valor,15.28,28.3
2025-04-14,Temperatura,Último valor,16.03,28.3
2025-04-15,Temperatura,Último valor,15.89,28.3
2025-04-16,Temperatura,Último valor,17.6,28.3
2025-04-17,Temperatura,Último valor,19.32,28.3
2025-04-18,Temperatura,Último valor,17.15,28.3
2025-04-19,Temperatura,Último valor,13.88,28.3
2025-04-20,Temperatura,Último valor,13.1,28.3
2025-04-21,Temperatura,Último valor,16.21,28.3
2025-04-22,Temperatura,Último valor,18.43,28.3
2025-04-23,Temperatura,Último valor,19.54,28.3
2025-04-24,Temperatura,Último valor,19.43,28.3
2025-04-25,Temperatura,Último valor,21.01,28.3
2025-04-26,Temperatura,Último valor,16.64,28.3
2025-04-27,Temperatura,Último valor,13.82,28.3
2025-04-28,Temperatura,Último valor,14.68,28.3
2025-04-29,Temperatura,Último valor,15.52,28.3
2025-04-30,Temperatura,Último valor,16.44,28.3
2025-05-01,Temperatura,Último valor,16.55,28.3
2025-05-02,Temperatura,Último valor,18.4,28.3
2025-05-03,Temperatura,Último valor,19.53,28.3
2025-05-04,Temperatura,Último valor,21.79,28.3
2025-05-05,Temperatura,Último valor,21.09,28.3
2025-05-06,Temperatura,Último valor,22.05,28.3
2025-05-07,Temperatura,Último valor,20.37,28.3
2025-05-08,Temperatura,Último valor,17.7,28.3
2025-05-09,Temperatura,Último valor,15.93,28.3
2025-05-10,Temperatura,Último valor,16.74,28.3
2025-05-11,Temperatura,Último valor,16.27,28.3
2025-05-12,Temperatura,Último valor,14.93,28.3
2025-05-13,Temperatura,Último valor,17.32,28.3
2025-05-14,Temperatura,Último valor,20.8,28.3
2025-05-15,Temperatura,Último valor,22.2,28.3
2025-05-16,Temperatura,Último valor,21.34,28.3
2025-05-17,Temperatura,Último valor,22.67,28.3
2025-05-18,Temperatura,Último valor,12.79,28.3
2025-05-19,Temperatura,Último valor,10.09,28.3
2025-05-20,Temperatura,Último valor,10.7,28.3
2025-05-21,Temperatura,Último valor,11.04,28.3
2025-05-22,Temperatura,Último valor,11.13,28.3
2025-05-23,Temperatura,Último valor,12.72,28.3
2025-05-24,Temperatura,Último valor,13.32,28.3
2025-05-25,Temperatura,Último valor,14.52,28.3
2025-05-26,Temperatura,Último valor,18.76,28.3
2025-05-27,Temperatura,Último valor,12.89,28.3
2025-05-28,Temperatura,Último valor,6.92,28.3
2025-05-29,Temperatura,Último valor,6.24,28.3
2025-05-30,Temperatura,Último valor,8.31,28.3
2025-05-31,Temperatura,Último valor,8.98,28.3
2025-06-01,Temperatura,Último valor,9.7,28.3
2025-06-02,Temperatura,Último valor,10.54,28.3
2025-06-03,Temperatura,Último valor,11.23,28.3
2025-06-04,Temperatura,Último valor,12.67,28.3
2025-06-05,Temperatura,Último valor,11.28,28.3
2025-06-06,Temperatura,Último valor,10.28,28.3
2025-06-07,Temperatura,Último valor,9.8,28.3
2025-06-08,Temperatura,Último valor,10.49,28.3
2025-06-09,Temperatura,Último valor,8.79,28.3
2025-06-10,Temperatura,Último valor,10.03,28.3
2025-06-11,Temperatura,Último valor,10.03,28.3
2025-06-12,Temperatura,Último valor,10.42,28.3
2025-06-13,Temperatura,Último valor,13.03,28.3
2025-06-14,Temperatura,Último valor,8.64,28.3
2025-06-15,Temperatura,Último valor,7.2,28.3
2025-06-16,Temperatura,Último valor,10.1,28.3
2025-06-17,Temperatura,Último valor,9.14,28.3
2025-06-18,Temperatura,Último valor,7.86,28.3
2025-06-19,Temperatura,Último valor,9.06,28.3
2025-06-20,Temperatura,Último valor,9.25,28.3
2025-06-21,Temperatura,Último valor,9.29,28.3
2025-06-22,Temperatura,Último valor,9.02,28.3
2025-06-23,Temperatura,Último valor,4.04,28.3
2025-06-24,Temperatura,Último valor,5.21,28.3
2025-06-25,Temperatura,Último valor,6.71,28.3
2025-06-26,Temperatura,Último valor,7.13,28.3
2025-06-27,Temperatura,Último valor,7.01,28.3
2025-06-28,Temperatura,Último valor,6.35,28.3
2025-06-29,Temperatura,Último valor,4.23,28.3
2025-06-30,Temperatura,Último valor,2.1,28.3
2025-07-01,Temperatura,Último valor,2.4,28.3
2025-07-02,Temperatura,Último valor,2.62,28.3
2025-07-03,Temperatura,Último valor,5.5,28.3
2025-07-04,Temperatura,Último valor,7.67,28.3
2025-07-05,Temperatura,Último valor,9.52,28.3
2025-07-06,Temperatura,Último valor,12.92,28.3
2025-07-07,Temperatura,Último valor,14.53,28.3
2025-07-08,Temperatura,Último valor,13.4,28.3
2025-07-09,Temperatura,Último valor,14.18,28.3
2025-07-10,Temperatura,Último valor,12.93,28.3
2025-07-11,Temperatura,Último valor,12.28,28.3
2025-07-12,Temperatura,Último valor,12.85,28.3
2025-07-13,Temperatura,Último valor,13.35,28.3
2025-07-14,Temperatura,Último valor,14.34,28.3
2025-07-15,Temperatura,Último valor,18.01,28.3
2025-07-16,Temperatura,Último valor,10.95,28.3
2025-07-17,Temperatura,Último valor,7.52,28.3
2025-07-18,Temperatura,Último valor,8.13,28.3
2025-07-19,Temperatura,Último valor,10.0,28.3
2025-07-20,Temperatura,Último valor,12.22,28.3
2025-07-21,Temperatura,Último valor,13.41,28.3
2025-07-22,Temperatura,Último valor,10.52,28.3
2025-07-23,Temperatura,Último valor,8.33,28.3
2025-07-24,Temperatura,Último valor,9.87,28.3
2025-07-25,Temperatura,Último valor,13.54,28.3
2025-07-26,Temperatura,Último valor,10.64,28.3
2025-07-27,Temperatura,Último valor,7.81,28.3
2025-07-28,Temperatura,Último valor,9.85,28.3
2025-07-29,Temperatura,Último valor,9.9,28.3
2025-07-30,Temperatura,Último valor,11.76,28.3
2025-07-31,Temperatura,Último valor,14.3,28.3
2025-08-01,Temperatura,Último valor,16.98,28.3
2025-08-02,Temperatura,Último valor,12.73,28.3
2025-08-03,Temperatura,Último valor,12.15,28.3
2025-08-04,Temperatura,Último valor,10.32,28.3
2025-08-05,Temperatura,Último valor,9.5,28.3
2025-08-06,Temperatura,Último valor,10.82,28.3
2025-08-07,Temperatura,Último valor,10.28,28.3
2025-08-08,Temperatura,Último valor,7.51,28.3
2025-08-09,Temperatura,Último valor,8.92,28.3
2025-08-10,Temperatura,Último valor,9.68,28.3
2025-08-11,Temperatura,Último valor,11.44,28.3
2025-08-12,Temperatura,Último valor,13.83,28.3
2025-08-13,Temperatura,Último valor,11.64,28.3
2025-08-14,Temperatura,Último valor,8.59,28.3
2025-08-15,Temperatura,Último valor,7.91,28.3
2025-08-16,Temperatura,Último valor,8.5,28.3
2025-08-17,Temperatura,Último valor,11.31,28.3
2025-08-18,Temperatura,Último valor,13.99,28.3
2025-08-19,Temperatura,Último valor,15.18,28.3
2025-08-20,Temperatura,Último valor,13.81,28.3
2025-08-21,Temperatura,Último valor,13.88,28.3
2025-08-22,Temperatura,Último valor,12.7,28.3
2025-08-23,Temperatura,Último valor,8.55,28.3
2025-08-24,Temperatura,Último valor,9.0,28.3
2025-08-25,Temperatura,Último valor,11.66,28.3
2025-08-26,Temperatura,Último valor,13.88,28.3
2025-08-27,Temperatura,Último valor,14.26,28.3
2025-08-28,Temperatura,Último valor,14.98,28.3
2025-08-29,Temperatura,Último valor,17.56,28.3
2025-08-30,Temperatura,Último valor,18.05,28.3
2025-08-31,Temperatura,Último valor,16.77,28.3
2025-09-01,Temperatura,Último valor,10.56,28.3
2025-09-02,Temperatura,Último valor,12.26,28.3
2025-09-03,Temperatura,Último valor,12.28,28.3
2025-09-04,Temperatura,Último valor,7.31,28.3
2025-09-05,Temperatura,Último valor,7.01,28.3
2025-09-06,Temperatura,Último valor,8.22,28.3
2025-09-07,Temperatura,Último valor,9.48,28.3
2025-09-08,Temperatura,Último valor,11.79,28.3
2025-09-09,Temperatura,Último valor,13.32,28.3
2025-09-10,Temperatura,Último valor,14.72,28.3
2025-09-11,Temperatura,Último valor,14.36,28.3
2025-09-12,Temperatura,Último valor,14.44,28.3
2025-09-13,Temperatura,Último valor,15.36,28.3
2025-09-14,Temperatura,Último valor,16.57,28.3
2025-09-15,Temperatura,Último valor,16.86,28.3
2025-09-16,Temperatura,Último valor,17.62,28.3
2025-09-17,Temperatura,Último valor,18.93,28.3
2025-09-18,Temperatura,Último valor,18.29,28.3
2025-09-19,Temperatura,Último valor,22.74,28.3
2025-09-20,Temperatura,Último valor,20.54,28.3
2025-09-21,Temperatura,Último valor,13.63,28.3
2025-09-22,Temperatura,Último valor,13.65,28.3
2025-09-23,Temperatura,Último valor,15.6,28.3
2025-09-24,Temperatura,Último valor,15.63,28.3
2025-09-25,Temperatura,Último valor,14.68,28.3
2025-09-26,Temperatura,Último valor,16.94,28.3
2025-09-27,Temperatura,Último valor,16.31,28.3
2025-09-28,Temperatura,Último valor,14.92,28.3
2025-09-29,Temperatura,Último valor,17.37,28.3
2025-09-30,Temperatura,Último valor,16.84,28.3
2025-10-01,Temperatura,Último valor,16.45,28.3
2025-10-02,Temperatura,Último valor,17.92,28.3
2025-10-03,Temperatura,Último valor,20.66,28.3
2025-10-04,Temperatura,Último valor,24.59,28.3
2025-10-05,Temperatura,Último valor,18.38,28.3
2025-10-06,Temperatura,Último valor,13.13,28.3
2025-10-07,Temperatura,Último valor,15.29,28.3
2025-10-08,Temperatura,Último valor,16.79,28.3
2025-10-09,Temperatura,Último valor,18.65,28.3
2025-10-10,Temperatura,Último valor,20.54,28.3
2025-10-11,Temperatura,Último valor,22.0,28.3
2025-10-12,Temperatura,Último valor,16.16,28.3
2025-10-13,Temperatura,Último valor,18.65,28.3
2025-10-14,Temperatura,Último valor,20.37,28.3
2025-10-15,Temperatura,Último valor,21.69,28.3
2025-10-16,Temperatura,Último valor,23.27,28.3
2025-10-17,Temperatura,Último valor,18.6,28.3
2025-10-18,Temperatura,Último valor,18.01,28.3
2025-10-19,Temperatura,Último valor,18.31,28.3
2025-10-20,Temperatura,Último valor,19.78,28.3
2025-10-21,Temperatura,Último valor,23.38,28.3
2025-10-22,Temperatura,Último valor,21.78,28.3
2025-10-23,Temperatura,Último valor,25.46,28.3
2025-10-24,Temperatura,Último valor,21.93,28.3
2025-10-25,Temperatura,Último valor,17.96,28.3
2025-10-26,Temperatura,Último valor,18.15,28.3
2025-10-27,Temperatura,Último valor,14.6,28.3
2025-10-28,Temperatura,Último valor,12.05,28.3
2025-10-29,Temperatura,Último valor,13.64,28.3
2025-10-30,Temperatura,Último valor,16.09,28.3
2025-10-31,Temperatura,Último valor,19.05,28.3
2025-11-01,Temperatura,Último valor,22.36,28.3
2025-11-02,Temperatura,Último valor,23.34,28.3
2025-11-03,Temperatura,Último valor,24.55,28.3
2025-11-04,Temperatura,Último valor,21.47,28.3
2025-11-05,Temperatura,Último valor,17.97,28.3
2025-11-06,Temperatura,Último valor,16.86,28.3
2025-11-07,Temperatura,Último valor,14.3,28.3
2025-11-08,Temperatura,Último valor,16.29,28.3
2025-11-09,Temperatura,Último valor,19.35,28.3
2025-11-10,Temperatura,Último valor,21.27,28.3
2025-11-11,Temperatura,Último valor,22.51,28.3
2025-11-12,Temperatura,Último valor,19.43,28.3
2025-11-13,Temperatura,Último valor,22.03,28.3
2025-11-14,Temperatura,Último valor,23.88,28.3
2025-11-15,Temperatura,Último valor,26.29,28.3
2025-11-16,Temperatura,Último valor,20.84,28.3
2025-11-17,Temperatura,Último valor,17.85,28.3
2025-11-18,Temperatura,Último valor,21.09,28.3
2025-11-19,Temperatura,Último valor,22.44,28.3
2025-11-20,Temperatura,Último valor,25.14,28.3
2025-11-21,Temperatura,Último valor,18.83,28.3
2025-11-22,Temperatura,Último valor,18.14,28.3
2025-11-23,Temperatura,Último valor,19.43,28.3
2025-11-24,Temperatura,Último valor,21.32,28.3
2025-11-25,Temperatura,Último valor,24.25,28.3
2025-11-26,Temperatura,Último valor,26.91,28.3
2025-11-27,Temperatura,Último valor,28.43,28.3
2025-11-28,Temperatura,Último valor,28.06,28.3
2025-11-29,Temperatura,Último valor,19.22,28.3
2025-11-30,Temperatura,Último valor,19.41,28.3
2025-12-01,Temperatura,Último valor,22.02,28.3
2025-12-02,Temperatura,Último valor,23.35,28.3
2025-12-03,Temperatura,Último valor,26.49,28.3
2025-12-04,Temperatura,Último valor,27.22,28.3
2025-12-05,Temperatura,Último valor,29.21,28.3
2025-12-06,Temperatura,Último valor,27.18,28.3
2025-12-07,Temperatura,Último valor,24.4,28.3
2025-12-08,Temperatura,Último valor,21.29,28.3
2025-12-09,Temperatura,Último valor,24.01,28.3
2025-12-10,Temperatura,Último valor,25.93,28.3
2025-12-11,Temperatura,Último valor,26.98,28.3
2025-12-12,Temperatura,Último valor,27.45,28.3
2025-12-13,Temperatura,Último valor,28.04,28.3
2025-12-14,Temperatura,Último valor,23.24,28.3
2025-12-15,Temperatura,Último valor,20.86,28.3
2025-12-16,Temperatura,Último valor,21.18,28.3
2025-12-17,Temperatura,Último valor,24.41,28.3
2025-12-18,Temperatura,Último valor,26.73,28.3
2025-12-19,Temperatura,Último valor,28.38,28.3
2025-12-20,Temperatura,Último valor,25.83,28.3
2025-12-21,Temperatura,Último valor,25.89,28.3
2025-12-22,Temperatura,Último valor,25.19,28.3
2025-12-23,Temperatura,Último valor,27.41,28.3
2025-12-24,Temperatura,Último valor,29.08,28.3
2025-12-25,Temperatura,Último valor,25.35,28.3
2025-12-26,Temperatura,Último valor,27.89,28.3
2025-12-27,Temperatura,Último valor,28.93,28.3
2025-12-28,Temperatura,Último valor,25.32,28.3
2025-12-29,Temperatura,Último valor,29.13,28.3
2025-12-30,Temperatura,Último valor,30.31,28.3
2025-12-31,Temperatura,Último valor,31.76,28.3
2025-01-01,Temperatura,Ingenuo estacional,28.37,26.84
2025-01-02,Temperatura,Ingenuo estacional,28.47,26.67
2025-01-03,Temperatura,Ingenuo estacional,26.33,27.42
2025-01-04,Temperatura,Ingenuo estacional,26.69,28.22
2025-01-05,Temperatura,Ingenuo estacional,26.23,24.87
2025-01-06,Temperatura,Ingenuo estacional,27.25,25.06
2025-01-07,Temperatura,Ingenuo estacional,28.9,28.27
2025-01-08,Temperatura,Ingenuo estacional,29.56,27.76
2025-01-09,Temperatura,Ingenuo estacional,29.36,26.6
2025-01-10,Temperatura,Ingenuo estacional,29.94,27.11
2025-01-11,Temperatura,Ingenuo estacional,28.98,26.27
2025-01-12,Temperatura,Ingenuo estacional,28.5,27.91
2025-01-13,Temperatura,Ingenuo estacional,28.97,24.05
2025-01-14,Temperatura,Ingenuo estacional,29.65,25.55
2025-01-15,Temperatura,Ingenuo estacional,31.4,21.14
2025-01-16,Temperatura,Ingenuo estacional,33.13,23.21
2025-01-17,Temperatura,Ingenuo estacional,31.51,25.41
2025-01-18,Temperatura,Ingenuo estacional,28.08,26.28
2025-01-19,Temperatura,Ingenuo estacional,24.07,24.07
2025-01-20,Temperatura,Ingenuo estacional,24.51,23.26
2025-01-21,Temperatura,Ingenuo estacional,26.63,24.34
2025-01-22,Temperatura,Ingenuo estacional,29.58,23.87
2025-01-23,Temperatura,Ingenuo estacional,29.65,24.82
2025-01-24,Temperatura,Ingenuo estacional,28.97,25.51
2025-01-25,Temperatura,Ingenuo estacional,27.99,25.6
2025-01-26,Temperatura,Ingenuo estacional,27.98,25.61
2025-01-27,Temperatura,Ingenuo estacional,28.67,27.11
2025-01-28,Temperatura,Ingenuo estacional,25.76,29.4
2025-01-29,Temperatura,Ingenuo estacional,26.56,31.12
2025-01-30,Temperatura,Ingenuo estacional,27.94,31.65
2025-01-31,Temperatura,Ingenuo estacional,27.69,32.07
2025-02-01,Temperatura,Ingenuo estacional,28.66,32.43
2025-02-02,Temperatura,Ingenuo estacional,29.7,32.67
2025-02-03,Temperatura,Ingenuo estacional,31.79,29.03
2025-02-04,Temperatura,Ingenuo estacional,29.5,32.03
2025-02-05,Temperatura,Ingenuo estacional,25.15,34.32
2025-02-06,Temperatura,Ingenuo estacional,23.97,35.3
2025-02-07,Temperatura,Ingenuo estacional,26.63,35.5
2025-02-08,Temperatura,Ingenuo estacional,29.6,28.25
2025-02-09,Temperatura,Ingenuo estacional,27.01,27.66
2025-02-10,Temperatura,Ingenuo estacional,31.54,29.23
2025-02-11,Temperatura,Ingenuo estacional,26.72,24.44
2025-02-12,Temperatura,Ingenuo estacional,21.3,17.82
2025-02-13,Temperatura,Ingenuo estacional,24.25,19.21
2025-02-14,Temperatura,Ingenuo estacional,26.62,22.1
2025-02-15,Temperatura,Ingenuo estacional,24.12,24.29
2025-02-16,Temperatura,Ingenuo estacional,23.25,25.4
2025-02-17,Temperatura,Ingenuo estacional,23.73,25.96
2025-02-18,Temperatura,Ingenuo estacional,19.3,26.15
2025-02-19,Temperatura,Ingenuo estacional,23.28,26.73
2025-02-20,Temperatura,Ingenuo estacional,26.77,28.2
2025-02-21,Temperatura,Ingenuo estacional,29.73,28.66
2025-02-22,Temperatura,Ingenuo estacional,31.45,21.74
2025-02-23,Temperatura,Ingenuo estacional,31.86,23.8
2025-02-24,Temperatura,Ingenuo estacional,31.76,21.77
2025-02-25,Temperatura,Ingenuo estacional,27.12,23.7
2025-02-26,Temperatura,Ingenuo estacional,25.89,25.05
2025-02-27,Temperatura,Ingenuo estacional,25.41,26.7
2025-02-28,Temperatura,Ingenuo estacional,27.12,26.87
2025-03-01,Temperatura,Ingenuo estacional,26.99,26.31
2025-03-02,Temperatura,Ingenuo estacional,25.36,26.63
2025-03-03,Temperatura,Ingenuo estacional,27.01,19.65
2025-03-04,Temperatura,Ingenuo estacional,27.96,20.18
2025-03-05,Temperatura,Ingenuo estacional,29.38,20.33
2025-03-06,Temperatura,Ingenuo estacional,27.79,21.36
2025-03-07,Temperatura,Ingenuo estacional,28.78,23.53
2025-03-08,Temperatura,Ingenuo estacional,19.16,25.86
2025-03-09,Temperatura,Ingenuo estacional,17.28,26.54
2025-03-10,Temperatura,Ingenuo estacional,18.59,25.15
2025-03-11,Temperatura,Ingenuo estacional,20.43,27.23
2025-03-12,Temperatura,Ingenuo estacional,16.46,29.0
2025-03-13,Temperatura,Ingenuo estacional,16.14,23.03
2025-03-14,Temperatura,Ingenuo estacional,16.91,23.44
2025-03-15,Temperatura,Ingenuo estacional,19.55,23.18
2025-03-16,Temperatura,Ingenuo estacional,20.73,24.03
2025-03-17,Temperatura,Ingenuo estacional,21.06,23.31
2025-03-18,Temperatura,Ingenuo estacional,23.53,24.88
2025-03-19,Temperatura,Ingenuo estacional,24.12,26.46
2025-03-20,Temperatura,Ingenuo estacional,23.98,27.57
2025-03-21,Temperatura,Ingenuo estacional,24.34,16.86
2025-03-22,Temperatura,Ingenuo estacional,23.9,16.4
2025-03-23,Temperatura,Ingenuo estacional,22.01,18.21
2025-03-24,Temperatura,Ingenuo estacional,20.46,22.1
2025-03-25,Temperatura,Ingenuo estacional,21.31,23.2
2025-03-26,Temperatura,Ingenuo estacional,22.34,21.31
2025-03-27,Temperatura,Ingenuo estacional,22.78,21.63
2025-03-28,Temperatura,Ingenuo estacional,22.48,21.65
2025-03-29,Temperatura,Ingenuo estacional,21.2,21.93
2025-03-30,Temperatura,Ingenuo estacional,23.07,24.41
2025-03-31,Temperatura,Ingenuo estacional,15.49,20.0
2025-04-01,Temperatura,Ingenuo estacional,14.95,17.6
2025-04-02,Temperatura,Ingenuo estacional,18.11,17.6
2025-04-03,Temperatura,Ingenuo estacional,17.05,19.02
2025-04-04,Temperatura,Ingenuo estacional,10.91,17.92
2025-04-05,Temperatura,Ingenuo estacional,12.38,18.91
2025-04-06,Temperatura,Ingenuo estacional,16.8,17.13
2025-04-07,Temperatura,Ingenuo estacional,16.05,17.96
2025-04-08,Temperatura,Ingenuo estacional,17.93,19.45
2025-04-09,Temperatura,Ingenuo estacional,19.0,21.61
2025-04-10,Temperatura,Ingenuo estacional,19.9,16.2
2025-04-11,Temperatura,Ingenuo estacional,19.88,15.1
2025-04-12,Temperatura,Ingenuo estacional,17.48,16.52
2025-04-13,Temperatura,Ingenuo estacional,15.28,17.93
2025-04-14,Temperatura,Ingenuo estacional,16.03,21.31
2025-04-15,Temperatura,Ingenuo estacional,15.89,20.04
2025-04-16,Temperatura,Ingenuo estacional,17.6,15.65
2025-04-17,Temperatura,Ingenuo estacional,19.32,16.97
2025-04-18,Temperatura,Ingenuo estacional,17.15,17.86
2025-04-19,Temperatura,Ingenuo estacional,13.88,18.24
2025-04-20,Temperatura,Ingenuo estacional,13.1,20.42
2025-04-21,Temperatura,Ingenuo estacional,16.21,21.63
2025-04-22,Temperatura,Ingenuo estacional,18.43,21.59
2025-04-23,Temperatura,Ingenuo estacional,19.54,17.67
2025-04-24,Temperatura,Ingenuo estacional,19.43,13.55
2025-04-25,Temperatura,Ingenuo estacional,21.01,15.75
2025-04-26,Temperatura,Ingenuo estacional,16.64,19.14
2025-04-27,Temperatura,Ingenuo estacional,13.82,14.38
2025-04-28,Temperatura,Ingenuo estacional,14.68,13.34
2025-04-29,Temperatura,Ingenuo estacional,15.52,16.75
2025-04-30,Temperatura,Ingenuo estacional,16.44,20.55
2025-05-01,Temperatura,Ingenuo estacional,16.55,14.26
2025-05-02,Temperatura,Ingenuo estacional,18.4,10.77
2025-05-03,Temperatura,Ingenuo estacional,19.53,9.9
2025-05-04,Temperatura,Ingenuo estacional,21.79,13.24
2025-05-05,Temperatura,Ingenuo estacional,21.09,17.45
2025-05-06,Temperatura,Ingenuo estacional,22.05,17.83
2025-05-07,Temperatura,Ingenuo estacional,20.37,17.88
2025-05-08,Temperatura,Ingenuo estacional,17.7,13.04
2025-05-09,Temperatura,Ingenuo estacional,15.93,9.46
2025-05-10,Temperatura,Ingenuo estacional,16.74,11.2
2025-05-11,Temperatura,Ingenuo estacional,16.27,11.96
2025-05-12,Temperatura,Ingenuo estacional,14.93,11.38
2025-05-13,Temperatura,Ingenuo estacional,17.32,8.41
2025-05-14,Temperatura,Ingenuo estacional,20.8,8.33
2025-05-15,Temperatura,Ingenuo estacional,22.2,8.75
2025-05-16,Temperatura,Ingenuo estacional,21.34,10.44
2025-05-17,Temperatura,Ingenuo estacional,22.67,9.01
2025-05-18,Temperatura,Ingenuo estacional,12.79,9.72
2025-05-19,Temperatura,Ingenuo estacional,10.09,9.25
2025-05-20,Temperatura,Ingenuo estacional,10.7,10.23
2025-05-21,Temperatura,Ingenuo estacional,11.04,11.14
2025-05-22,Temperatura,Ingenuo estacional,11.13,11.3
2025-05-23,Temperatura,Ingenuo estacional,12.72,11.3
2025-05-24,Temperatura,Ingenuo estacional,13.32,8.18
2025-05-25,Temperatura,Ingenuo estacional,14.52,5.1
2025-05-26,Temperatura,Ingenuo estacional,18.76,7.16
2025-05-27,Temperatura,Ingenuo estacional,12.89,7.29
2025-05-28,Temperatura,Ingenuo estacional,6.92,8.61
2025-05-29,Temperatura,Ingenuo estacional,6.24,12.77
2025-05-30,Temperatura,Ingenuo estacional,8.31,12.69
2025-05-31,Temperatura,Ingenuo estacional,8.98,14.44
2025-06-01,Temperatura,Ingenuo estacional,9.7,14.37
2025-06-02,Temperatura,Ingenuo estacional,10.54,11.59
2025-06-03,Temperatura,Ingenuo estacional,11.23,7.69
2025-06-04,Temperatura,Ingenuo estacional,12.67,9.61
2025-06-05,Temperatura,Ingenuo estacional,11.28,11.96
2025-06-06,Temperatura,Ingenuo estacional,10.28,15.74
2025-06-07,Temperatura,Ingenuo estacional,9.8,20.56
2025-06-08,Temperatura,Ingenuo estacional,10.49,21.16
2025-06-09,Temperatura,Ingenuo estacional,8.79,19.38
2025-06-10,Temperatura,Ingenuo estacional,10.03,13.87
2025-06-11,Temperatura,Ingenuo estacional,10.03,14.45
2025-06-12,Temperatura,Ingenuo estacional,10.42,20.44
2025-06-13,Temperatura,Ingenuo estacional,13.03,22.32
2025-06-14,Temperatura,Ingenuo estacional,8.64,17.51
2025-06-15,Temperatura,Ingenuo estacional,7.2,13.75
2025-06-16,Temperatura,Ingenuo estacional,10.1,12.11
2025-06-17,Temperatura,Ingenuo estacional,9.14,12.45
2025-06-18,Temperatura,Ingenuo estacional,7.86,16.04
2025-06-19,Temperatura,Ingenuo estacional,9.06,14.15
2025-06-20,Temperatura,Ingenuo estacional,9.25,11.65
2025-06-21,Temperatura,Ingenuo estacional,9.29,17.16
2025-06-22,Temperatura,Ingenuo estacional,9.02,15.5
2025-06-23,Temperatura,Ingenuo estacional,4.04,10.58
2025-06-24,Temperatura,Ingenuo estacional,5.21,6.74
2025-06-25,Temperatura,Ingenuo estacional,6.71,7.9
2025-06-26,Temperatura,Ingenuo estacional,7.13,8.35
2025-06-27,Temperatura,Ingenuo estacional,7.01,10.96
2025-06-28,Temperatura,Ingenuo estacional,6.35,8.67
2025-06-29,Temperatura,Ingenuo estacional,4.23,5.78
2025-06-30,Temperatura,Ingenuo estacional,2.1,7.52
2025-07-01,Temperatura,Ingenuo estacional,2.4,8.19
2025-07-02,Temperatura,Ingenuo estacional,2.62,9.69
2025-07-03,Temperatura,Ingenuo estacional,5.5,7.7
2025-07-04,Temperatura,Ingenuo estacional,7.67,7.34
2025-07-05,Temperatura,Ingenuo estacional,9.52,4.67
2025-07-06,Temperatura,Ingenuo estacional,12.92,4.36
2025-07-07,Temperatura,Ingenuo estacional,14.53,5.5
2025-07-08,Temperatura,Ingenuo estacional,13.4,3.3
2025-07-09,Temperatura,Ingenuo estacional,14.18,1.8
2025-07-10,Temperatura,Ingenuo estacional,12.93,2.97
2025-07-11,Temperatura,Ingenuo estacional,12.28,5.06
2025-07-12,Temperatura,Ingenuo estacional,12.85,6.57
2025-07-13,Temperatura,Ingenuo estacional,13.35,5.36
2025-07-14,Temperatura,Ingenuo estacional,14.34,5.37
2025-07-15,Temperatura,Ingenuo estacional,18.01,9.81
2025-07-16,Temperatura,Ingenuo estacional,10.95,12.3
2025-07-17,Temperatura,Ingenuo estacional,7.52,12.04
2025-07-18,Temperatura,Ingenuo estacional,8.13,12.83
2025-07-19,Temperatura,Ingenuo estacional,10.0,12.3
2025-07-20,Temperatura,Ingenuo estacional,12.22,9.69
2025-07-21,Temperatura,Ingenuo estacional,13.41,10.74
2025-07-22,Temperatura,Ingenuo estacional,10.52,11.88
2025-07-23,Temperatura,Ingenuo estacional,8.33,14.21
2025-07-24,Temperatura,Ingenuo estacional,9.87,15.7
2025-07-25,Temperatura,Ingenuo estacional,13.54,12.68
2025-07-26,Temperatura,Ingenuo estacional,10.64,13.04
2025-07-27,Temperatura,Ingenuo estacional,7.81,12.66
2025-07-28,Temperatura,Ingenuo estacional,9.85,9.67
2025-07-29,Temperatura,Ingenuo estacional,9.9,7.08
2025-07-30,Temperatura,Ingenuo estacional,11.76,6.59
2025-07-31,Temperatura,Ingenuo estacional,14.3,12.88
2025-08-01,Temperatura,Ingenuo estacional,16.98,19.5
2025-08-02,Temperatura,Ingenuo estacional,12.73,22.53
2025-08-03,Temperatura,Ingenuo estacional,12.15,15.02
2025-08-04,Temperatura,Ingenuo estacional,10.32,11.93
2025-08-05,Temperatura,Ingenuo estacional,9.5,12.47
2025-08-06,Temperatura,Ingenuo estacional,10.82,14.77
2025-08-07,Temperatura,Ingenuo estacional,10.28,10.0
2025-08-08,Temperatura,Ingenuo estacional,7.51,6.79
2025-08-09,Temperatura,Ingenuo estacional,8.92,5.18
2025-08-10,Temperatura,Ingenuo estacional,9.68,8.14
2025-08-11,Temperatura,Ingenuo estacional,11.44,9.51
2025-08-12,Temperatura,Ingenuo estacional,13.83,7.82
2025-08-13,Temperatura,Ingenuo estacional,11.64,10.57
2025-08-14,Temperatura,Ingenuo estacional,8.59,12.13
2025-08-15,Temperatura,Ingenuo estacional,7.91,14.08
2025-08-16,Temperatura,Ingenuo estacional,8.5,12.34
2025-08-17,Temperatura,Ingenuo estacional,11.31,11.61
2025-08-18,Temperatura,Ingenuo estacional,13.99,12.87
2025-08-19,Temperatura,Ingenuo estacional,15.18,13.17
2025-08-20,Temperatura,Ingenuo estacional,13.81,10.54
2025-08-21,Temperatura,Ingenuo estacional,13.88,9.34
2025-08-22,Temperatura,Ingenuo estacional,12.7,7.53
2025-08-23,Temperatura,Ingenuo estacional,8.55,6.63
2025-08-24,Temperatura,Ingenuo estacional,9.0,7.58
2025-08-25,Temperatura,Ingenuo estacional,11.66,7.55
2025-08-26,Temperatura,Ingenuo estacional,13.88,9.39
2025-08-27,Temperatura,Ingenuo estacional,14.26,11.27
2025-08-28,Temperatura,Ingenuo estacional,14.98,11.9
2025-08-29,Temperatura,Ingenuo estacional,17.56,12.31
2025-08-30,Temperatura,Ingenuo estacional,18.05,10.86
2025-08-31,Temperatura,Ingenuo estacional,16.77,8.71
2025-09-01,Temperatura,Ingenuo estacional,10.56,9.82
2025-09-02,Temperatura,Ingenuo estacional,12.26,13.78
2025-09-03,Temperatura,Ingenuo estacional,12.28,13.94
2025-09-04,Temperatura,Ingenuo estacional,7.31,13.73
2025-09-05,Temperatura,Ingenuo estacional,7.01,12.59
2025-09-06,Temperatura,Ingenuo estacional,8.22,15.42
2025-09-07,Temperatura,Ingenuo estacional,9.48,16.31
2025-09-08,Temperatura,Ingenuo estacional,11.79,16.54
2025-09-09,Temperatura,Ingenuo estacional,13.32,15.96
2025-09-10,Temperatura,Ingenuo estacional,14.72,18.6
2025-09-11,Temperatura,Ingenuo estacional,14.36,15.62
2025-09-12,Temperatura,Ingenuo estacional,14.44,14.46
2025-09-13,Temperatura,Ingenuo estacional,15.36,14.71
2025-09-14,Temperatura,Ingenuo estacional,16.57,13.68
2025-09-15,Temperatura,Ingenuo estacional,16.86,14.67
2025-09-16,Temperatura,Ingenuo estacional,17.62,17.75
2025-09-17,Temperatura,Ingenuo estacional,18.93,18.03
2025-09-18,Temperatura,Ingenuo estacional,18.29,21.6
2025-09-19,Temperatura,Ingenuo estacional,22.74,20.16
2025-09-20,Temperatura,Ingenuo estacional,20.54,17.76
2025-09-21,Temperatura,Ingenuo estacional,13.63,20.09
2025-09-22,Temperatura,Ingenuo estacional,13.65,20.8
2025-09-23,Temperatura,Ingenuo estacional,15.6,17.45
2025-09-24,Temperatura,Ingenuo estacional,15.63,17.0
2025-09-25,Temperatura,Ingenuo estacional,14.68,18.54
2025-09-26,Temperatura,Ingenuo estacional,16.94,15.83
2025-09-27,Temperatura,Ingenuo estacional,16.31,15.82
2025-09-28,Temperatura,Ingenuo estacional,14.92,19.95
2025-09-29,Temperatura,Ingenuo estacional,17.37,23.08
2025-09-30,Temperatura,Ingenuo estacional,16.84,26.1
2025-10-01,Temperatura,Ingenuo estacional,16.45,20.15
2025-10-02,Temperatura,Ingenuo estacional,17.92,16.11
2025-10-03,Temperatura,Ingenuo estacional,20.66,16.13
2025-10-04,Temperatura,Ingenuo estacional,24.59,17.72
2025-10-05,Temperatura,Ingenuo estacional,18.38,21.13
2025-10-06,Temperatura,Ingenuo estacional,13.13,19.88
2025-10-07,Temperatura,Ingenuo estacional,15.29,18.81
2025-10-08,Temperatura,Ingenuo estacional,16.79,19.92
2025-10-09,Temperatura,Ingenuo estacional,18.65,18.12
2025-10-10,Temperatura,Ingenuo estacional,20.54,18.99
2025-10-11,Temperatura,Ingenuo estacional,22.0,22.53
2025-10-12,Temperatura,Ingenuo estacional,16.16,18.01
2025-10-13,Temperatura,Ingenuo estacional,18.65,18.77
2025-10-14,Temperatura,Ingenuo estacional,20.37,21.04
2025-10-15,Temperatura,Ingenuo estacional,21.69,21.09
2025-10-16,Temperatura,Ingenuo estacional,23.27,22.26
2025-10-17,Temperatura,Ingenuo estacional,18.6,20.66
2025-10-18,Temperatura,Ingenuo estacional,18.01,21.56
2025-10-19,Temperatura,Ingenuo estacional,18.31,22.63
2025-10-20,Temperatura,Ingenuo estacional,19.78,24.92
2025-10-21,Temperatura,Ingenuo estacional,23.38,28.35
2025-10-22,Temperatura,Ingenuo estacional,21.78,26.94
2025-10-23,Temperatura,Ingenuo estacional,25.46,22.81
2025-10-24,Temperatura,Ingenuo estacional,21.93,18.42
2025-10-25,Temperatura,Ingenuo estacional,17.96,16.86
2025-10-26,Temperatura,Ingenuo estacional,18.15,18.03
2025-10-27,Temperatura,Ingenuo estacional,14.6,20.8
2025-10-28,Temperatura,Ingenuo estacional,12.05,22.41
2025-10-29,Temperatura,Ingenuo estacional,13.64,24.33
2025-10-30,Temperatura,Ingenuo estacional,16.09,24.69
2025-10-31,Temperatura,Ingenuo estacional,19.05,24.08
2025-11-01,Temperatura,Ingenuo estacional,22.36,25.47
2025-11-02,Temperatura,Ingenuo estacional,23.34,22.98
2025-11-03,Temperatura,Ingenuo estacional,24.55,22.65
2025-11-04,Temperatura,Ingenuo estacional,21.47,21.63
2025-11-05,Temperatura,Ingenuo estacional,17.97,20.24
2025-11-06,Temperatura,Ingenuo estacional,16.86,21.59
2025-11-07,Temperatura,Ingenuo estacional,14.3,21.34
2025-11-08,Temperatura,Ingenuo estacional,16.29,21.64
2025-11-09,Temperatura,Ingenuo estacional,19.35,23.92
2025-11-10,Temperatura,Ingenuo estacional,21.27,24.2
2025-11-11,Temperatura,Ingenuo estacional,22.51,19.46
2025-11-12,Temperatura,Ingenuo estacional,19.43,19.51
2025-11-13,Temperatura,Ingenuo estacional,22.03,23.24
2025-11-14,Temperatura,Ingenuo estacional,23.88,25.02
2025-11-15,Temperatura,Ingenuo estacional,26.29,26.55
2025-11-16,Temperatura,Ingenuo estacional,20.84,28.22
2025-11-17,Temperatura,Ingenuo estacional,17.85,18.86
2025-11-18,Temperatura,Ingenuo estacional,21.09,20.27
2025-11-19,Temperatura,Ingenuo estacional,22.44,21.28
2025-11-20,Temperatura,Ingenuo estacional,25.14,22.35
2025-11-21,Temperatura,Ingenuo estacional,18.83,23.17
2025-11-22,Temperatura,Ingenuo estacional,18.14,24.34
2025-11-23,Temperatura,Ingenuo estacional,19.43,25.98
2025-11-24,Temperatura,Ingenuo estacional,21.32,26.62
2025-11-25,Temperatura,Ingenuo estacional,24.25,26.17
2025-11-26,Temperatura,Ingenuo estacional,26.91,27.68
2025-11-27,Temperatura,Ingenuo estacional,28.43,24.86
2025-11-28,Temperatura,Ingenuo estacional,28.06,25.53
2025-11-29,Temperatura,Ingenuo estacional,19.22,21.54
2025-11-30,Temperatura,Ingenuo estacional,19.41,23.02
2025-12-01,Temperatura,Ingenuo estacional,22.02,23.07
2025-12-02,Temperatura,Ingenuo estacional,23.35,19.26
2025-12-03,Temperatura,Ingenuo estacional,26.49,18.64
2025-12-04,Temperatura,Ingenuo estacional,27.22,22.19
2025-12-05,Temperatura,Ingenuo estacional,29.21,26.28
2025-12-06,Temperatura,Ingenuo estacional,27.18,22.9
2025-12-07,Temperatura,Ingenuo estacional,24.4,18.95
2025-12-08,Temperatura,Ingenuo estacional,21.29,18.85
2025-12-09,Temperatura,Ingenuo estacional,24.01,21.23
2025-12-10,Temperatura,Ingenuo estacional,25.93,24.08
2025-12-11,Temperatura,Ingenuo estacional,26.98,25.06
2025-12-12,Temperatura,Ingenuo estacional,27.45,27.61
2025-12-13,Temperatura,Ingenuo estacional,28.04,25.01
2025-12-14,Temperatura,Ingenuo estacional,23.24,25.24
2025-12-15,Temperatura,Ingenuo estacional,20.86,23.56
2025-12-16,Temperatura,Ingenuo estacional,21.18,23.88
2025-12-17,Temperatura,Ingenuo estacional,24.41,25.26
2025-12-18,Temperatura,Ingenuo estacional,26.73,23.82
2025-12-19,Temperatura,Ingenuo estacional,28.38,26.12
2025-12-20,Temperatura,Ingenuo estacional,25.83,26.71
2025-12-21,Temperatura,Ingenuo estacional,25.89,18.94
2025-12-22,Temperatura,Ingenuo estacional,25.19,21.74
2025-12-23,Temperatura,Ingenuo estacional,27.41,24.02
2025-12-24,Temperatura,Ingenuo estacional,29.08,22.74
2025-12-25,Temperatura,Ingenuo estacional,25.35,20.81
2025-12-26,Temperatura,Ingenuo estacional,27.89,21.48
2025-12-27,Temperatura,Ingenuo estacional,28.93,23.8
2025-12-28,Temperatura,Ingenuo estacional,25.32,25.6
2025-12-29,Temperatura,Ingenuo estacional,29.13,25.77
2025-12-30,Temperatura,Ingenuo estacional,30.31,26.42
2025-12-31,Temperatura,Ingenuo estacional,31.76,28.3
2025-01-01,Temperatura,"ARIMA(1,1,1)",28.37,28.60382008993977
2025-01-02,Temperatura,"ARIMA(1,1,1)",28.47,28.518651762017033
2025-01-03,Temperatura,"ARIMA(1,1,1)",26.33,28.54252656266828
2025-01-04,Temperatura,"ARIMA(1,1,1)",26.69,28.535833862223885
2025-01-05,Temperatura,"ARIMA(1,1,1)",26.23,28.537709992621483
2025-01-06,Temperatura,"ARIMA(1,1,1)",27.25,28.53718406660731
2025-01-07,Temperatura,"ARIMA(1,1,1)",28.9,28.537331496750088
2025-01-08,Temperatura,"ARIMA(1,1,1)",29.56,28.53729016841414
2025-01-09,Temperatura,"ARIMA(1,1,1)",29.36,28.53730175377464
2025-01-10,Temperatura,"ARIMA(1,1,1)",29.94,28.537298506109934
2025-01-11,Temperatura,"ARIMA(1,1,1)",28.98,28.53729941651113
2025-01-12,Temperatura,"ARIMA(1,1,1)",28.5,28.53729916130303
2025-01-13,Temperatura,"ARIMA(1,1,1)",28.97,28.537299232844205
2025-01-14,Temperatura,"ARIMA(1,1,1)",29.65,28.537299212789435
2025-01-15,Temperatura,"ARIMA(1,1,1)",31.4,28.537299218411285
2025-01-16,Temperatura,"ARIMA(1,1,1)",33.13,28.53729921683534
2025-01-17,Temperatura,"ARIMA(1,1,1)",31.51,28.537299217277116
2025-01-18,Temperatura,"ARIMA(1,1,1)",28.08,28.537299217153276
2025-01-19,Temperatura,"ARIMA(1,1,1)",24.07,28.537299217187993
2025-01-20,Temperatura,"ARIMA(1,1,1)",24.51,28.537299217178262
2025-01-21,Temperatura,"ARIMA(1,1,1)",26.63,28.53729921718099
2025-01-22,Temperatura,"ARIMA(1,1,1)",29.58,28.537299217180227
2025-01-23,Temperatura,"ARIMA(1,1,1)",29.65,28.53729921718044
2025-01-24,Temperatura,"ARIMA(1,1,1)",28.97,28.53729921718038
2025-01-25,Temperatura,"ARIMA(1,1,1)",27.99,28.537299217180397
2025-01-26,Temperatura,"ARIMA(1,1,1)",27.98,28.537299217180394
2025-01-27,Temperatura,"ARIMA(1,1,1)",28.67,28.537299217180394
2025-01-28,Temperatura,"ARIMA(1,1,1)",25.76,28.537299217180394
2025-01-29,Temperatura,"ARIMA(1,1,1)",26.56,28.537299217180394
2025-01-30,Temperatura,"ARIMA(1,1,1)",27.94,28.537299217180394
2025-01-31,Temperatura,"ARIMA(1,1,1)",27.69,28.537299217180394
2025-02-01,Temperatura,"ARIMA(1,1,1)",28.66,28.537299217180394
2025-02-02,Temperatura,"ARIMA(1,1,1)",29.7,28.537299217180394
2025-02-03,Temperatura,"ARIMA(1,1,1)",31.79,28.537299217180394
2025-02-04,Temperatura,"ARIMA(1,1,1)",29.5,28.537299217180394
2025-02-05,Temperatura,"ARIMA(1,1,1)",25.15,28.537299217180394
2025-02-06,Temperatura,"ARIMA(1,1,1)",23.97,28.537299217180394
2025-02-07,Temperatura,"ARIMA(1,1,1)",26.63,28.537299217180394
2025-02-08,Temperatura,"ARIMA(1,1,1)",29.6,28.537299217180394
2025-02-09,Temperatura,"ARIMA(1,1,1)",27.01,28.537299217180394
2025-02-10,Temperatura,"ARIMA(1,1,1)",31.54,28.537299217180394
2025-02-11,Temperatura,"ARIMA(1,1,1)",26.72,28.537299217180394
2025-02-12,Temperatura,"ARIMA(1,1,1)",21.3,28.537299217180394
2025-02-13,Temperatura,"ARIMA(1,1,1)",24.25,28.537299217180394
2025-02-14,Temperatura,"ARIMA(1,1,1)",26.62,28.537299217180394
2025-02-15,Temperatura,"ARIMA(1,1,1)",24.12,28.537299217180394
2025-02-16,Temperatura,"ARIMA(1,1,1)",23.25,28.537299217180394
2025-02-17,Temperatura,"ARIMA(1,1,1)",23.73,28.537299217180394
2025-02-18,Temperatura,"ARIMA(1,1,1)",19.3,28.537299217180394
2025-02-19,Temperatura,"ARIMA(1,1,1)",23.28,28.537299217180394
2025-02-20,Temperatura,"ARIMA(1,1,1)",26.77,28.537299217180394
2025-02-21,Temperatura,"ARIMA(1,1,1)",29.73,28.537299217180394
2025-02-22,Temperatura,"ARIMA(1,1,1)",31.45,28.537299217180394
2025-02-23,Temperatura,"ARIMA(1,1,1)",31.86,28.537299217180394
2025-02-24,Temperatura,"ARIMA(1,1,1)",31.76,28.537299217180394
2025-02-25,Temperatura,"ARIMA(1,1,1)",27.12,28.537299217180394
2025-02-26,Temperatura,"ARIMA(1,1,1)",25.89,28.537299217180394
2025-02-27,Temperatura,"ARIMA(1,1,1)",25.41,28.537299217180394
2025-02-28,Temperatura,"ARIMA(1,1,1)",27.12,28.537299217180394
2025-03-01,Temperatura,"ARIMA(1,1,1)",26.99,28.537299217180394
2025-03-02,Temperatura,"ARIMA(1,1,1)",25.36,28.537299217180394
2025-03-03,Temperatura,"ARIMA(1,1,1)",27.01,28.537299217180394
2025-03-04,Temperatura,"ARIMA(1,1,1)",27.96,28.537299217180394
2025-03-05,Temperatura,"ARIMA(1,1,1)",29.38,28.537299217180394
2025-03-06,Temperatura,"ARIMA(1,1,1)",27.79,28.537299217180394
2025-03-07,Temperatura,"ARIMA(1,1,1)",28.78,28.537299217180394
2025-03-08,Temperatura,"ARIMA(1,1,1)",19.16,28.537299217180394
2025-03-09,Temperatura,"ARIMA(1,1,1)",17.28,28.537299217180394
2025-03-10,Temperatura,"ARIMA(1,1,1)",18.59,28.537299217180394
2025-03-11,Temperatura,"ARIMA(1,1,1)",20.43,28.537299217180394
2025-03-12,Temperatura,"ARIMA(1,1,1)",16.46,28.537299217180394
2025-03-13,Temperatura,"ARIMA(1,1,1)",16.14,28.537299217180394
2025-03-14,Temperatura,"ARIMA(1,1,1)",16.91,28.537299217180394
2025-03-15,Temperatura,"ARIMA(1,1,1)",19.55,28.537299217180394
2025-03-16,Temperatura,"ARIMA(1,1,1)",20.73,28.537299217180394
2025-03-17,Temperatura,"ARIMA(1,1,1)",21.06,28.537299217180394
2025-03-18,Temperatura,"ARIMA(1,1,1)",23.53,28.537299217180394
2025-03-19,Temperatura,"ARIMA(1,1,1)",24.12,28.537299217180394
2025-03-20,Temperatura,"ARIMA(1,1,1)",23.98,28.537299217180394
2025-03-21,Temperatura,"ARIMA(1,1,1)",24.34,28.537299217180394
2025-03-22,Temperatura,"ARIMA(1,1,1)",23.9,28.537299217180394
2025-03-23,Temperatura,"ARIMA(1,1,1)",22.01,28.537299217180394
2025-03-24,Temperatura,"ARIMA(1,1,1)",20.46,28.537299217180394
2025-03-25,Temperatura,"ARIMA(1,1,1)",21.31,28.537299217180394
2025-03-26,Temperatura,"ARIMA(1,1,1)",22.34,28.537299217180394
2025-03-27,Temperatura,"ARIMA(1,1,1)",22.78,28.537299217180394
2025-03-28,Temperatura,"ARIMA(1,1,1)",22.48,28.537299217180394
2025-03-29,Temperatura,"ARIMA(1,1,1)",21.2,28.537299217180394
2025-03-30,Temperatura,"ARIMA(1,1,1)",23.07,28.537299217180394
2025-03-31,Temperatura,"ARIMA(1,1,1)",15.49,28.537299217180394
2025-04-01,Temperatura,"ARIMA(1,1,1)",14.95,28.537299217180394
2025-04-02,Temperatura,"ARIMA(1,1,1)",18.11,28.537299217180394
2025-04-03,Temperatura,"ARIMA(1,1,1)",17.05,28.537299217180394
2025-04-04,Temperatura,"ARIMA(1,1,1)",10.91,28.537299217180394
2025-04-05,Temperatura,"ARIMA(1,1,1)",12.38,28.537299217180394
2025-04-06,Temperatura,"ARIMA(1,1,1)",16.8,28.537299217180394
2025-04-07,Temperatura,"ARIMA(1,1,1)",16.05,28.537299217180394
2025-04-08,Temperatura,"ARIMA(1,1,1)",17.93,28.537299217180394
2025-04-09,Temperatura,"ARIMA(1,1,1)",19.0,28.537299217180394
2025-04-10,Temperatura,"ARIMA(1,1,1)",19.9,28.537299217180394
2025-04-11,Temperatura,"ARIMA(1,1,1)",19.88,28.537299217180394
2025-04-12,Temperatura,"ARIMA(1,1,1)",17.48,28.537299217180394
2025-04-13,Temperatura,"ARIMA(1,1,1)",15.28,28.537299217180394
2025-04-14,Temperatura,"ARIMA(1,1,1)",16.03,28.537299217180394
2025-04-15,Temperatura,"ARIMA(1,1,1)",15.89,28.537299217180394
2025-04-16,Temperatura,"ARIMA(1,1,1)",17.6,28.537299217180394
2025-04-17,Temperatura,"ARIMA(1,1,1)",19.32,28.537299217180394
2025-04-18,Temperatura,"ARIMA(1,1,1)",17.15,28.537299217180394
2025-04-19,Temperatura,"ARIMA(1,1,1)",13.88,28.537299217180394
2025-04-20,Temperatura,"ARIMA(1,1,1)",13.1,28.537299217180394
2025-04-21,Temperatura,"ARIMA(1,1,1)",16.21,28.537299217180394
2025-04-22,Temperatura,"ARIMA(1,1,1)",18.43,28.537299217180394
2025-04-23,Temperatura,"ARIMA(1,1,1)",19.54,28.537299217180394
2025-04-24,Temperatura,"ARIMA(1,1,1)",19.43,28.537299217180394
2025-04-25,Temperatura,"ARIMA(1,1,1)",21.01,28.537299217180394
2025-04-26,Temperatura,"ARIMA(1,1,1)",16.64,28.537299217180394
2025-04-27,Temperatura,"ARIMA(1,1,1)",13.82,28.537299217180394
2025-04-28,Temperatura,"ARIMA(1,1,1)",14.68,28.537299217180394
2025-04-29,Temperatura,"ARIMA(1,1,1)",15.52,28.537299217180394
2025-04-30,Temperatura,"ARIMA(1,1,1)",16.44,28.537299217180394
2025-05-01,Temperatura,"ARIMA(1,1,1)",16.55,28.537299217180394
2025-05-02,Temperatura,"ARIMA(1,1,1)",18.4,28.537299217180394
2025-05-03,Temperatura,"ARIMA(1,1,1)",19.53,28.537299217180394
2025-05-04,Temperatura,"ARIMA(1,1,1)",21.79,28.537299217180394
2025-05-05,Temperatura,"ARIMA(1,1,1)",21.09,28.537299217180394
2025-05-06,Temperatura,"ARIMA(1,1,1)",22.05,28.537299217180394
2025-05-07,Temperatura,"ARIMA(1,1,1)",20.37,28.537299217180394
2025-05-08,Temperatura,"ARIMA(1,1,1)",17.7,28.537299217180394
2025-05-09,Temperatura,"ARIMA(1,1,1)",15.93,28.537299217180394
2025-05-10,Temperatura,"ARIMA(1,1,1)",16.74,28.537299217180394
2025-05-11,Temperatura,"ARIMA(1,1,1)",16.27,28.537299217180394
2025-05-12,Temperatura,"ARIMA(1,1,1)",14.93,28.537299217180394
2025-05-13,Temperatura,"ARIMA(1,1,1)",17.32,28.537299217180394
2025-05-14,Temperatura,"ARIMA(1,1,1)",20.8,28.537299217180394
2025-05-15,Temperatura,"ARIMA(1,1,1)",22.2,28.537299217180394
2025-05-16,Temperatura,"ARIMA(1,1,1)",21.34,28.537299217180394
2025-05-17,Temperatura,"ARIMA(1,1,1)",22.67,28.537299217180394
2025-05-18,Temperatura,"ARIMA(1,1,1)",12.79,28.537299217180394
2025-05-19,Temperatura,"ARIMA(1,1,1)",10.09,28.537299217180394
2025-05-20,Temperatura,"ARIMA(1,1,1)",10.7,28.537299217180394
2025-05-21,Temperatura,"ARIMA(1,1,1)",11.04,28.537299217180394
2025-05-22,Temperatura,"ARIMA(1,1,1)",11.13,28.537299217180394
2025-05-23,Temperatura,"ARIMA(1,1,1)",12.72,28.537299217180394
2025-05-24,Temperatura,"ARIMA(1,1,1)",13.32,28.537299217180394
2025-05-25,Temperatura,"ARIMA(1,1,1)",14.52,28.537299217180394
2025-05-26,Temperatura,"ARIMA(1,1,1)",18.76,28.537299217180394
2025-05-27,Temperatura,"ARIMA(1,1,1)",12.89,28.537299217180394
2025-05-28,Temperatura,"ARIMA(1,1,1)",6.92,28.537299217180394
2025-05-29,Temperatura,"ARIMA(1,1,1)",6.24,28.537299217180394
2025-05-30,Temperatura,"ARIMA(1,1,1)",8.31,28.537299217180394
2025-05-31,Temperatura,"ARIMA(1,1,1)",8.98,28.537299217180394
2025-06-01,Temperatura,"ARIMA(1,1,1)",9.7,28.537299217180394
2025-06-02,Temperatura,"ARIMA(1,1,1)",10.54,28.537299217180394
2025-06-03,Temperatura,"ARIMA(1,1,1)",11.23,28.537299217180394
2025-06-04,Temperatura,"ARIMA(1,1,1)",12.67,28.537299217180394
2025-06-05,Temperatura,"ARIMA(1,1,1)",11.28,28.537299217180394
2025-06-06,Temperatura,"ARIMA(1,1,1)",10.28,28.537299217180394
2025-06-07,Temperatura,"ARIMA(1,1,1)",9.8,28.537299217180394
2025-06-08,Temperatura,"ARIMA(1,1,1)",10.49,28.537299217180394
2025-06-09,Temperatura,"ARIMA(1,1,1)",8.79,28.537299217180394
2025-06-10,Temperatura,"ARIMA(1,1,1)",10.03,28.537299217180394
2025-06-11,Temperatura,"ARIMA(1,1,1)",10.03,28.537299217180394
2025-06-12,Temperatura,"ARIMA(1,1,1)",10.42,28.537299217180394
2025-06-13,Temperatura,"ARIMA(1,1,1)",13.03,28.537299217180394
2025-06-14,Temperatura,"ARIMA(1,1,1)",8.64,28.537299217180394
2025-06-15,Temperatura,"ARIMA(1,1,1)",7.2,28.537299217180394
2025-06-16,Temperatura,"ARIMA(1,1,1)",10.1,28.537299217180394
2025-06-17,Temperatura,"ARIMA(1,1,1)",9.14,28.537299217180394
2025-06-18,Temperatura,"ARIMA(1,1,1)",7.86,28.537299217180394
2025-06-19,Temperatura,"ARIMA(1,1,1)",9.06,28.537299217180394
2025-06-20,Temperatura,"ARIMA(1,1,1)",9.25,28.537299217180394
2025-06-21,Temperatura,"ARIMA(1,1,1)",9.29,28.537299217180394
2025-06-22,Temperatura,"ARIMA(1,1,1)",9.02,28.537299217180394
2025-06-23,Temperatura,"ARIMA(1,1,1)",4.04,28.537299217180394
2025-06-24,Temperatura,"ARIMA(1,1,1)",5.21,28.537299217180394
2025-06-25,Temperatura,"ARIMA(1,1,1)",6.71,28.537299217180394
2025-06-26,Temperatura,"ARIMA(1,1,1)",7.13,28.537299217180394
2025-06-27,Temperatura,"ARIMA(1,1,1)",7.01,28.537299217180394
2025-06-28,Temperatura,"ARIMA(1,1,1)",6.35,28.537299217180394
2025-06-29,Temperatura,"ARIMA(1,1,1)",4.23,28.537299217180394
2025-06-30,Temperatura,"ARIMA(1,1,1)",2.1,28.537299217180394
2025-07-01,Temperatura,"ARIMA(1,1,1)",2.4,28.537299217180394
2025-07-02,Temperatura,"ARIMA(1,1,1)",2.62,28.537299217180394
2025-07-03,Temperatura,"ARIMA(1,1,1)",5.5,28.537299217180394
2025-07-04,Temperatura,"ARIMA(1,1,1)",7.67,28.537299217180394
2025-07-05,Temperatura,"ARIMA(1,1,1)",9.52,28.537299217180394
2025-07-06,Temperatura,"ARIMA(1,1,1)",12.92,28.537299217180394
2025-07-07,Temperatura,"ARIMA(1,1,1)",14.53,28.537299217180394
2025-07-08,Temperatura,"ARIMA(1,1,1)",13.4,28.537299217180394
2025-07-09,Temperatura,"ARIMA(1,1,1)",14.18,28.537299217180394
2025-07-10,Temperatura,"ARIMA(1,1,1)",12.93,28.537299217180394
2025-07-11,Temperatura,"ARIMA(1,1,1)",12.28,28.537299217180394
2025-07-12,Temperatura,"ARIMA(1,1,1)",12.85,28.537299217180394
2025-07-13,Temperatura,"ARIMA(1,1,1)",13.35,28.537299217180394
2025-07-14,Temperatura,"ARIMA(1,1,1)",14.34,28.537299217180394
2025-07-15,Temperatura,"ARIMA(1,1,1)",18.01,28.537299217180394
2025-07-16,Temperatura,"ARIMA(1,1,1)",10.95,28.537299217180394
2025-07-17,Temperatura,"ARIMA(1,1,1)",7.52,28.537299217180394
2025-07-18,Temperatura,"ARIMA(1,1,1)",8.13,28.537299217180394
2025-07-19,Temperatura,"ARIMA(1,1,1)",10.0,28.537299217180394
2025-07-20,Temperatura,"ARIMA(1,1,1)",12.22,28.537299217180394
2025-07-21,Temperatura,"ARIMA(1,1,1)",13.41,28.537299217180394
2025-07-22,Temperatura,"ARIMA(1,1,1)",10.52,28.537299217180394
2025-07-23,Temperatura,"ARIMA(1,1,1)",8.33,28.537299217180394
2025-07-24,Temperatura,"ARIMA(1,1,1)",9.87,28.537299217180394
2025-07-25,Temperatura,"ARIMA(1,1,1)",13.54,28.537299217180394
2025-07-26,Temperatura,"ARIMA(1,1,1)",10.64,28.537299217180394
2025-07-27,Temperatura,"ARIMA(1,1,1)",7.81,28.537299217180394
2025-07-28,Temperatura,"ARIMA(1,1,1)",9.85,28.537299217180394
2025-07-29,Temperatura,"ARIMA(1,1,1)",9.9,28.537299217180394
2025-07-30,Temperatura,"ARIMA(1,1,1)",11.76,28.537299217180394
2025-07-31,Temperatura,"ARIMA(1,1,1)",14.3,28.537299217180394
2025-08-01,Temperatura,"ARIMA(1,1,1)",16.98,28.537299217180394
2025-08-02,Temperatura,"ARIMA(1,1,1)",12.73,28.537299217180394
2025-08-03,Temperatura,"ARIMA(1,1,1)",12.15,28.537299217180394
2025-08-04,Temperatura,"ARIMA(1,1,1)",10.32,28.537299217180394
2025-08-05,Temperatura,"ARIMA(1,1,1)",9.5,28.537299217180394
2025-08-06,Temperatura,"ARIMA(1,1,1)",10.82,28.537299217180394
2025-08-07,Temperatura,"ARIMA(1,1,1)",10.28,28.537299217180394
2025-08-08,Temperatura,"ARIMA(1,1,1)",7.51,28.537299217180394
2025-08-09,Temperatura,"ARIMA(1,1,1)",8.92,28.537299217180394
2025-08-10,Temperatura,"ARIMA(1,1,1)",9.68,28.537299217180394
2025-08-11,Temperatura,"ARIMA(1,1,1)",11.44,28.537299217180394
2025-08-12,Temperatura,"ARIMA(1,1,1)",13.83,28.537299217180394
2025-08-13,Temperatura,"ARIMA(1,1,1)",11.64,28.537299217180394
2025-08-14,Temperatura,"ARIMA(1,1,1)",8.59,28.537299217180394
2025-08-15,Temperatura,"ARIMA(1,1,1)",7.91,28.537299217180394
2025-08-16,Temperatura,"ARIMA(1,1,1)",8.5,28.537299217180394
2025-08-17,Temperatura,"ARIMA(1,1,1)",11.31,28.537299217180394
2025-08-18,Temperatura,"ARIMA(1,1,1)",13.99,28.537299217180394
2025-08-19,Temperatura,"ARIMA(1,1,1)",15.18,28.537299217180394
2025-08-20,Temperatura,"ARIMA(1,1,1)",13.81,28.537299217180394
2025-08-21,Temperatura,"ARIMA(1,1,1)",13.88,28.537299217180394
2025-08-22,Temperatura,"ARIMA(1,1,1)",12.7,28.537299217180394
2025-08-23,Temperatura,"ARIMA(1,1,1)",8.55,28.537299217180394
2025-08-24,Temperatura,"ARIMA(1,1,1)",9.0,28.537299217180394
2025-08-25,Temperatura,"ARIMA(1,1,1)",11.66,28.537299217180394
2025-08-26,Temperatura,"ARIMA(1,1,1)",13.88,28.537299217180394
2025-08-27,Temperatura,"ARIMA(1,1,1)",14.26,28.537299217180394
2025-08-28,Temperatura,"ARIMA(1,1,1)",14.98,28.537299217180394
2025-08-29,Temperatura,"ARIMA(1,1,1)",17.56,28.537299217180394
2025-08-30,Temperatura,"ARIMA(1,1,1)",18.05,28.537299217180394
2025-08-31,Temperatura,"ARIMA(1,1,1)",16.77,28.537299217180394
2025-09-01,Temperatura,"ARIMA(1,1,1)",10.56,28.537299217180394
2025-09-02,Temperatura,"ARIMA(1,1,1)",12.26,28.537299217180394
2025-09-03,Temperatura,"ARIMA(1,1,1)",12.28,28.537299217180394
2025-09-04,Temperatura,"ARIMA(1,1,1)",7.31,28.537299217180394
2025-09-05,Temperatura,"ARIMA(1,1,1)",7.01,28.537299217180394
2025-09-06,Temperatura,"ARIMA(1,1,1)",8.22,28.537299217180394
2025-09-07,Temperatura,"ARIMA(1,1,1)",9.48,28.537299217180394
2025-09-08,Temperatura,"ARIMA(1,1,1)",11.79,28.537299217180394
2025-09-09,Temperatura,"ARIMA(1,1,1)",13.32,28.537299217180394
2025-09-10,Temperatura,"ARIMA(1,1,1)",14.72,28.537299217180394
2025-09-11,Temperatura,"ARIMA(1,1,1)",14.36,28.537299217180394
2025-09-12,Temperatura,"ARIMA(1,1,1)",14.44,28.537299217180394
2025-09-13,Temperatura,"ARIMA(1,1,1)",15.36,28.537299217180394
2025-09-14,Temperatura,"ARIMA(1,1,1)",16.57,28.537299217180394
2025-09-15,Temperatura,"ARIMA(1,1,1)",16.86,28.537299217180394
2025-09-16,Temperatura,"ARIMA(1,1,1)",17.62,28.537299217180394
2025-09-17,Temperatura,"ARIMA(1,1,1)",18.93,28.537299217180394
2025-09-18,Temperatura,"ARIMA(1,1,1)",18.29,28.537299217180394
2025-09-19,Temperatura,"ARIMA(1,1,1)",22.74,28.537299217180394
2025-09-20,Temperatura,"ARIMA(1,1,1)",20.54,28.537299217180394
2025-09-21,Temperatura,"ARIMA(1,1,1)",13.63,28.537299217180394
2025-09-22,Temperatura,"ARIMA(1,1,1)",13.65,28.537299217180394
2025-09-23,Temperatura,"ARIMA(1,1,1)",15.6,28.537299217180394
2025-09-24,Temperatura,"ARIMA(1,1,1)",15.63,28.537299217180394
2025-09-25,Temperatura,"ARIMA(1,1,1)",14.68,28.537299217180394
2025-09-26,Temperatura,"ARIMA(1,1,1)",16.94,28.537299217180394
2025-09-27,Temperatura,"ARIMA(1,1,1)",16.31,28.537299217180394
2025-09-28,Temperatura,"ARIMA(1,1,1)",14.92,28.537299217180394
2025-09-29,Temperatura,"ARIMA(1,1,1)",17.37,28.537299217180394
2025-09-30,Temperatura,"ARIMA(1,1,1)",16.84,28.537299217180394
2025-10-01,Temperatura,"ARIMA(1,1,1)",16.45,28.537299217180394
2025-10-02,Temperatura,"ARIMA(1,1,1)",17.92,28.537299217180394
2025-10-03,Temperatura,"ARIMA(1,1,1)",20.66,28.537299217180394
2025-10-04,Temperatura,"ARIMA(1,1,1)",24.59,28.537299217180394
2025-10-05,Temperatura,"ARIMA(1,1,1)",18.38,28.537299217180394
2025-10-06,Temperatura,"ARIMA(1,1,1)",13.13,28.537299217180394
2025-10-07,Temperatura,"ARIMA(1,1,1)",15.29,28.537299217180394
2025-10-08,Temperatura,"ARIMA(1,1,1)",16.79,28.537299217180394
2025-10-09,Temperatura,"ARIMA(1,1,1)",18.65,28.537299217180394
2025-10-10,Temperatura,"ARIMA(1,1,1)",20.54,28.537299217180394
2025-10-11,Temperatura,"ARIMA(1,1,1)",22.0,28.537299217180394
2025-10-12,Temperatura,"ARIMA(1,1,1)",16.16,28.537299217180394
2025-10-13,Temperatura,"ARIMA(1,1,1)",18.65,28.537299217180394
2025-10-14,Temperatura,"ARIMA(1,1,1)",20.37,28.537299217180394
2025-10-15,Temperatura,"ARIMA(1,1,1)",21.69,28.537299217180394
2025-10-16,Temperatura,"ARIMA(1,1,1)",23.27,28.537299217180394
2025-10-17,Temperatura,"ARIMA(1,1,1)",18.6,28.537299217180394
2025-10-18,Temperatura,"ARIMA(1,1,1)",18.01,28.537299217180394
2025-10-19,Temperatura,"ARIMA(1,1,1)",18.31,28.537299217180394
2025-10-20,Temperatura,"ARIMA(1,1,1)",19.78,28.537299217180394
2025-10-21,Temperatura,"ARIMA(1,1,1)",23.38,28.537299217180394
2025-10-22,Temperatura,"ARIMA(1,1,1)",21.78,28.537299217180394
2025-10-23,Temperatura,"ARIMA(1,1,1)",25.46,28.537299217180394
2025-10-24,Temperatura,"ARIMA(1,1,1)",21.93,28.537299217180394
2025-10-25,Temperatura,"ARIMA(1,1,1)",17.96,28.537299217180394
2025-10-26,Temperatura,"ARIMA(1,1,1)",18.15,28.537299217180394
2025-10-27,Temperatura,"ARIMA(1,1,1)",14.6,28.537299217180394
2025-10-28,Temperatura,"ARIMA(1,1,1)",12.05,28.537299217180394
2025-10-29,Temperatura,"ARIMA(1,1,1)",13.64,28.537299217180394
2025-10-30,Temperatura,"ARIMA(1,1,1)",16.09,28.537299217180394
2025-10-31,Temperatura,"ARIMA(1,1,1)",19.05,28.537299217180394
2025-11-01,Temperatura,"ARIMA(1,1,1)",22.36,28.537299217180394
2025-11-02,Temperatura,"ARIMA(1,1,1)",23.34,28.537299217180394
2025-11-03,Temperatura,"ARIMA(1,1,1)",24.55,28.537299217180394
2025-11-04,Temperatura,"ARIMA(1,1,1)",21.47,28.537299217180394
2025-11-05,Temperatura,"ARIMA(1,1,1)",17.97,28.537299217180394
2025-11-06,Temperatura,"ARIMA(1,1,1)",16.86,28.537299217180394
2025-11-07,Temperatura,"ARIMA(1,1,1)",14.3,28.537299217180394
2025-11-08,Temperatura,"ARIMA(1,1,1)",16.29,28.537299217180394
2025-11-09,Temperatura,"ARIMA(1,1,1)",19.35,28.537299217180394
2025-11-10,Temperatura,"ARIMA(1,1,1)",21.27,28.537299217180394
2025-11-11,Temperatura,"ARIMA(1,1,1)",22.51,28.537299217180394
2025-11-12,Temperatura,"ARIMA(1,1,1)",19.43,28.537299217180394
2025-11-13,Temperatura,"ARIMA(1,1,1)",22.03,28.537299217180394
2025-11-14,Temperatura,"ARIMA(1,1,1)",23.88,28.537299217180394
2025-11-15,Temperatura,"ARIMA(1,1,1)",26.29,28.537299217180394
2025-11-16,Temperatura,"ARIMA(1,1,1)",20.84,28.537299217180394
2025-11-17,Temperatura,"ARIMA(1,1,1)",17.85,28.537299217180394
2025-11-18,Temperatura,"ARIMA(1,1,1)",21.09,28.537299217180394
2025-11-19,Temperatura,"ARIMA(1,1,1)",22.44,28.537299217180394
2025-11-20,Temperatura,"ARIMA(1,1,1)",25.14,28.537299217180394
2025-11-21,Temperatura,"ARIMA(1,1,1)",18.83,28.537299217180394
2025-11-22,Temperatura,"ARIMA(1,1,1)",18.14,28.537299217180394
2025-11-23,Temperatura,"ARIMA(1,1,1)",19.43,28.537299217180394
2025-11-24,Temperatura,"ARIMA(1,1,1)",21.32,28.537299217180394
2025-11-25,Temperatura,"ARIMA(1,1,1)",24.25,28.537299217180394
2025-11-26,Temperatura,"ARIMA(1,1,1)",26.91,28.537299217180394
2025-11-27,Temperatura,"ARIMA(1,1,1)",28.43,28.537299217180394
2025-11-28,Temperatura,"ARIMA(1,1,1)",28.06,28.537299217180394
2025-11-29,Temperatura,"ARIMA(1,1,1)",19.22,28.537299217180394
2025-11-30,Temperatura,"ARIMA(1,1,1)",19.41,28.537299217180394
2025-12-01,Temperatura,"ARIMA(1,1,1)",22.02,28.537299217180394
2025-12-02,Temperatura,"ARIMA(1,1,1)",23.35,28.537299217180394
2025-12-03,Temperatura,"ARIMA(1,1,1)",26.49,28.537299217180394
2025-12-04,Temperatura,"ARIMA(1,1,1)",27.22,28.537299217180394
2025-12-05,Temperatura,"ARIMA(1,1,1)",29.21,28.537299217180394
2025-12-06,Temperatura,"ARIMA(1,1,1)",27.18,28.537299217180394
2025-12-07,Temperatura,"ARIMA(1,1,1)",24.4,28.537299217180394
2025-12-08,Temperatura,"ARIMA(1,1,1)",21.29,28.537299217180394
2025-12-09,Temperatura,"ARIMA(1,1,1)",24.01,28.537299217180394
2025-12-10,Temperatura,"ARIMA(1,1,1)",25.93,28.537299217180394
2025-12-11,Temperatura,"ARIMA(1,1,1)",26.98,28.537299217180394
2025-12-12,Temperatura,"ARIMA(1,1,1)",27.45,28.537299217180394
2025-12-13,Temperatura,"ARIMA(1,1,1)",28.04,28.537299217180394
2025-12-14,Temperatura,"ARIMA(1,1,1)",23.24,28.537299217180394
2025-12-15,Temperatura,"ARIMA(1,1,1)",20.86,28.537299217180394
2025-12-16,Temperatura,"ARIMA(1,1,1)",21.18,28.537299217180394
2025-12-17,Temperatura,"ARIMA(1,1,1)",24.41,28.537299217180394
2025-12-18,Temperatura,"ARIMA(1,1,1)",26.73,28.537299217180394
2025-12-19,Temperatura,"ARIMA(1,1,1)",28.38,28.537299217180394
2025-12-20,Temperatura,"ARIMA(1,1,1)",25.83,28.537299217180394
2025-12-21,Temperatura,"ARIMA(1,1,1)",25.89,28.537299217180394
2025-12-22,Temperatura,"ARIMA(1,1,1)",25.19,28.537299217180394
2025-12-23,Temperatura,"ARIMA(1,1,1)",27.41,28.537299217180394
2025-12-24,Temperatura,"ARIMA(1,1,1)",29.08,28.537299217180394
2025-12-25,Temperatura,"ARIMA(1,1,1)",25.35,28.537299217180394
2025-12-26,Temperatura,"ARIMA(1,1,1)",27.89,28.537299217180394
2025-12-27,Temperatura,"ARIMA(1,1,1)",28.93,28.537299217180394
2025-12-28,Temperatura,"ARIMA(1,1,1)",25.32,28.537299217180394
2025-12-29,Temperatura,"ARIMA(1,1,1)",29.13,28.537299217180394
2025-12-30,Temperatura,"ARIMA(1,1,1)",30.31,28.537299217180394
2025-12-31,Temperatura,"ARIMA(1,1,1)",31.76,28.537299217180394
2025-01-01,Temperatura,Suavizado exponencial,28.37,28.299242314590742
2025-01-02,Temperatura,Suavizado exponencial,28.47,28.298488570479606
2025-01-03,Temperatura,Suavizado exponencial,26.33,28.297738719429145
2025-01-04,Temperatura,Suavizado exponencial,26.69,28.296992741331852
2025-01-05,Temperatura,Suavizado exponencial,26.23,28.296250616184057
2025-01-06,Temperatura,Suavizado exponencial,27.25,28.295512324085426
2025-01-07,Temperatura,Suavizado exponencial,28.9,28.294777845238396
2025-01-08,Temperatura,Suavizado exponencial,29.56,28.294047159947663
2025-01-09,Temperatura,Suavizado exponencial,29.36,28.29332024861965
2025-01-10,Temperatura,Suavizado exponencial,29.94,28.292597091761973
2025-01-11,Temperatura,Suavizado exponencial,28.98,28.291877669982938
2025-01-12,Temperatura,Suavizado exponencial,28.5,28.29116196399099
2025-01-13,Temperatura,Suavizado exponencial,28.97,28.290449954594237
2025-01-14,Temperatura,Suavizado exponencial,29.65,28.289741622699893
2025-01-15,Temperatura,Suavizado exponencial,31.4,28.289036949313793
2025-01-16,Temperatura,Suavizado exponencial,33.13,28.28833591553988
2025-01-17,Temperatura,Suavizado exponencial,31.51,28.28763850257969
2025-01-18,Temperatura,Suavizado exponencial,28.08,28.286944691731847
2025-01-19,Temperatura,Suavizado exponencial,24.07,28.286254464391583
2025-01-20,Temperatura,Suavizado exponencial,24.51,28.285567802050203
2025-01-21,Temperatura,Suavizado exponencial,26.63,28.284884686294625
2025-01-22,Temperatura,Suavizado exponencial,29.58,28.284205098806858
2025-01-23,Temperatura,Suavizado exponencial,29.65,28.283529021363535
2025-01-24,Temperatura,Suavizado exponencial,28.97,28.282856435835402
2025-01-25,Temperatura,Suavizado exponencial,27.99,28.282187324186843
2025-01-26,Temperatura,Suavizado exponencial,27.98,28.2815216684754
2025-01-27,Temperatura,Suavizado exponencial,28.67,28.280859450851285
2025-01-28,Temperatura,Suavizado exponencial,25.76,28.2802006535569
2025-01-29,Temperatura,Suavizado exponencial,26.56,28.279545258926372
2025-01-30,Temperatura,Suavizado exponencial,27.94,28.278893249385064
2025-01-31,Temperatura,Suavizado exponencial,27.69,28.278244607449114
2025-02-01,Temperatura,Suavizado exponencial,28.66,28.277599315724963
2025-02-02,Temperatura,Suavizado exponencial,29.7,28.276957356908895
2025-02-03,Temperatura,Suavizado exponencial,31.79,28.276318713786555
2025-02-04,Temperatura,Suavizado exponencial,29.5,28.275683369232514
2025-02-05,Temperatura,Suavizado exponencial,25.15,28.275051306209782
2025-02-06,Temperatura,Suavizado exponencial,23.97,28.274422507769373
2025-02-07,Temperatura,Suavizado exponencial,26.63,28.27379695704984
2025-02-08,Temperatura,Suavizado exponencial,29.6,28.273174637276817
2025-02-09,Temperatura,Suavizado exponencial,27.01,28.272555531762595
2025-02-10,Temperatura,Suavizado exponencial,31.54,28.271939623905634
2025-02-11,Temperatura,Suavizado exponencial,26.72,28.27132689719016
2025-02-12,Temperatura,Suavizado exponencial,21.3,28.27071733518569
2025-02-13,Temperatura,Suavizado exponencial,24.25,28.27011092154661
2025-02-14,Temperatura,Suavizado exponencial,26.62,28.269507640011724
2025-02-15,Temperatura,Suavizado exponencial,24.12,28.268907474403832
2025-02-16,Temperatura,Suavizado exponencial,23.25,28.268310408629286
2025-02-17,Temperatura,Suavizado exponencial,23.73,28.26771642667756
2025-02-18,Temperatura,Suavizado exponencial,19.3,28.267125512620822
2025-02-19,Temperatura,Suavizado exponencial,23.28,28.266537650613504
2025-02-20,Temperatura,Suavizado exponencial,26.77,28.265952824891887
2025-02-21,Temperatura,Suavizado exponencial,29.73,28.265371019773667
2025-02-22,Temperatura,Suavizado exponencial,31.45,28.264792219657533
2025-02-23,Temperatura,Suavizado exponencial,31.86,28.264216409022765
2025-02-24,Temperatura,Suavizado exponencial,31.76,28.263643572428798
2025-02-25,Temperatura,Suavizado exponencial,27.12,28.263073694514823
2025-02-26,Temperatura,Suavizado exponencial,25.89,28.262506759999365
2025-02-27,Temperatura,Suavizado exponencial,25.41,28.261942753679875
2025-02-28,Temperatura,Suavizado exponencial,27.12,28.26138166043234
2025-03-01,Temperatura,Suavizado exponencial,26.99,28.260823465210834
2025-03-02,Temperatura,Suavizado exponencial,25.36,28.26026815304717
2025-03-03,Temperatura,Suavizado exponencial,27.01,28.259715709050457
2025-03-04,Temperatura,Suavizado exponencial,27.96,28.25916611840672
2025-03-05,Temperatura,Suavizado exponencial,29.38,28.258619366378493
2025-03-06,Temperatura,Suavizado exponencial,27.79,28.25807543830443
2025-03-07,Temperatura,Suavizado exponencial,28.78,28.257534319598914
2025-03-08,Temperatura,Suavizado exponencial,19.16,28.25699599575166
2025-03-09,Temperatura,Suavizado exponencial,17.28,28.256460452327325
2025-03-10,Temperatura,Suavizado exponencial,18.59,28.255927674965125
2025-03-11,Temperatura,Suavizado exponencial,20.43,28.255397649378455
2025-03-12,Temperatura,Suavizado exponencial,16.46,28.254870361354495
2025-03-13,Temperatura,Suavizado exponencial,16.14,28.25434579675383
2025-03-14,Temperatura,Suavizado exponencial,16.91,28.25382394151009
2025-03-15,Temperatura,Suavizado exponencial,19.55,28.253304781629527
2025-03-16,Temperatura,Suavizado exponencial,20.73,28.252788303190705
2025-03-17,Temperatura,Suavizado exponencial,21.06,28.252274492344068
2025-03-18,Temperatura,Suavizado exponencial,23.53,28.2517633353116
2025-03-19,Temperatura,Suavizado exponencial,24.12,28.251254818386457
2025-03-20,Temperatura,Suavizado exponencial,23.98,28.25074892793257
2025-03-21,Temperatura,Suavizado exponencial,24.34,28.25024565038432
2025-03-22,Temperatura,Suavizado exponencial,23.9,28.249744972246138
2025-03-23,Temperatura,Suavizado exponencial,22.01,28.24924688009217
2025-03-24,Temperatura,Suavizado exponencial,20.46,28.248751360565905
2025-03-25,Temperatura,Suavizado exponencial,21.31,28.24825840037981
2025-03-26,Temperatura,Suavizado exponencial,22.34,28.247767986314994
2025-03-27,Temperatura,Suavizado exponencial,22.78,28.247280105220824
2025-03-28,Temperatura,Suavizado exponencial,22.48,28.246794744014608
2025-03-29,Temperatura,Suavizado exponencial,21.2,28.246311889681216
2025-03-30,Temperatura,Suavizado exponencial,23.07,28.24583152927274
2025-03-31,Temperatura,Suavizado exponencial,15.49,28.245353649908147
2025-04-01,Temperatura,Suavizado exponencial,14.95,28.24487823877294
2025-04-02,Temperatura,Suavizado exponencial,18.11,28.244405283118805
2025-04-03,Temperatura,Suavizado exponencial,17.05,28.24393477026327
2025-04-04,Temperatura,Suavizado exponencial,10.91,28.24346668758937
2025-04-05,Temperatura,Suavizado exponencial,12.38,28.243001022545307
2025-04-06,Temperatura,Suavizado exponencial,16.8,28.242537762644112
2025-04-07,Temperatura,Suavizado exponencial,16.05,28.24207689546331
2025-04-08,Temperatura,Suavizado exponencial,17.93,28.241618408644587
2025-04-09,Temperatura,Suavizado exponencial,19.0,28.241162289893463
2025-04-10,Temperatura,Suavizado exponencial,19.9,28.240708526978953
2025-04-11,Temperatura,Suavizado exponencial,19.88,28.24025710773325
2025-04-12,Temperatura,Suavizado exponencial,17.48,28.239808020051385
2025-04-13,Temperatura,Suavizado exponencial,15.28,28.23936125189092
2025-04-14,Temperatura,Suavizado exponencial,16.03,28.238916791271613
2025-04-15,Temperatura,Suavizado exponencial,15.89,28.2384746262751
2025-04-16,Temperatura,Suavizado exponencial,17.6,28.23803474504457
2025-04-17,Temperatura,Suavizado exponencial,19.32,28.237597135784455
2025-04-18,Temperatura,Suavizado exponencial,17.15,28.23716178676011
2025-04-19,Temperatura,Suavizado exponencial,13.88,28.23672868629751
2025-04-20,Temperatura,Suavizado exponencial,13.1,28.236297822782905
2025-04-21,Temperatura,Suavizado exponencial,16.21,28.235869184662544
2025-04-22,Temperatura,Suavizado exponencial,18.43,28.23544276044235
2025-04-23,Temperatura,Suavizado exponencial,19.54,28.23501853868761
2025-04-24,Temperatura,Suavizado exponencial,19.43,28.234596508022662
2025-04-25,Temperatura,Suavizado exponencial,21.01,28.234176657130618
2025-04-26,Temperatura,Suavizado exponencial,16.64,28.23375897475303
2025-04-27,Temperatura,Suavizado exponencial,13.82,28.233343449689595
2025-04-28,Temperatura,Suavizado exponencial,14.68,28.232930070797867
2025-04-29,Temperatura,Suavizado exponencial,15.52,28.232518826992948
2025-04-30,Temperatura,Suavizado exponencial,16.44,28.232109707247194
2025-05-01,Temperatura,Suavizado exponencial,16.55,28.231702700589917
2025-05-02,Temperatura,Suavizado exponencial,18.4,28.23129779610709
2025-05-03,Temperatura,Suavizado exponencial,19.53,28.23089498294106
2025-05-04,Temperatura,Suavizado exponencial,21.79,28.230494250290256
2025-05-05,Temperatura,Suavizado exponencial,21.09,28.23009558740889
2025-05-06,Temperatura,Suavizado exponencial,22.05,28.22969898360668
2025-05-07,Temperatura,Suavizado exponencial,20.37,28.229304428248557
2025-05-08,Temperatura,Suavizado exponencial,17.7,28.22891191075438
2025-05-09,Temperatura,Suavizado exponencial,15.93,28.228521420598664
2025-05-10,Temperatura,Suavizado exponencial,16.74,28.22813294731027
2025-05-11,Temperatura,Suavizado exponencial,16.27,28.227746480472163
2025-05-12,Temperatura,Suavizado exponencial,14.93,28.22736200972109
2025-05-13,Temperatura,Suavizado exponencial,17.32,28.226979524747346
2025-05-14,Temperatura,Suavizado exponencial,20.8,28.226599015294454
2025-05-15,Temperatura,Suavizado exponencial,22.2,28.226220471158925
2025-05-16,Temperatura,Suavizado exponencial,21.34,28.22584388218997
2025-05-17,Temperatura,Suavizado exponencial,22.67,28.22546923828922
2025-05-18,Temperatura,Suavizado exponencial,12.79,28.225096529410475
2025-05-19,Temperatura,Suavizado exponencial,10.09,28.224725745559414
2025-05-20,Temperatura,Suavizado exponencial,10.7,28.224356876793337
2025-05-21,Temperatura,Suavizado exponencial,11.04,28.223989913220905
2025-05-22,Temperatura,Suavizado exponencial,11.13,28.22362484500186
2025-05-23,Temperatura,Suavizado exponencial,12.72,28.223261662346772
2025-05-24,Temperatura,Suavizado exponencial,13.32,28.222900355516774
2025-05-25,Temperatura,Suavizado exponencial,14.52,28.222540914823295
2025-05-26,Temperatura,Suavizado exponencial,18.76,28.22218333062781
2025-05-27,Temperatura,Suavizado exponencial,12.89,28.22182759334158
2025-05-28,Temperatura,Suavizado exponencial,6.92,28.221473693425377
2025-05-29,Temperatura,Suavizado exponencial,6.24,28.221121621389255
2025-05-30,Temperatura,Suavizado exponencial,8.31,28.220771367792285
2025-05-31,Temperatura,Suavizado exponencial,8.98,28.220422923242293
2025-06-01,Temperatura,Suavizado exponencial,9.7,28.220076278395616
2025-06-02,Temperatura,Suavizado exponencial,10.54,28.219731423956855
2025-06-03,Temperatura,Suavizado exponencial,11.23,28.219388350678617
2025-06-04,Temperatura,Suavizado exponencial,12.67,28.219047049361272
2025-06-05,Temperatura,Suavizado exponencial,11.28,28.218707510852713
2025-06-06,Temperatura,Suavizado exponencial,10.28,28.21836972604809
2025-06-07,Temperatura,Suavizado exponencial,9.8,28.21803368588959
2025-06-08,Temperatura,Suavizado exponencial,10.49,28.21769938136618
2025-06-09,Temperatura,Suavizado exponencial,8.79,28.217366803513368
2025-06-10,Temperatura,Suavizado exponencial,10.03,28.217035943412963
2025-06-11,Temperatura,Suavizado exponencial,10.03,28.216706792192838
2025-06-12,Temperatura,Suavizado exponencial,10.42,28.21637934102669
2025-06-13,Temperatura,Suavizado exponencial,13.03,28.2160535811338
2025-06-14,Temperatura,Suavizado exponencial,8.64,28.215729503778803
2025-06-15,Temperatura,Suavizado exponencial,7.2,28.215407100271456
2025-06-16,Temperatura,Suavizado exponencial,10.1,28.215086361966396
2025-06-17,Temperatura,Suavizado exponencial,9.14,28.21476728026291
2025-06-18,Temperatura,Suavizado exponencial,7.86,28.214449846604722
2025-06-19,Temperatura,Suavizado exponencial,9.06,28.21413405247973
2025-06-20,Temperatura,Suavizado exponencial,9.25,28.213819889419803
2025-06-21,Temperatura,Suavizado exponencial,9.29,28.213507349000558
2025-06-22,Temperatura,Suavizado exponencial,9.02,28.21319642284111
2025-06-23,Temperatura,Suavizado exponencial,4.04,28.21288710260387
2025-06-24,Temperatura,Suavizado exponencial,5.21,28.212579379994303
2025-06-25,Temperatura,Suavizado exponencial,6.71,28.212273246760727
2025-06-26,Temperatura,Suavizado exponencial,7.13,28.211968694694068
2025-06-27,Temperatura,Suavizado exponencial,7.01,28.21166571562766
2025-06-28,Temperatura,Suavizado exponencial,6.35,28.211364301437015
2025-06-29,Temperatura,Suavizado exponencial,4.23,28.211064444039607
2025-06-30,Temperatura,Suavizado exponencial,2.1,28.210766135394653
2025-07-01,Temperatura,Suavizado exponencial,2.4,28.210469367502906
2025-07-02,Temperatura,Suavizado exponencial,2.62,28.21017413240643
2025-07-03,Temperatura,Suavizado exponencial,5.5,28.209880422188398
2025-07-04,Temperatura,Suavizado exponencial,7.67,28.209588228972862
2025-07-05,Temperatura,Suavizado exponencial,9.52,28.209297544924567
2025-07-06,Temperatura,Suavizado exponencial,12.92,28.209008362248717
2025-07-07,Temperatura,Suavizado exponencial,14.53,28.208720673190776
2025-07-08,Temperatura,Suavizado exponencial,13.4,28.208434470036263
2025-07-09,Temperatura,Suavizado exponencial,14.18,28.208149745110546
2025-07-10,Temperatura,Suavizado exponencial,12.93,28.20786649077862
2025-07-11,Temperatura,Suavizado exponencial,12.28,28.20758469944493
2025-07-12,Temperatura,Suavizado exponencial,12.85,28.207304363553135
2025-07-13,Temperatura,Suavizado exponencial,13.35,28.20702547558594
2025-07-14,Temperatura,Suavizado exponencial,14.34,28.20674802806486
2025-07-15,Temperatura,Suavizado exponencial,18.01,28.206472013550048
2025-07-16,Temperatura,Suavizado exponencial,10.95,28.20619742464008
2025-07-17,Temperatura,Suavizado exponencial,7.52,28.205924253971755
2025-07-18,Temperatura,Suavizado exponencial,8.13,28.205652494219912
2025-07-19,Temperatura,Suavizado exponencial,10.0,28.205382138097214
2025-07-20,Temperatura,Suavizado exponencial,12.22,28.205113178353972
2025-07-21,Temperatura,Suavizado exponencial,13.41,28.204845607777933
2025-07-22,Temperatura,Suavizado exponencial,10.52,28.204579419194104
2025-07-23,Temperatura,Suavizado exponencial,8.33,28.204314605464546
2025-07-24,Temperatura,Suavizado exponencial,9.87,28.204051159488184
2025-07-25,Temperatura,Suavizado exponencial,13.54,28.20378907420062
2025-07-26,Temperatura,Suavizado exponencial,10.64,28.203528342573957
2025-07-27,Temperatura,Suavizado exponencial,7.81,28.203268957616576
2025-07-28,Temperatura,Suavizado exponencial,9.85,28.203010912372985
2025-07-29,Temperatura,Suavizado exponencial,9.9,28.202754199923607
2025-07-30,Temperatura,Suavizado exponencial,11.76,28.202498813384615
2025-07-31,Temperatura,Suavizado exponencial,14.3,28.202244745907723
2025-08-01,Temperatura,Suavizado exponencial,16.98,28.20199199068003
2025-08-02,Temperatura,Suavizado exponencial,12.73,28.201740540923815
2025-08-03,Temperatura,Suavizado exponencial,12.15,28.201490389896364
2025-08-04,Temperatura,Suavizado exponencial,10.32,28.201241530889792
2025-08-05,Temperatura,Suavizado exponencial,9.5,28.200993957230857
2025-08-06,Temperatura,Suavizado exponencial,10.82,28.20074766228079
2025-08-07,Temperatura,Suavizado exponencial,10.28,28.2005026394351
2025-08-08,Temperatura,Suavizado exponencial,7.51,28.20025888212342
2025-08-09,Temperatura,Suavizado exponencial,8.92,28.200016383809313
2025-08-10,Temperatura,Suavizado exponencial,9.68,28.1997751379901
2025-08-11,Temperatura,Suavizado exponencial,11.44,28.19953513819669
2025-08-12,Temperatura,Suavizado exponencial,13.83,28.19929637799341
2025-08-13,Temperatura,Suavizado exponencial,11.64,28.199058850977817
2025-08-14,Temperatura,Suavizado exponencial,8.59,28.198822550780548
2025-08-15,Temperatura,Suavizado exponencial,7.91,28.198587471065128
2025-08-16,Temperatura,Suavizado exponencial,8.5,28.198353605527814
2025-08-17,Temperatura,Suavizado exponencial,11.31,28.198120947897415
2025-08-18,Temperatura,Suavizado exponencial,13.99,28.197889491935143
2025-08-19,Temperatura,Suavizado exponencial,15.18,28.197659231434425
2025-08-20,Temperatura,Suavizado exponencial,13.81,28.197430160220748
2025-08-21,Temperatura,Suavizado exponencial,13.88,28.197202272151483
2025-08-22,Temperatura,Suavizado exponencial,12.7,28.196975561115732
2025-08-23,Temperatura,Suavizado exponencial,8.55,28.196750021034166
2025-08-24,Temperatura,Suavizado exponencial,9.0,28.196525645858845
2025-08-25,Temperatura,Suavizado exponencial,11.66,28.19630242957307
2025-08-26,Temperatura,Suavizado exponencial,13.88,28.196080366191225
2025-08-27,Temperatura,Suavizado exponencial,14.26,28.195859449758597
2025-08-28,Temperatura,Suavizado exponencial,14.98,28.195639674351238
2025-08-29,Temperatura,Suavizado exponencial,17.56,28.195421034075796
2025-08-30,Temperatura,Suavizado exponencial,18.05,28.195203523069356
2025-08-31,Temperatura,Suavizado exponencial,16.77,28.194987135499282
2025-09-01,Temperatura,Suavizado exponencial,10.56,28.19477186556307
2025-09-02,Temperatura,Suavizado exponencial,12.26,28.19455770748818
2025-09-03,Temperatura,Suavizado exponencial,12.28,28.194344655531886
2025-09-04,Temperatura,Suavizado exponencial,7.31,28.194132703981133
2025-09-05,Temperatura,Suavizado exponencial,7.01,28.193921847152364
2025-09-06,Temperatura,Suavizado exponencial,8.22,28.193712079391375
2025-09-07,Temperatura,Suavizado exponencial,9.48,28.19350339507318
2025-09-08,Temperatura,Suavizado exponencial,11.79,28.19329578860183
2025-09-09,Temperatura,Suavizado exponencial,13.32,28.193089254410285
2025-09-10,Temperatura,Suavizado exponencial,14.72,28.192883786960266
2025-09-11,Temperatura,Suavizado exponencial,14.36,28.192679380742085
2025-09-12,Temperatura,Suavizado exponencial,14.44,28.192476030274523
2025-09-13,Temperatura,Suavizado exponencial,15.36,28.192273730104663
2025-09-14,Temperatura,Suavizado exponencial,16.57,28.19207247480776
2025-09-15,Temperatura,Suavizado exponencial,16.86,28.191872258987082
2025-09-16,Temperatura,Suavizado exponencial,17.62,28.19167307727377
2025-09-17,Temperatura,Suavizado exponencial,18.93,28.1914749243267
2025-09-18,Temperatura,Suavizado exponencial,18.29,28.19127779483233
2025-09-19,Temperatura,Suavizado exponencial,22.74,28.19108168350457
2025-09-20,Temperatura,Suavizado exponencial,20.54,28.19088658508462
2025-09-21,Temperatura,Suavizado exponencial,13.63,28.19069249434085
2025-09-22,Temperatura,Suavizado exponencial,13.65,28.19049940606865
2025-09-23,Temperatura,Suavizado exponencial,15.6,28.190307315090294
2025-09-24,Temperatura,Suavizado exponencial,15.63,28.190116216254793
2025-09-25,Temperatura,Suavizado exponencial,14.68,28.189926104437767
2025-09-26,Temperatura,Suavizado exponencial,16.94,28.189736974541297
2025-09-27,Temperatura,Suavizado exponencial,16.31,28.189548821493805
2025-09-28,Temperatura,Suavizado exponencial,14.92,28.189361640249903
2025-09-29,Temperatura,Suavizado exponencial,17.37,28.189175425790253
2025-09-30,Temperatura,Suavizado exponencial,16.84,28.18899017312146
2025-10-01,Temperatura,Suavizado exponencial,16.45,28.1888058772759
2025-10-02,Temperatura,Suavizado exponencial,17.92,28.188622533311623
2025-10-03,Temperatura,Suavizado exponencial,20.66,28.188440136312195
2025-10-04,Temperatura,Suavizado exponencial,24.59,28.188258681386575
2025-10-05,Temperatura,Suavizado exponencial,18.38,28.18807816366899
2025-10-06,Temperatura,Suavizado exponencial,13.13,28.187898578318794
2025-10-07,Temperatura,Suavizado exponencial,15.29,28.18771992052034
2025-10-08,Temperatura,Suavizado exponencial,16.79,28.18754218548286
2025-10-09,Temperatura,Suavizado exponencial,18.65,28.187365368440332
2025-10-10,Temperatura,Suavizado exponencial,20.54,28.18718946465134
2025-10-11,Temperatura,Suavizado exponencial,22.0,28.187014469398964
2025-10-12,Temperatura,Suavizado exponencial,16.16,28.18684037799064
2025-10-13,Temperatura,Suavizado exponencial,18.65,28.18666718575806
2025-10-14,Temperatura,Suavizado exponencial,20.37,28.186494888057005
2025-10-15,Temperatura,Suavizado exponencial,21.69,28.186323480267255
2025-10-16,Temperatura,Suavizado exponencial,23.27,28.186152957792448
2025-10-17,Temperatura,Suavizado exponencial,18.6,28.185983316059968
2025-10-18,Temperatura,Suavizado exponencial,18.01,28.185814550520814
2025-10-19,Temperatura,Suavizado exponencial,18.31,28.185646656649475
2025-10-20,Temperatura,Suavizado exponencial,19.78,28.18547962994382
2025-10-21,Temperatura,Suavizado exponencial,23.38,28.185313465924978
2025-10-22,Temperatura,Suavizado exponencial,21.78,28.185148160137192
2025-10-23,Temperatura,Suavizado exponencial,25.46,28.184983708147737
2025-10-24,Temperatura,Suavizado exponencial,21.93,28.18482010554677
2025-10-25,Temperatura,Suavizado exponencial,17.96,28.184657347947237
2025-10-26,Temperatura,Suavizado exponencial,18.15,28.184495430984736
2025-10-27,Temperatura,Suavizado exponencial,14.6,28.184334350317403
2025-10-28,Temperatura,Suavizado exponencial,12.05,28.184174101625807
2025-10-29,Temperatura,Suavizado exponencial,13.64,28.184014680612826
2025-10-30,Temperatura,Suavizado exponencial,16.09,28.183856083003526
2025-10-31,Temperatura,Suavizado exponencial,19.05,28.183698304545057
2025-11-01,Temperatura,Suavizado exponencial,22.36,28.183541341006542
2025-11-02,Temperatura,Suavizado exponencial,23.34,28.183385188178942
2025-11-03,Temperatura,Suavizado exponencial,24.55,28.18322984187497
2025-11-04,Temperatura,Suavizado exponencial,21.47,28.18307529792895
2025-11-05,Temperatura,Suavizado exponencial,17.97,28.18292155219675
2025-11-06,Temperatura,Suavizado exponencial,16.86,28.18276860055561
2025-11-07,Temperatura,Suavizado exponencial,14.3,28.18261643890409
2025-11-08,Temperatura,Suavizado exponencial,16.29,28.182465063161914
2025-11-09,Temperatura,Suavizado exponencial,19.35,28.182314469269894
2025-11-10,Temperatura,Suavizado exponencial,21.27,28.1821646531898
2025-11-11,Temperatura,Suavizado exponencial,22.51,28.182015610904266
2025-11-12,Temperatura,Suavizado exponencial,19.43,28.181867338416666
2025-11-13,Temperatura,Suavizado exponencial,22.03,28.18171983175102
2025-11-14,Temperatura,Suavizado exponencial,23.88,28.181573086951897
2025-11-15,Temperatura,Suavizado exponencial,26.29,28.181427100084274
2025-11-16,Temperatura,Suavizado exponencial,20.84,28.18128186723347
2025-11-17,Temperatura,Suavizado exponencial,17.85,28.181137384505007
2025-11-18,Temperatura,Suavizado exponencial,21.09,28.180993648024536
2025-11-19,Temperatura,Suavizado exponencial,22.44,28.180850653937714
2025-11-20,Temperatura,Suavizado exponencial,25.14,28.180708398410104
2025-11-21,Temperatura,Suavizado exponencial,18.83,28.180566877627076
2025-11-22,Temperatura,Suavizado exponencial,18.14,28.1804260877937
2025-11-23,Temperatura,Suavizado exponencial,19.43,28.180286025134645
2025-11-24,Temperatura,Suavizado exponencial,21.32,28.180146685894087
2025-11-25,Temperatura,Suavizado exponencial,24.25,28.180008066335596
2025-11-26,Temperatura,Suavizado exponencial,26.91,28.179870162742038
2025-11-27,Temperatura,Suavizado exponencial,28.43,28.17973297141548
2025-11-28,Temperatura,Suavizado exponencial,28.06,28.179596488677088
2025-11-29,Temperatura,Suavizado exponencial,19.22,28.179460710867037
2025-11-30,Temperatura,Suavizado exponencial,19.41,28.17932563434439
2025-12-01,Temperatura,Suavizado exponencial,22.02,28.179191255487027
2025-12-02,Temperatura,Suavizado exponencial,23.35,28.179057570691533
2025-12-03,Temperatura,Suavizado exponencial,26.49,28.178924576373102
2025-12-04,Temperatura,Suavizado exponencial,27.22,28.178792268965445
2025-12-05,Temperatura,Suavizado exponencial,29.21,28.178660644920697
2025-12-06,Temperatura,Suavizado exponencial,27.18,28.17852970070931
2025-12-07,Temperatura,Suavizado exponencial,24.4,28.17839943281997
2025-12-08,Temperatura,Suavizado exponencial,21.29,28.178269837759498
2025-12-09,Temperatura,Suavizado exponencial,24.01,28.17814091205276
2025-12-10,Temperatura,Suavizado exponencial,25.93,28.17801265224257
2025-12-11,Temperatura,Suavizado exponencial,26.98,28.177885054889586
2025-12-12,Temperatura,Suavizado exponencial,27.45,28.177758116572253
2025-12-13,Temperatura,Suavizado exponencial,28.04,28.177631833886675
2025-12-14,Temperatura,Suavizado exponencial,23.24,28.17750620344653
2025-12-15,Temperatura,Suavizado exponencial,20.86,28.177381221883
2025-12-16,Temperatura,Suavizado exponencial,21.18,28.177256885844663
2025-12-17,Temperatura,Suavizado exponencial,24.41,28.1771331919974
2025-12-18,Temperatura,Suavizado exponencial,26.73,28.17701013702432
2025-12-19,Temperatura,Suavizado exponencial,28.38,28.17688771762566
2025-12-20,Temperatura,Suavizado exponencial,25.83,28.1767659305187
2025-12-21,Temperatura,Suavizado exponencial,25.89,28.176644772437687
2025-12-22,Temperatura,Suavizado exponencial,25.19,28.176524240133713
2025-12-23,Temperatura,Suavizado exponencial,27.41,28.176404330374666
2025-12-24,Temperatura,Suavizado exponencial,29.08,28.176285039945125
2025-12-25,Temperatura,Suavizado exponencial,25.35,28.176166365646274
2025-12-26,Temperatura,Suavizado exponencial,27.89,28.176048304295826
2025-12-27,Temperatura,Suavizado exponencial,28.93,28.17593085272792
2025-12-28,Temperatura,Suavizado exponencial,25.32,28.175814007793054
2025-12-29,Temperatura,Suavizado exponencial,29.13,28.175697766357988
2025-12-30,Temperatura,Suavizado exponencial,30.31,28.17558212530567
2025-12-31,Temperatura,Suavizado exponencial,31.76,28.175467081535146
2025-01-01,Humedad,SARIMA punto 5,49.41,49.97752985329065
2025-01-02,Humedad,SARIMA punto 5,36.97,52.88384424966853
2025-01-03,Humedad,SARIMA punto 5,36.67,55.278342304082976
2025-01-04,Humedad,SARIMA punto 5,37.18,57.25115740617253
2025-01-05,Humedad,SARIMA punto 5,38.95,58.87655000979458
2025-01-06,Humedad,SARIMA punto 5,41.42,60.215702935535575
2025-01-07,Humedad,SARIMA punto 5,37.13,61.31902440662163
2025-01-08,Humedad,SARIMA punto 5,35.86,62.22804550881271
2025-01-09,Humedad,SARIMA punto 5,31.18,62.97698349822328
2025-01-10,Humedad,SARIMA punto 5,30.8,63.594029802902384
2025-01-11,Humedad,SARIMA punto 5,36.28,64.10241120096418
2025-01-12,Humedad,SARIMA punto 5,37.36,64.52126412000027
2025-01-13,Humedad,SARIMA punto 5,31.5,64.86635496804055
2025-01-14,Humedad,SARIMA punto 5,30.9,65.15067361066866
2025-01-15,Humedad,SARIMA punto 5,30.09,65.38492233388155
2025-01-16,Humedad,SARIMA punto 5,31.77,65.57791869817078
2025-01-17,Humedad,SARIMA punto 5,42.27,65.73692744800718
2025-01-18,Humedad,SARIMA punto 5,56.44,65.86793397042356
2025-01-19,Humedad,SARIMA punto 5,72.8,65.97586959618815
2025-01-20,Humedad,SARIMA punto 5,60.5,66.06479722432687
2025-01-21,Humedad,SARIMA punto 5,50.57,66.13806425724911
2025-01-22,Humedad,SARIMA punto 5,46.67,66.19842860324131
2025-01-23,Humedad,SARIMA punto 5,52.26,66.24816248929798
2025-01-24,Humedad,SARIMA punto 5,63.97,66.28913799199981
2025-01-25,Humedad,SARIMA punto 5,59.61,66.32289750598099
2025-01-26,Humedad,SARIMA punto 5,60.44,66.35071180255078
2025-01-27,Humedad,SARIMA punto 5,62.88,66.37362786390472
2025-01-28,Humedad,SARIMA punto 5,74.71,66.3925082934946
2025-01-29,Humedad,SARIMA punto 5,50.69,66.40806378603726
2025-01-30,Humedad,SARIMA punto 5,58.45,66.42087987939429
2025-01-31,Humedad,SARIMA punto 5,53.34,66.43143899531336
2025-02-01,Humedad,SARIMA punto 5,48.09,66.44013859868595
2025-02-02,Humedad,SARIMA punto 5,44.75,66.44730615887002
2025-02-03,Humedad,SARIMA punto 5,42.95,66.45321147624966
2025-02-04,Humedad,SARIMA punto 5,56.41,66.45807683802673
2025-02-05,Humedad,SARIMA punto 5,80.5,66.46208538552719
2025-02-06,Humedad,SARIMA punto 5,72.05,66.46538800798362
2025-02-07,Humedad,SARIMA punto 5,60.17,66.46810902228827
2025-02-08,Humedad,SARIMA punto 5,54.2,66.47035085251375
2025-02-09,Humedad,SARIMA punto 5,68.58,66.47219788534679
2025-02-10,Humedad,SARIMA punto 5,53.46,66.47371964656114
2025-02-11,Humedad,SARIMA punto 5,60.35,66.4749734180979
2025-02-12,Humedad,SARIMA punto 5,82.58,66.47600639426497
2025-02-13,Humedad,SARIMA punto 5,64.68,66.47685745821916
2025-02-14,Humedad,SARIMA punto 5,66.73,66.47755864560102
2025-02-15,Humedad,SARIMA punto 5,79.32,66.47813635041635
2025-02-16,Humedad,SARIMA punto 5,83.46,66.47861231855595
2025-02-17,Humedad,SARIMA punto 5,66.21,66.47900446635168
2025-02-18,Humedad,SARIMA punto 5,55.39,66.47932755498074
2025-02-19,Humedad,SARIMA punto 5,59.63,66.47959374610399
2025-02-20,Humedad,SARIMA punto 5,57.45,66.47981305965365
2025-02-21,Humedad,SARIMA punto 5,67.15,66.47999375100233
2025-02-22,Humedad,SARIMA punto 5,64.63,66.48014262171068
2025-02-23,Humedad,SARIMA punto 5,61.81,66.48026527555086
2025-02-24,Humedad,SARIMA punto 5,60.77,66.48036632944306
2025-02-25,Humedad,SARIMA punto 5,82.51,66.48044958724495
2025-02-26,Humedad,SARIMA punto 5,87.34,66.48051818293607
2025-02-27,Humedad,SARIMA punto 5,85.42,66.48057469858666
2025-02-28,Humedad,SARIMA punto 5,86.08,66.48062126155162
2025-03-01,Humedad,SARIMA punto 5,87.51,66.48065962454811
2025-03-02,Humedad,SARIMA punto 5,92.8,66.48069123163114
2025-03-03,Humedad,SARIMA punto 5,90.93,66.4807172725505
2025-03-04,Humedad,SARIMA punto 5,82.1,66.48073872753515
2025-03-05,Humedad,SARIMA punto 5,77.11,66.48075640419088
2025-03-06,Humedad,SARIMA punto 5,78.2,66.4807709679001
2025-03-07,Humedad,SARIMA punto 5,73.32,66.48078296686808
2025-03-08,Humedad,SARIMA punto 5,82.54,66.48079285275843
2025-03-09,Humedad,SARIMA punto 5,74.66,66.48080099769459
2025-03-10,Humedad,SARIMA punto 5,72.69,66.4808077082672
2025-03-11,Humedad,SARIMA punto 5,73.83,66.48081323707478
2025-03-12,Humedad,SARIMA punto 5,83.65,66.48081779223199
2025-03-13,Humedad,SARIMA punto 5,75.7,66.48082154520348
2025-03-14,Humedad,SARIMA punto 5,69.88,66.48082463725814
2025-03-15,Humedad,SARIMA punto 5,72.21,66.48082718478668
2025-03-16,Humedad,SARIMA punto 5,77.72,66.48082928368282
2025-03-17,Humedad,SARIMA punto 5,77.62,66.48083101295299
2025-03-18,Humedad,SARIMA punto 5,72.87,66.48083243769011
2025-03-19,Humedad,SARIMA punto 5,68.75,66.48083361152399
2025-03-20,Humedad,SARIMA punto 5,61.79,66.48083457863991
2025-03-21,Humedad,SARIMA punto 5,63.51,66.48083537544193
2025-03-22,Humedad,SARIMA punto 5,70.49,66.48083603192318
2025-03-23,Humedad,SARIMA punto 5,81.99,66.48083657279483
2025-03-24,Humedad,SARIMA punto 5,84.44,66.48083701841631
2025-03-25,Humedad,SARIMA punto 5,83.66,66.48083738556164
2025-03-26,Humedad,SARIMA punto 5,79.46,66.48083768805085
2025-03-27,Humedad,SARIMA punto 5,82.67,66.48083793727022
2025-03-28,Humedad,SARIMA punto 5,85.13,66.48083814260083
2025-03-29,Humedad,SARIMA punto 5,74.76,66.4808383117717
2025-03-30,Humedad,SARIMA punto 5,76.95,66.48083845115076
2025-03-31,Humedad,SARIMA punto 5,71.12,66.48083856598447
2025-04-01,Humedad,SARIMA punto 5,74.04,66.4808386605954
2025-04-02,Humedad,SARIMA punto 5,64.27,66.48083873854486
2025-04-03,Humedad,SARIMA punto 5,58.45,66.48083880276704
2025-04-04,Humedad,SARIMA punto 5,65.27,66.48083885567938
2025-04-05,Humedad,SARIMA punto 5,69.95,66.48083889927359
2025-04-06,Humedad,SARIMA punto 5,78.39,66.48083893519066
2025-04-07,Humedad,SARIMA punto 5,93.14,66.48083896478255
2025-04-08,Humedad,SARIMA punto 5,86.07,66.48083898916315
2025-04-09,Humedad,SARIMA punto 5,87.08,66.48083900925022
2025-04-10,Humedad,SARIMA punto 5,86.49,66.48083902579984
2025-04-11,Humedad,SARIMA punto 5,81.76,66.480839039435
2025-04-12,Humedad,SARIMA punto 5,80.28,66.48083905066895
2025-04-13,Humedad,SARIMA punto 5,67.01,66.48083905992453
2025-04-14,Humedad,SARIMA punto 5,72.73,66.48083906755016
2025-04-15,Humedad,SARIMA punto 5,78.94,66.4808390738329
2025-04-16,Humedad,SARIMA punto 5,80.83,66.4808390790092
2025-04-17,Humedad,SARIMA punto 5,79.95,66.48083908327393
2025-04-18,Humedad,SARIMA punto 5,81.82,66.48083908678763
2025-04-19,Humedad,SARIMA punto 5,69.84,66.48083908968253
2025-04-20,Humedad,SARIMA punto 5,83.45,66.48083909206764
2025-04-21,Humedad,SARIMA punto 5,75.52,66.48083909403272
2025-04-22,Humedad,SARIMA punto 5,74.49,66.48083909565173
2025-04-23,Humedad,SARIMA punto 5,76.25,66.48083909698562
2025-04-24,Humedad,SARIMA punto 5,83.32,66.4808390980846
2025-04-25,Humedad,SARIMA punto 5,81.56,66.48083909899006
2025-04-26,Humedad,SARIMA punto 5,63.52,66.48083909973606
2025-04-27,Humedad,SARIMA punto 5,63.2,66.48083910035069
2025-04-28,Humedad,SARIMA punto 5,64.96,66.48083910085708
2025-04-29,Humedad,SARIMA punto 5,68.31,66.48083910127428
2025-04-30,Humedad,SARIMA punto 5,69.47,66.48083910161802
2025-05-01,Humedad,SARIMA punto 5,68.7,66.48083910190122
2025-05-02,Humedad,SARIMA punto 5,70.01,66.48083910213455
2025-05-03,Humedad,SARIMA punto 5,76.72,66.4808391023268
2025-05-04,Humedad,SARIMA punto 5,77.67,66.48083910248519
2025-05-05,Humedad,SARIMA punto 5,87.99,66.48083910261568
2025-05-06,Humedad,SARIMA punto 5,85.75,66.4808391027232
2025-05-07,Humedad,SARIMA punto 5,81.09,66.48083910281177
2025-05-08,Humedad,SARIMA punto 5,82.05,66.48083910288474
2025-05-09,Humedad,SARIMA punto 5,73.54,66.48083910294487
2025-05-10,Humedad,SARIMA punto 5,69.1,66.48083910299441
2025-05-11,Humedad,SARIMA punto 5,75.05,66.48083910303522
2025-05-12,Humedad,SARIMA punto 5,73.52,66.48083910306886
2025-05-13,Humedad,SARIMA punto 5,77.14,66.48083910309657
2025-05-14,Humedad,SARIMA punto 5,79.1,66.4808391031194
2025-05-15,Humedad,SARIMA punto 5,82.79,66.48083910313821
2025-05-16,Humedad,SARIMA punto 5,87.49,66.4808391031537
2025-05-17,Humedad,SARIMA punto 5,81.53,66.48083910316646
2025-05-18,Humedad,SARIMA punto 5,67.31,66.48083910317698
2025-05-19,Humedad,SARIMA punto 5,78.67,66.48083910318564
2025-05-20,Humedad,SARIMA punto 5,67.87,66.48083910319278
2025-05-21,Humedad,SARIMA punto 5,73.37,66.48083910319866
2025-05-22,Humedad,SARIMA punto 5,80.02,66.48083910320351
2025-05-23,Humedad,SARIMA punto 5,77.51,66.4808391032075
2025-05-24,Humedad,SARIMA punto 5,84.34,66.4808391032108
2025-05-25,Humedad,SARIMA punto 5,90.37,66.4808391032135
2025-05-26,Humedad,SARIMA punto 5,92.42,66.48083910321573
2025-05-27,Humedad,SARIMA punto 5,78.82,66.48083910321756
2025-05-28,Humedad,SARIMA punto 5,71.67,66.48083910321907
2025-05-29,Humedad,SARIMA punto 5,67.18,66.48083910322032
2025-05-30,Humedad,SARIMA punto 5,73.19,66.48083910322134
2025-05-31,Humedad,SARIMA punto 5,72.16,66.4808391032222
2025-06-01,Humedad,SARIMA punto 5,69.32,66.4808391032229
2025-06-02,Humedad,SARIMA punto 5,85.99,66.48083910322347
2025-06-03,Humedad,SARIMA punto 5,90.71,66.48083910322396
2025-06-04,Humedad,SARIMA punto 5,88.55,66.48083910322435
2025-06-05,Humedad,SARIMA punto 5,72.01,66.48083910322467
2025-06-06,Humedad,SARIMA punto 5,78.24,66.48083910322492
2025-06-07,Humedad,SARIMA punto 5,85.56,66.48083910322515
2025-06-08,Humedad,SARIMA punto 5,85.55,66.48083910322532
2025-06-09,Humedad,SARIMA punto 5,87.44,66.48083910322546
2025-06-10,Humedad,SARIMA punto 5,83.47,66.48083910322559
2025-06-11,Humedad,SARIMA punto 5,79.79,66.48083910322569
2025-06-12,Humedad,SARIMA punto 5,79.02,66.48083910322578
2025-06-13,Humedad,SARIMA punto 5,89.21,66.48083910322585
2025-06-14,Humedad,SARIMA punto 5,87.33,66.4808391032259
2025-06-15,Humedad,SARIMA punto 5,78.43,66.48083910322595
2025-06-16,Humedad,SARIMA punto 5,89.65,66.48083910322599
2025-06-17,Humedad,SARIMA punto 5,89.42,66.48083910322603
2025-06-18,Humedad,SARIMA punto 5,82.73,66.48083910322606
2025-06-19,Humedad,SARIMA punto 5,76.7,66.48083910322609
2025-06-20,Humedad,SARIMA punto 5,76.75,66.4808391032261
2025-06-21,Humedad,SARIMA punto 5,87.16,66.48083910322612
2025-06-22,Humedad,SARIMA punto 5,77.61,66.48083910322612
2025-06-23,Humedad,SARIMA punto 5,64.78,66.48083910322612
2025-06-24,Humedad,SARIMA punto 5,65.54,66.48083910322612
2025-06-25,Humedad,SARIMA punto 5,75.99,66.48083910322612
2025-06-26,Humedad,SARIMA punto 5,58.26,66.48083910322612
2025-06-27,Humedad,SARIMA punto 5,61.09,66.48083910322612
2025-06-28,Humedad,SARIMA punto 5,78.05,66.48083910322612
2025-06-29,Humedad,SARIMA punto 5,73.06,66.48083910322612
2025-06-30,Humedad,SARIMA punto 5,74.83,66.48083910322612
2025-07-01,Humedad,SARIMA punto 5,57.9,66.48083910322612
2025-07-02,Humedad,SARIMA punto 5,70.53,66.48083910322612
2025-07-03,Humedad,SARIMA punto 5,79.52,66.48083910322612
2025-07-04,Humedad,SARIMA punto 5,88.18,66.48083910322612
2025-07-05,Humedad,SARIMA punto 5,84.84,66.48083910322612
2025-07-06,Humedad,SARIMA punto 5,88.02,66.48083910322612
2025-07-07,Humedad,SARIMA punto 5,85.83,66.48083910322612
2025-07-08,Humedad,SARIMA punto 5,86.37,66.48083910322612
2025-07-09,Humedad,SARIMA punto 5,83.66,66.48083910322612
2025-07-10,Humedad,SARIMA punto 5,88.32,66.48083910322612
2025-07-11,Humedad,SARIMA punto 5,87.28,66.48083910322612
2025-07-12,Humedad,SARIMA punto 5,81.29,66.48083910322612
2025-07-13,Humedad,SARIMA punto 5,82.67,66.48083910322612
2025-07-14,Humedad,SARIMA punto 5,88.76,66.48083910322612
2025-07-15,Humedad,SARIMA punto 5,87.14,66.48083910322612
2025-07-16,Humedad,SARIMA punto 5,78.54,66.48083910322612
2025-07-17,Humedad,SARIMA punto 5,65.35,66.48083910322612
2025-07-18,Humedad,SARIMA punto 5,64.96,66.48083910322612
2025-07-19,Humedad,SARIMA punto 5,77.19,66.48083910322612
2025-07-20,Humedad,SARIMA punto 5,81.51,66.48083910322612
2025-07-21,Humedad,SARIMA punto 5,81.09,66.48083910322612
2025-07-22,Humedad,SARIMA punto 5,81.21,66.48083910322612
2025-07-23,Humedad,SARIMA punto 5,77.26,66.48083910322612
2025-07-24,Humedad,SARIMA punto 5,82.43,66.48083910322612
2025-07-25,Humedad,SARIMA punto 5,88.89,66.48083910322612
2025-07-26,Humedad,SARIMA punto 5,84.99,66.48083910322612
2025-07-27,Humedad,SARIMA punto 5,91.52,66.48083910322612
2025-07-28,Humedad,SARIMA punto 5,81.56,66.48083910322612
2025-07-29,Humedad,SARIMA punto 5,83.28,66.48083910322612
2025-07-30,Humedad,SARIMA punto 5,77.73,66.48083910322612
2025-07-31,Humedad,SARIMA punto 5,80.67,66.48083910322612
2025-08-01,Humedad,SARIMA punto 5,90.93,66.48083910322612
2025-08-02,Humedad,SARIMA punto 5,81.74,66.48083910322612
2025-08-03,Humedad,SARIMA punto 5,67.45,66.48083910322612
2025-08-04,Humedad,SARIMA punto 5,63.89,66.48083910322612
2025-08-05,Humedad,SARIMA punto 5,72.43,66.48083910322612
2025-08-06,Humedad,SARIMA punto 5,71.09,66.48083910322612
2025-08-07,Humedad,SARIMA punto 5,76.75,66.48083910322612
2025-08-08,Humedad,SARIMA punto 5,76.87,66.48083910322612
2025-08-09,Humedad,SARIMA punto 5,70.83,66.48083910322612
2025-08-10,Humedad,SARIMA punto 5,71.7,66.48083910322612
2025-08-11,Humedad,SARIMA punto 5,74.01,66.48083910322612
2025-08-12,Humedad,SARIMA punto 5,72.95,66.48083910322612
2025-08-13,Humedad,SARIMA punto 5,77.98,66.48083910322612
2025-08-14,Humedad,SARIMA punto 5,79.89,66.48083910322612
2025-08-15,Humedad,SARIMA punto 5,76.84,66.48083910322612
2025-08-16,Humedad,SARIMA punto 5,82.51,66.48083910322612
2025-08-17,Humedad,SARIMA punto 5,83.34,66.48083910322612
2025-08-18,Humedad,SARIMA punto 5,87.71,66.48083910322612
2025-08-19,Humedad,SARIMA punto 5,95.63,66.48083910322612
2025-08-20,Humedad,SARIMA punto 5,74.09,66.48083910322612
2025-08-21,Humedad,SARIMA punto 5,74.35,66.48083910322612
2025-08-22,Humedad,SARIMA punto 5,73.27,66.48083910322612
2025-08-23,Humedad,SARIMA punto 5,61.66,66.48083910322612
2025-08-24,Humedad,SARIMA punto 5,60.51,66.48083910322612
2025-08-25,Humedad,SARIMA punto 5,72.38,66.48083910322612
2025-08-26,Humedad,SARIMA punto 5,76.14,66.48083910322612
2025-08-27,Humedad,SARIMA punto 5,77.34,66.48083910322612
2025-08-28,Humedad,SARIMA punto 5,79.22,66.48083910322612
2025-08-29,Humedad,SARIMA punto 5,80.97,66.48083910322612
2025-08-30,Humedad,SARIMA punto 5,89.61,66.48083910322612
2025-08-31,Humedad,SARIMA punto 5,88.04,66.48083910322612
2025-09-01,Humedad,SARIMA punto 5,74.29,66.48083910322612
2025-09-02,Humedad,SARIMA punto 5,76.52,66.48083910322612
2025-09-03,Humedad,SARIMA punto 5,76.01,66.48083910322612
2025-09-04,Humedad,SARIMA punto 5,63.67,66.48083910322612
2025-09-05,Humedad,SARIMA punto 5,61.38,66.48083910322612
2025-09-06,Humedad,SARIMA punto 5,63.88,66.48083910322612
2025-09-07,Humedad,SARIMA punto 5,71.75,66.48083910322612
2025-09-08,Humedad,SARIMA punto 5,76.61,66.48083910322612
2025-09-09,Humedad,SARIMA punto 5,73.2,66.48083910322612
2025-09-10,Humedad,SARIMA punto 5,77.25,66.48083910322612
2025-09-11,Humedad,SARIMA punto 5,66.38,66.48083910322612
2025-09-12,Humedad,SARIMA punto 5,69.49,66.48083910322612
2025-09-13,Humedad,SARIMA punto 5,73.36,66.48083910322612
2025-09-14,Humedad,SARIMA punto 5,76.12,66.48083910322612
2025-09-15,Humedad,SARIMA punto 5,85.14,66.48083910322612
2025-09-16,Humedad,SARIMA punto 5,79.77,66.48083910322612
2025-09-17,Humedad,SARIMA punto 5,77.67,66.48083910322612
2025-09-18,Humedad,SARIMA punto 5,87.52,66.48083910322612
2025-09-19,Humedad,SARIMA punto 5,87.73,66.48083910322612
2025-09-20,Humedad,SARIMA punto 5,91.14,66.48083910322612
2025-09-21,Humedad,SARIMA punto 5,73.86,66.48083910322612
2025-09-22,Humedad,SARIMA punto 5,68.27,66.48083910322612
2025-09-23,Humedad,SARIMA punto 5,61.15,66.48083910322612
2025-09-24,Humedad,SARIMA punto 5,74.68,66.48083910322612
2025-09-25,Humedad,SARIMA punto 5,68.52,66.48083910322612
2025-09-26,Humedad,SARIMA punto 5,69.87,66.48083910322612
2025-09-27,Humedad,SARIMA punto 5,76.35,66.48083910322612
2025-09-28,Humedad,SARIMA punto 5,67.06,66.48083910322612
2025-09-29,Humedad,SARIMA punto 5,67.15,66.48083910322612
2025-09-30,Humedad,SARIMA punto 5,68.25,66.48083910322612
2025-10-01,Humedad,SARIMA punto 5,68.38,66.48083910322612
2025-10-02,Humedad,SARIMA punto 5,69.46,66.48083910322612
2025-10-03,Humedad,SARIMA punto 5,75.52,66.48083910322612
2025-10-04,Humedad,SARIMA punto 5,75.85,66.48083910322612
2025-10-05,Humedad,SARIMA punto 5,72.12,66.48083910322612
2025-10-06,Humedad,SARIMA punto 5,63.62,66.48083910322612
2025-10-07,Humedad,SARIMA punto 5,54.99,66.48083910322612
2025-10-08,Humedad,SARIMA punto 5,62.54,66.48083910322612
2025-10-09,Humedad,SARIMA punto 5,62.06,66.48083910322612
2025-10-10,Humedad,SARIMA punto 5,62.56,66.48083910322612
2025-10-11,Humedad,SARIMA punto 5,67.66,66.48083910322612
2025-10-12,Humedad,SARIMA punto 5,62.04,66.48083910322612
2025-10-13,Humedad,SARIMA punto 5,53.6,66.48083910322612
2025-10-14,Humedad,SARIMA punto 5,52.63,66.48083910322612
2025-10-15,Humedad,SARIMA punto 5,58.29,66.48083910322612
2025-10-16,Humedad,SARIMA punto 5,63.0,66.48083910322612
2025-10-17,Humedad,SARIMA punto 5,75.27,66.48083910322612
2025-10-18,Humedad,SARIMA punto 5,60.19,66.48083910322612
2025-10-19,Humedad,SARIMA punto 5,48.83,66.48083910322612
2025-10-20,Humedad,SARIMA punto 5,51.6,66.48083910322612
2025-10-21,Humedad,SARIMA punto 5,57.45,66.48083910322612
2025-10-22,Humedad,SARIMA punto 5,66.23,66.48083910322612
2025-10-23,Humedad,SARIMA punto 5,58.88,66.48083910322612
2025-10-24,Humedad,SARIMA punto 5,77.38,66.48083910322612
2025-10-25,Humedad,SARIMA punto 5,61.54,66.48083910322612
2025-10-26,Humedad,SARIMA punto 5,52.26,66.48083910322612
2025-10-27,Humedad,SARIMA punto 5,61.34,66.48083910322612
2025-10-28,Humedad,SARIMA punto 5,66.02,66.48083910322612
2025-10-29,Humedad,SARIMA punto 5,60.42,66.48083910322612
2025-10-30,Humedad,SARIMA punto 5,65.17,66.48083910322612
2025-10-31,Humedad,SARIMA punto 5,58.4,66.48083910322612
2025-11-01,Humedad,SARIMA punto 5,59.32,66.48083910322612
2025-11-02,Humedad,SARIMA punto 5,61.88,66.48083910322612
2025-11-03,Humedad,SARIMA punto 5,58.63,66.48083910322612
2025-11-04,Humedad,SARIMA punto 5,73.84,66.48083910322612
2025-11-05,Humedad,SARIMA punto 5,64.35,66.48083910322612
2025-11-06,Humedad,SARIMA punto 5,55.28,66.48083910322612
2025-11-07,Humedad,SARIMA punto 5,79.08,66.48083910322612
2025-11-08,Humedad,SARIMA punto 5,72.76,66.48083910322612
2025-11-09,Humedad,SARIMA punto 5,65.32,66.48083910322612
2025-11-10,Humedad,SARIMA punto 5,61.94,66.48083910322612
2025-11-11,Humedad,SARIMA punto 5,67.5,66.48083910322612
2025-11-12,Humedad,SARIMA punto 5,59.07,66.48083910322612
2025-11-13,Humedad,SARIMA punto 5,50.68,66.48083910322612
2025-11-14,Humedad,SARIMA punto 5,55.16,66.48083910322612
2025-11-15,Humedad,SARIMA punto 5,57.07,66.48083910322612
2025-11-16,Humedad,SARIMA punto 5,70.19,66.48083910322612
2025-11-17,Humedad,SARIMA punto 5,57.65,66.48083910322612
2025-11-18,Humedad,SARIMA punto 5,57.85,66.48083910322612
2025-11-19,Humedad,SARIMA punto 5,61.04,66.48083910322612
2025-11-20,Humedad,SARIMA punto 5,61.54,66.48083910322612
2025-11-21,Humedad,SARIMA punto 5,70.75,66.48083910322612
2025-11-22,Humedad,SARIMA punto 5,66.86,66.48083910322612
2025-11-23,Humedad,SARIMA punto 5,58.21,66.48083910322612
2025-11-24,Humedad,SARIMA punto 5,53.68,66.48083910322612
2025-11-25,Humedad,SARIMA punto 5,52.91,66.48083910322612
2025-11-26,Humedad,SARIMA punto 5,53.38,66.48083910322612
2025-11-27,Humedad,SARIMA punto 5,52.34,66.48083910322612
2025-11-28,Humedad,SARIMA punto 5,54.82,66.48083910322612
2025-11-29,Humedad,SARIMA punto 5,80.88,66.48083910322612
2025-11-30,Humedad,SARIMA punto 5,84.09,66.48083910322612
2025-12-01,Humedad,SARIMA punto 5,71.49,66.48083910322612
2025-12-02,Humedad,SARIMA punto 5,60.15,66.48083910322612
2025-12-03,Humedad,SARIMA punto 5,51.9,66.48083910322612
2025-12-04,Humedad,SARIMA punto 5,49.13,66.48083910322612
2025-12-05,Humedad,SARIMA punto 5,51.18,66.48083910322612
2025-12-06,Humedad,SARIMA punto 5,53.41,66.48083910322612
2025-12-07,Humedad,SARIMA punto 5,46.59,66.48083910322612
2025-12-08,Humedad,SARIMA punto 5,57.55,66.48083910322612
2025-12-09,Humedad,SARIMA punto 5,59.55,66.48083910322612
2025-12-10,Humedad,SARIMA punto 5,61.71,66.48083910322612
2025-12-11,Humedad,SARIMA punto 5,52.15,66.48083910322612
2025-12-12,Humedad,SARIMA punto 5,47.53,66.48083910322612
2025-12-13,Humedad,SARIMA punto 5,50.94,66.48083910322612
2025-12-14,Humedad,SARIMA punto 5,75.59,66.48083910322612
2025-12-15,Humedad,SARIMA punto 5,61.75,66.48083910322612
2025-12-16,Humedad,SARIMA punto 5,53.93,66.48083910322612
2025-12-17,Humedad,SARIMA punto 5,53.31,66.48083910322612
2025-12-18,Humedad,SARIMA punto 5,53.54,66.48083910322612
2025-12-19,Humedad,SARIMA punto 5,51.03,66.48083910322612
2025-12-20,Humedad,SARIMA punto 5,80.31,66.48083910322612
2025-12-21,Humedad,SARIMA punto 5,81.92,66.48083910322612
2025-12-22,Humedad,SARIMA punto 5,72.21,66.48083910322612
2025-12-23,Humedad,SARIMA punto 5,63.09,66.48083910322612
2025-12-24,Humedad,SARIMA punto 5,58.8,66.48083910322612
2025-12-25,Humedad,SARIMA punto 5,59.75,66.48083910322612
2025-12-26,Humedad,SARIMA punto 5,43.9,66.48083910322612
2025-12-27,Humedad,SARIMA punto 5,54.23,66.48083910322612
2025-12-28,Humedad,SARIMA punto 5,50.73,66.48083910322612
2025-12-29,Humedad,SARIMA punto 5,48.66,66.48083910322612
2025-12-30,Humedad,SARIMA punto 5,51.49,66.48083910322612
2025-12-31,Humedad,SARIMA punto 5,47.43,66.48083910322612
2025-01-01,Humedad,Media,49.41,66.6645417236662
2025-01-02,Humedad,Media,36.97,66.6645417236662
2025-01-03,Humedad,Media,36.67,66.6645417236662
2025-01-04,Humedad,Media,37.18,66.6645417236662
2025-01-05,Humedad,Media,38.95,66.6645417236662
2025-01-06,Humedad,Media,41.42,66.6645417236662
2025-01-07,Humedad,Media,37.13,66.6645417236662
2025-01-08,Humedad,Media,35.86,66.6645417236662
2025-01-09,Humedad,Media,31.18,66.6645417236662
2025-01-10,Humedad,Media,30.8,66.6645417236662
2025-01-11,Humedad,Media,36.28,66.6645417236662
2025-01-12,Humedad,Media,37.36,66.6645417236662
2025-01-13,Humedad,Media,31.5,66.6645417236662
2025-01-14,Humedad,Media,30.9,66.6645417236662
2025-01-15,Humedad,Media,30.09,66.6645417236662
2025-01-16,Humedad,Media,31.77,66.6645417236662
2025-01-17,Humedad,Media,42.27,66.6645417236662
2025-01-18,Humedad,Media,56.44,66.6645417236662
2025-01-19,Humedad,Media,72.8,66.6645417236662
2025-01-20,Humedad,Media,60.5,66.6645417236662
2025-01-21,Humedad,Media,50.57,66.6645417236662
2025-01-22,Humedad,Media,46.67,66.6645417236662
2025-01-23,Humedad,Media,52.26,66.6645417236662
2025-01-24,Humedad,Media,63.97,66.6645417236662
2025-01-25,Humedad,Media,59.61,66.6645417236662
2025-01-26,Humedad,Media,60.44,66.6645417236662
2025-01-27,Humedad,Media,62.88,66.6645417236662
2025-01-28,Humedad,Media,74.71,66.6645417236662
2025-01-29,Humedad,Media,50.69,66.6645417236662
2025-01-30,Humedad,Media,58.45,66.6645417236662
2025-01-31,Humedad,Media,53.34,66.6645417236662
2025-02-01,Humedad,Media,48.09,66.6645417236662
2025-02-02,Humedad,Media,44.75,66.6645417236662
2025-02-03,Humedad,Media,42.95,66.6645417236662
2025-02-04,Humedad,Media,56.41,66.6645417236662
2025-02-05,Humedad,Media,80.5,66.6645417236662
2025-02-06,Humedad,Media,72.05,66.6645417236662
2025-02-07,Humedad,Media,60.17,66.6645417236662
2025-02-08,Humedad,Media,54.2,66.6645417236662
2025-02-09,Humedad,Media,68.58,66.6645417236662
2025-02-10,Humedad,Media,53.46,66.6645417236662
2025-02-11,Humedad,Media,60.35,66.6645417236662
2025-02-12,Humedad,Media,82.58,66.6645417236662
2025-02-13,Humedad,Media,64.68,66.6645417236662
2025-02-14,Humedad,Media,66.73,66.6645417236662
2025-02-15,Humedad,Media,79.32,66.6645417236662
2025-02-16,Humedad,Media,83.46,66.6645417236662
2025-02-17,Humedad,Media,66.21,66.6645417236662
2025-02-18,Humedad,Media,55.39,66.6645417236662
2025-02-19,Humedad,Media,59.63,66.6645417236662
2025-02-20,Humedad,Media,57.45,66.6645417236662
2025-02-21,Humedad,Media,67.15,66.6645417236662
2025-02-22,Humedad,Media,64.63,66.6645417236662
2025-02-23,Humedad,Media,61.81,66.6645417236662
2025-02-24,Humedad,Media,60.77,66.6645417236662
2025-02-25,Humedad,Media,82.51,66.6645417236662
2025-02-26,Humedad,Media,87.34,66.6645417236662
2025-02-27,Humedad,Media,85.42,66.6645417236662
2025-02-28,Humedad,Media,86.08,66.6645417236662
2025-03-01,Humedad,Media,87.51,66.6645417236662
2025-03-02,Humedad,Media,92.8,66.6645417236662
2025-03-03,Humedad,Media,90.93,66.6645417236662
2025-03-04,Humedad,Media,82.1,66.6645417236662
2025-03-05,Humedad,Media,77.11,66.6645417236662
2025-03-06,Humedad,Media,78.2,66.6645417236662
2025-03-07,Humedad,Media,73.32,66.6645417236662
2025-03-08,Humedad,Media,82.54,66.6645417236662
2025-03-09,Humedad,Media,74.66,66.6645417236662
2025-03-10,Humedad,Media,72.69,66.6645417236662
2025-03-11,Humedad,Media,73.83,66.6645417236662
2025-03-12,Humedad,Media,83.65,66.6645417236662
2025-03-13,Humedad,Media,75.7,66.6645417236662
2025-03-14,Humedad,Media,69.88,66.6645417236662
2025-03-15,Humedad,Media,72.21,66.6645417236662
2025-03-16,Humedad,Media,77.72,66.6645417236662
2025-03-17,Humedad,Media,77.62,66.6645417236662
2025-03-18,Humedad,Media,72.87,66.6645417236662
2025-03-19,Humedad,Media,68.75,66.6645417236662
2025-03-20,Humedad,Media,61.79,66.6645417236662
2025-03-21,Humedad,Media,63.51,66.6645417236662
2025-03-22,Humedad,Media,70.49,66.6645417236662
2025-03-23,Humedad,Media,81.99,66.6645417236662
2025-03-24,Humedad,Media,84.44,66.6645417236662
2025-03-25,Humedad,Media,83.66,66.6645417236662
2025-03-26,Humedad,Media,79.46,66.6645417236662
2025-03-27,Humedad,Media,82.67,66.6645417236662
2025-03-28,Humedad,Media,85.13,66.6645417236662
2025-03-29,Humedad,Media,74.76,66.6645417236662
2025-03-30,Humedad,Media,76.95,66.6645417236662
2025-03-31,Humedad,Media,71.12,66.6645417236662
2025-04-01,Humedad,Media,74.04,66.6645417236662
2025-04-02,Humedad,Media,64.27,66.6645417236662
2025-04-03,Humedad,Media,58.45,66.6645417236662
2025-04-04,Humedad,Media,65.27,66.6645417236662
2025-04-05,Humedad,Media,69.95,66.6645417236662
2025-04-06,Humedad,Media,78.39,66.6645417236662
2025-04-07,Humedad,Media,93.14,66.6645417236662
2025-04-08,Humedad,Media,86.07,66.6645417236662
2025-04-09,Humedad,Media,87.08,66.6645417236662
2025-04-10,Humedad,Media,86.49,66.6645417236662
2025-04-11,Humedad,Media,81.76,66.6645417236662
2025-04-12,Humedad,Media,80.28,66.6645417236662
2025-04-13,Humedad,Media,67.01,66.6645417236662
2025-04-14,Humedad,Media,72.73,66.6645417236662
2025-04-15,Humedad,Media,78.94,66.6645417236662
2025-04-16,Humedad,Media,80.83,66.6645417236662
2025-04-17,Humedad,Media,79.95,66.6645417236662
2025-04-18,Humedad,Media,81.82,66.6645417236662
2025-04-19,Humedad,Media,69.84,66.6645417236662
2025-04-20,Humedad,Media,83.45,66.6645417236662
2025-04-21,Humedad,Media,75.52,66.6645417236662
2025-04-22,Humedad,Media,74.49,66.6645417236662
2025-04-23,Humedad,Media,76.25,66.6645417236662
2025-04-24,Humedad,Media,83.32,66.6645417236662
2025-04-25,Humedad,Media,81.56,66.6645417236662
2025-04-26,Humedad,Media,63.52,66.6645417236662
2025-04-27,Humedad,Media,63.2,66.6645417236662
2025-04-28,Humedad,Media,64.96,66.6645417236662
2025-04-29,Humedad,Media,68.31,66.6645417236662
2025-04-30,Humedad,Media,69.47,66.6645417236662
2025-05-01,Humedad,Media,68.7,66.6645417236662
2025-05-02,Humedad,Media,70.01,66.6645417236662
2025-05-03,Humedad,Media,76.72,66.6645417236662
2025-05-04,Humedad,Media,77.67,66.6645417236662
2025-05-05,Humedad,Media,87.99,66.6645417236662
2025-05-06,Humedad,Media,85.75,66.6645417236662
2025-05-07,Humedad,Media,81.09,66.6645417236662
2025-05-08,Humedad,Media,82.05,66.6645417236662
2025-05-09,Humedad,Media,73.54,66.6645417236662
2025-05-10,Humedad,Media,69.1,66.6645417236662
2025-05-11,Humedad,Media,75.05,66.6645417236662
2025-05-12,Humedad,Media,73.52,66.6645417236662
2025-05-13,Humedad,Media,77.14,66.6645417236662
2025-05-14,Humedad,Media,79.1,66.6645417236662
2025-05-15,Humedad,Media,82.79,66.6645417236662
2025-05-16,Humedad,Media,87.49,66.6645417236662
2025-05-17,Humedad,Media,81.53,66.6645417236662
2025-05-18,Humedad,Media,67.31,66.6645417236662
2025-05-19,Humedad,Media,78.67,66.6645417236662
2025-05-20,Humedad,Media,67.87,66.6645417236662
2025-05-21,Humedad,Media,73.37,66.6645417236662
2025-05-22,Humedad,Media,80.02,66.6645417236662
2025-05-23,Humedad,Media,77.51,66.6645417236662
2025-05-24,Humedad,Media,84.34,66.6645417236662
2025-05-25,Humedad,Media,90.37,66.6645417236662
2025-05-26,Humedad,Media,92.42,66.6645417236662
2025-05-27,Humedad,Media,78.82,66.6645417236662
2025-05-28,Humedad,Media,71.67,66.6645417236662
2025-05-29,Humedad,Media,67.18,66.6645417236662
2025-05-30,Humedad,Media,73.19,66.6645417236662
2025-05-31,Humedad,Media,72.16,66.6645417236662
2025-06-01,Humedad,Media,69.32,66.6645417236662
2025-06-02,Humedad,Media,85.99,66.6645417236662
2025-06-03,Humedad,Media,90.71,66.6645417236662
2025-06-04,Humedad,Media,88.55,66.6645417236662
2025-06-05,Humedad,Media,72.01,66.6645417236662
2025-06-06,Humedad,Media,78.24,66.6645417236662
2025-06-07,Humedad,Media,85.56,66.6645417236662
2025-06-08,Humedad,Media,85.55,66.6645417236662
2025-06-09,Humedad,Media,87.44,66.6645417236662
2025-06-10,Humedad,Media,83.47,66.6645417236662
2025-06-11,Humedad,Media,79.79,66.6645417236662
2025-06-12,Humedad,Media,79.02,66.6645417236662
2025-06-13,Humedad,Media,89.21,66.6645417236662
2025-06-14,Humedad,Media,87.33,66.6645417236662
2025-06-15,Humedad,Media,78.43,66.6645417236662
2025-06-16,Humedad,Media,89.65,66.6645417236662
2025-06-17,Humedad,Media,89.42,66.6645417236662
2025-06-18,Humedad,Media,82.73,66.6645417236662
2025-06-19,Humedad,Media,76.7,66.6645417236662
2025-06-20,Humedad,Media,76.75,66.6645417236662
2025-06-21,Humedad,Media,87.16,66.6645417236662
2025-06-22,Humedad,Media,77.61,66.6645417236662
2025-06-23,Humedad,Media,64.78,66.6645417236662
2025-06-24,Humedad,Media,65.54,66.6645417236662
2025-06-25,Humedad,Media,75.99,66.6645417236662
2025-06-26,Humedad,Media,58.26,66.6645417236662
2025-06-27,Humedad,Media,61.09,66.6645417236662
2025-06-28,Humedad,Media,78.05,66.6645417236662
2025-06-29,Humedad,Media,73.06,66.6645417236662
2025-06-30,Humedad,Media,74.83,66.6645417236662
2025-07-01,Humedad,Media,57.9,66.6645417236662
2025-07-02,Humedad,Media,70.53,66.6645417236662
2025-07-03,Humedad,Media,79.52,66.6645417236662
2025-07-04,Humedad,Media,88.18,66.6645417236662
2025-07-05,Humedad,Media,84.84,66.6645417236662
2025-07-06,Humedad,Media,88.02,66.6645417236662
2025-07-07,Humedad,Media,85.83,66.6645417236662
2025-07-08,Humedad,Media,86.37,66.6645417236662
2025-07-09,Humedad,Media,83.66,66.6645417236662
2025-07-10,Humedad,Media,88.32,66.6645417236662
2025-07-11,Humedad,Media,87.28,66.6645417236662
2025-07-12,Humedad,Media,81.29,66.6645417236662
2025-07-13,Humedad,Media,82.67,66.6645417236662
2025-07-14,Humedad,Media,88.76,66.6645417236662
2025-07-15,Humedad,Media,87.14,66.6645417236662
2025-07-16,Humedad,Media,78.54,66.6645417236662
2025-07-17,Humedad,Media,65.35,66.6645417236662
2025-07-18,Humedad,Media,64.96,66.6645417236662
2025-07-19,Humedad,Media,77.19,66.6645417236662
2025-07-20,Humedad,Media,81.51,66.6645417236662
2025-07-21,Humedad,Media,81.09,66.6645417236662
2025-07-22,Humedad,Media,81.21,66.6645417236662
2025-07-23,Humedad,Media,77.26,66.6645417236662
2025-07-24,Humedad,Media,82.43,66.6645417236662
2025-07-25,Humedad,Media,88.89,66.6645417236662
2025-07-26,Humedad,Media,84.99,66.6645417236662
2025-07-27,Humedad,Media,91.52,66.6645417236662
2025-07-28,Humedad,Media,81.56,66.6645417236662
2025-07-29,Humedad,Media,83.28,66.6645417236662
2025-07-30,Humedad,Media,77.73,66.6645417236662
2025-07-31,Humedad,Media,80.67,66.6645417236662
2025-08-01,Humedad,Media,90.93,66.6645417236662
2025-08-02,Humedad,Media,81.74,66.6645417236662
2025-08-03,Humedad,Media,67.45,66.6645417236662
2025-08-04,Humedad,Media,63.89,66.6645417236662
2025-08-05,Humedad,Media,72.43,66.6645417236662
2025-08-06,Humedad,Media,71.09,66.6645417236662
2025-08-07,Humedad,Media,76.75,66.6645417236662
2025-08-08,Humedad,Media,76.87,66.6645417236662
2025-08-09,Humedad,Media,70.83,66.6645417236662
2025-08-10,Humedad,Media,71.7,66.6645417236662
2025-08-11,Humedad,Media,74.01,66.6645417236662
2025-08-12,Humedad,Media,72.95,66.6645417236662
2025-08-13,Humedad,Media,77.98,66.6645417236662
2025-08-14,Humedad,Media,79.89,66.6645417236662
2025-08-15,Humedad,Media,76.84,66.6645417236662
2025-08-16,Humedad,Media,82.51,66.6645417236662
2025-08-17,Humedad,Media,83.34,66.6645417236662
2025-08-18,Humedad,Media,87.71,66.6645417236662
2025-08-19,Humedad,Media,95.63,66.6645417236662
2025-08-20,Humedad,Media,74.09,66.6645417236662
2025-08-21,Humedad,Media,74.35,66.6645417236662
2025-08-22,Humedad,Media,73.27,66.6645417236662
2025-08-23,Humedad,Media,61.66,66.6645417236662
2025-08-24,Humedad,Media,60.51,66.6645417236662
2025-08-25,Humedad,Media,72.38,66.6645417236662
2025-08-26,Humedad,Media,76.14,66.6645417236662
2025-08-27,Humedad,Media,77.34,66.6645417236662
2025-08-28,Humedad,Media,79.22,66.6645417236662
2025-08-29,Humedad,Media,80.97,66.6645417236662
2025-08-30,Humedad,Media,89.61,66.6645417236662
2025-08-31,Humedad,Media,88.04,66.6645417236662
2025-09-01,Humedad,Media,74.29,66.6645417236662
2025-09-02,Humedad,Media,76.52,66.6645417236662
2025-09-03,Humedad,Media,76.01,66.6645417236662
2025-09-04,Humedad,Media,63.67,66.6645417236662
2025-09-05,Humedad,Media,61.38,66.6645417236662
2025-09-06,Humedad,Media,63.88,66.6645417236662
2025-09-07,Humedad,Media,71.75,66.6645417236662
2025-09-08,Humedad,Media,76.61,66.6645417236662
2025-09-09,Humedad,Media,73.2,66.6645417236662
2025-09-10,Humedad,Media,77.25,66.6645417236662
2025-09-11,Humedad,Media,66.38,66.6645417236662
2025-09-12,Humedad,Media,69.49,66.6645417236662
2025-09-13,Humedad,Media,73.36,66.6645417236662
2025-09-14,Humedad,Media,76.12,66.6645417236662
2025-09-15,Humedad,Media,85.14,66.6645417236662
2025-09-16,Humedad,Media,79.77,66.6645417236662
2025-09-17,Humedad,Media,77.67,66.6645417236662
2025-09-18,Humedad,Media,87.52,66.6645417236662
2025-09-19,Humedad,Media,87.73,66.6645417236662
2025-09-20,Humedad,Media,91.14,66.6645417236662
2025-09-21,Humedad,Media,73.86,66.6645417236662
2025-09-22,Humedad,Media,68.27,66.6645417236662
2025-09-23,Humedad,Media,61.15,66.6645417236662
2025-09-24,Humedad,Media,74.68,66.6645417236662
2025-09-25,Humedad,Media,68.52,66.6645417236662
2025-09-26,Humedad,Media,69.87,66.6645417236662
2025-09-27,Humedad,Media,76.35,66.6645417236662
2025-09-28,Humedad,Media,67.06,66.6645417236662
2025-09-29,Humedad,Media,67.15,66.6645417236662
2025-09-30,Humedad,Media,68.25,66.6645417236662
2025-10-01,Humedad,Media,68.38,66.6645417236662
2025-10-02,Humedad,Media,69.46,66.6645417236662
2025-10-03,Humedad,Media,75.52,66.6645417236662
2025-10-04,Humedad,Media,75.85,66.6645417236662
2025-10-05,Humedad,Media,72.12,66.6645417236662
2025-10-06,Humedad,Media,63.62,66.6645417236662
2025-10-07,Humedad,Media,54.99,66.6645417236662
2025-10-08,Humedad,Media,62.54,66.6645417236662
2025-10-09,Humedad,Media,62.06,66.6645417236662
2025-10-10,Humedad,Media,62.56,66.6645417236662
2025-10-11,Humedad,Media,67.66,66.6645417236662
2025-10-12,Humedad,Media,62.04,66.6645417236662
2025-10-13,Humedad,Media,53.6,66.6645417236662
2025-10-14,Humedad,Media,52.63,66.6645417236662
2025-10-15,Humedad,Media,58.29,66.6645417236662
2025-10-16,Humedad,Media,63.0,66.6645417236662
2025-10-17,Humedad,Media,75.27,66.6645417236662
2025-10-18,Humedad,Media,60.19,66.6645417236662
2025-10-19,Humedad,Media,48.83,66.6645417236662
2025-10-20,Humedad,Media,51.6,66.6645417236662
2025-10-21,Humedad,Media,57.45,66.6645417236662
2025-10-22,Humedad,Media,66.23,66.6645417236662
2025-10-23,Humedad,Media,58.88,66.6645417236662
2025-10-24,Humedad,Media,77.38,66.6645417236662
2025-10-25,Humedad,Media,61.54,66.6645417236662
2025-10-26,Humedad,Media,52.26,66.6645417236662
2025-10-27,Humedad,Media,61.34,66.6645417236662
2025-10-28,Humedad,Media,66.02,66.6645417236662
2025-10-29,Humedad,Media,60.42,66.6645417236662
2025-10-30,Humedad,Media,65.17,66.6645417236662
2025-10-31,Humedad,Media,58.4,66.6645417236662
2025-11-01,Humedad,Media,59.32,66.6645417236662
2025-11-02,Humedad,Media,61.88,66.6645417236662
2025-11-03,Humedad,Media,58.63,66.6645417236662
2025-11-04,Humedad,Media,73.84,66.6645417236662
2025-11-05,Humedad,Media,64.35,66.6645417236662
2025-11-06,Humedad,Media,55.28,66.6645417236662
2025-11-07,Humedad,Media,79.08,66.6645417236662
2025-11-08,Humedad,Media,72.76,66.6645417236662
2025-11-09,Humedad,Media,65.32,66.6645417236662
2025-11-10,Humedad,Media,61.94,66.6645417236662
2025-11-11,Humedad,Media,67.5,66.6645417236662
2025-11-12,Humedad,Media,59.07,66.6645417236662
2025-11-13,Humedad,Media,50.68,66.6645417236662
2025-11-14,Humedad,Media,55.16,66.6645417236662
2025-11-15,Humedad,Media,57.07,66.6645417236662
2025-11-16,Humedad,Media,70.19,66.6645417236662
2025-11-17,Humedad,Media,57.65,66.6645417236662
2025-11-18,Humedad,Media,57.85,66.6645417236662
2025-11-19,Humedad,Media,61.04,66.6645417236662
2025-11-20,Humedad,Media,61.54,66.6645417236662
2025-11-21,Humedad,Media,70.75,66.6645417236662
2025-11-22,Humedad,Media,66.86,66.6645417236662
2025-11-23,Humedad,Media,58.21,66.6645417236662
2025-11-24,Humedad,Media,53.68,66.6645417236662
2025-11-25,Humedad,Media,52.91,66.6645417236662
2025-11-26,Humedad,Media,53.38,66.6645417236662
2025-11-27,Humedad,Media,52.34,66.6645417236662
2025-11-28,Humedad,Media,54.82,66.6645417236662
2025-11-29,Humedad,Media,80.88,66.6645417236662
2025-11-30,Humedad,Media,84.09,66.6645417236662
2025-12-01,Humedad,Media,71.49,66.6645417236662
2025-12-02,Humedad,Media,60.15,66.6645417236662
2025-12-03,Humedad,Media,51.9,66.6645417236662
2025-12-04,Humedad,Media,49.13,66.6645417236662
2025-12-05,Humedad,Media,51.18,66.6645417236662
2025-12-06,Humedad,Media,53.41,66.6645417236662
2025-12-07,Humedad,Media,46.59,66.6645417236662
2025-12-08,Humedad,Media,57.55,66.6645417236662
2025-12-09,Humedad,Media,59.55,66.6645417236662
2025-12-10,Humedad,Media,61.71,66.6645417236662
2025-12-11,Humedad,Media,52.15,66.6645417236662
2025-12-12,Humedad,Media,47.53,66.6645417236662
2025-12-13,Humedad,Media,50.94,66.6645417236662
2025-12-14,Humedad,Media,75.59,66.6645417236662
2025-12-15,Humedad,Media,61.75,66.6645417236662
2025-12-16,Humedad,Media,53.93,66.6645417236662
2025-12-17,Humedad,Media,53.31,66.6645417236662
2025-12-18,Humedad,Media,53.54,66.6645417236662
2025-12-19,Humedad,Media,51.03,66.6645417236662
2025-12-20,Humedad,Media,80.31,66.6645417236662
2025-12-21,Humedad,Media,81.92,66.6645417236662
2025-12-22,Humedad,Media,72.21,66.6645417236662
2025-12-23,Humedad,Media,63.09,66.6645417236662
2025-12-24,Humedad,Media,58.8,66.6645417236662
2025-12-25,Humedad,Media,59.75,66.6645417236662
2025-12-26,Humedad,Media,43.9,66.6645417236662
2025-12-27,Humedad,Media,54.23,66.6645417236662
2025-12-28,Humedad,Media,50.73,66.6645417236662
2025-12-29,Humedad,Media,48.66,66.6645417236662
2025-12-30,Humedad,Media,51.49,66.6645417236662
2025-12-31,Humedad,Media,47.43,66.6645417236662
2025-01-01,Humedad,Último valor,49.41,46.45
2025-01-02,Humedad,Último valor,36.97,46.45
2025-01-03,Humedad,Último valor,36.67,46.45
2025-01-04,Humedad,Último valor,37.18,46.45
2025-01-05,Humedad,Último valor,38.95,46.45
2025-01-06,Humedad,Último valor,41.42,46.45
2025-01-07,Humedad,Último valor,37.13,46.45
2025-01-08,Humedad,Último valor,35.86,46.45
2025-01-09,Humedad,Último valor,31.18,46.45
2025-01-10,Humedad,Último valor,30.8,46.45
2025-01-11,Humedad,Último valor,36.28,46.45
2025-01-12,Humedad,Último valor,37.36,46.45
2025-01-13,Humedad,Último valor,31.5,46.45
2025-01-14,Humedad,Último valor,30.9,46.45
2025-01-15,Humedad,Último valor,30.09,46.45
2025-01-16,Humedad,Último valor,31.77,46.45
2025-01-17,Humedad,Último valor,42.27,46.45
2025-01-18,Humedad,Último valor,56.44,46.45
2025-01-19,Humedad,Último valor,72.8,46.45
2025-01-20,Humedad,Último valor,60.5,46.45
2025-01-21,Humedad,Último valor,50.57,46.45
2025-01-22,Humedad,Último valor,46.67,46.45
2025-01-23,Humedad,Último valor,52.26,46.45
2025-01-24,Humedad,Último valor,63.97,46.45
2025-01-25,Humedad,Último valor,59.61,46.45
2025-01-26,Humedad,Último valor,60.44,46.45
2025-01-27,Humedad,Último valor,62.88,46.45
2025-01-28,Humedad,Último valor,74.71,46.45
2025-01-29,Humedad,Último valor,50.69,46.45
2025-01-30,Humedad,Último valor,58.45,46.45
2025-01-31,Humedad,Último valor,53.34,46.45
2025-02-01,Humedad,Último valor,48.09,46.45
2025-02-02,Humedad,Último valor,44.75,46.45
2025-02-03,Humedad,Último valor,42.95,46.45
2025-02-04,Humedad,Último valor,56.41,46.45
2025-02-05,Humedad,Último valor,80.5,46.45
2025-02-06,Humedad,Último valor,72.05,46.45
2025-02-07,Humedad,Último valor,60.17,46.45
2025-02-08,Humedad,Último valor,54.2,46.45
2025-02-09,Humedad,Último valor,68.58,46.45
2025-02-10,Humedad,Último valor,53.46,46.45
2025-02-11,Humedad,Último valor,60.35,46.45
2025-02-12,Humedad,Último valor,82.58,46.45
2025-02-13,Humedad,Último valor,64.68,46.45
2025-02-14,Humedad,Último valor,66.73,46.45
2025-02-15,Humedad,Último valor,79.32,46.45
2025-02-16,Humedad,Último valor,83.46,46.45
2025-02-17,Humedad,Último valor,66.21,46.45
2025-02-18,Humedad,Último valor,55.39,46.45
2025-02-19,Humedad,Último valor,59.63,46.45
2025-02-20,Humedad,Último valor,57.45,46.45
2025-02-21,Humedad,Último valor,67.15,46.45
2025-02-22,Humedad,Último valor,64.63,46.45
2025-02-23,Humedad,Último valor,61.81,46.45
2025-02-24,Humedad,Último valor,60.77,46.45
2025-02-25,Humedad,Último valor,82.51,46.45
2025-02-26,Humedad,Último valor,87.34,46.45
2025-02-27,Humedad,Último valor,85.42,46.45
2025-02-28,Humedad,Último valor,86.08,46.45
2025-03-01,Humedad,Último valor,87.51,46.45
2025-03-02,Humedad,Último valor,92.8,46.45
2025-03-03,Humedad,Último valor,90.93,46.45
2025-03-04,Humedad,Último valor,82.1,46.45
2025-03-05,Humedad,Último valor,77.11,46.45
2025-03-06,Humedad,Último valor,78.2,46.45
2025-03-07,Humedad,Último valor,73.32,46.45
2025-03-08,Humedad,Último valor,82.54,46.45
2025-03-09,Humedad,Último valor,74.66,46.45
2025-03-10,Humedad,Último valor,72.69,46.45
2025-03-11,Humedad,Último valor,73.83,46.45
2025-03-12,Humedad,Último valor,83.65,46.45
2025-03-13,Humedad,Último valor,75.7,46.45
2025-03-14,Humedad,Último valor,69.88,46.45
2025-03-15,Humedad,Último valor,72.21,46.45
2025-03-16,Humedad,Último valor,77.72,46.45
2025-03-17,Humedad,Último valor,77.62,46.45
2025-03-18,Humedad,Último valor,72.87,46.45
2025-03-19,Humedad,Último valor,68.75,46.45
2025-03-20,Humedad,Último valor,61.79,46.45
2025-03-21,Humedad,Último valor,63.51,46.45
2025-03-22,Humedad,Último valor,70.49,46.45
2025-03-23,Humedad,Último valor,81.99,46.45
2025-03-24,Humedad,Último valor,84.44,46.45
2025-03-25,Humedad,Último valor,83.66,46.45
2025-03-26,Humedad,Último valor,79.46,46.45
2025-03-27,Humedad,Último valor,82.67,46.45
2025-03-28,Humedad,Último valor,85.13,46.45
2025-03-29,Humedad,Último valor,74.76,46.45
2025-03-30,Humedad,Último valor,76.95,46.45
2025-03-31,Humedad,Último valor,71.12,46.45
2025-04-01,Humedad,Último valor,74.04,46.45
2025-04-02,Humedad,Último valor,64.27,46.45
2025-04-03,Humedad,Último valor,58.45,46.45
2025-04-04,Humedad,Último valor,65.27,46.45
2025-04-05,Humedad,Último valor,69.95,46.45
2025-04-06,Humedad,Último valor,78.39,46.45
2025-04-07,Humedad,Último valor,93.14,46.45
2025-04-08,Humedad,Último valor,86.07,46.45
2025-04-09,Humedad,Último valor,87.08,46.45
2025-04-10,Humedad,Último valor,86.49,46.45
2025-04-11,Humedad,Último valor,81.76,46.45
2025-04-12,Humedad,Último valor,80.28,46.45
2025-04-13,Humedad,Último valor,67.01,46.45
2025-04-14,Humedad,Último valor,72.73,46.45
2025-04-15,Humedad,Último valor,78.94,46.45
2025-04-16,Humedad,Último valor,80.83,46.45
2025-04-17,Humedad,Último valor,79.95,46.45
2025-04-18,Humedad,Último valor,81.82,46.45
2025-04-19,Humedad,Último valor,69.84,46.45
2025-04-20,Humedad,Último valor,83.45,46.45
2025-04-21,Humedad,Último valor,75.52,46.45
2025-04-22,Humedad,Último valor,74.49,46.45
2025-04-23,Humedad,Último valor,76.25,46.45
2025-04-24,Humedad,Último valor,83.32,46.45
2025-04-25,Humedad,Último valor,81.56,46.45
2025-04-26,Humedad,Último valor,63.52,46.45
2025-04-27,Humedad,Último valor,63.2,46.45
2025-04-28,Humedad,Último valor,64.96,46.45
2025-04-29,Humedad,Último valor,68.31,46.45
2025-04-30,Humedad,Último valor,69.47,46.45
2025-05-01,Humedad,Último valor,68.7,46.45
2025-05-02,Humedad,Último valor,70.01,46.45
2025-05-03,Humedad,Último valor,76.72,46.45
2025-05-04,Humedad,Último valor,77.67,46.45
2025-05-05,Humedad,Último valor,87.99,46.45
2025-05-06,Humedad,Último valor,85.75,46.45
2025-05-07,Humedad,Último valor,81.09,46.45
2025-05-08,Humedad,Último valor,82.05,46.45
2025-05-09,Humedad,Último valor,73.54,46.45
2025-05-10,Humedad,Último valor,69.1,46.45
2025-05-11,Humedad,Último valor,75.05,46.45
2025-05-12,Humedad,Último valor,73.52,46.45
2025-05-13,Humedad,Último valor,77.14,46.45
2025-05-14,Humedad,Último valor,79.1,46.45
2025-05-15,Humedad,Último valor,82.79,46.45
2025-05-16,Humedad,Último valor,87.49,46.45
2025-05-17,Humedad,Último valor,81.53,46.45
2025-05-18,Humedad,Último valor,67.31,46.45
2025-05-19,Humedad,Último valor,78.67,46.45
2025-05-20,Humedad,Último valor,67.87,46.45
2025-05-21,Humedad,Último valor,73.37,46.45
2025-05-22,Humedad,Último valor,80.02,46.45
2025-05-23,Humedad,Último valor,77.51,46.45
2025-05-24,Humedad,Último valor,84.34,46.45
2025-05-25,Humedad,Último valor,90.37,46.45
2025-05-26,Humedad,Último valor,92.42,46.45
2025-05-27,Humedad,Último valor,78.82,46.45
2025-05-28,Humedad,Último valor,71.67,46.45
2025-05-29,Humedad,Último valor,67.18,46.45
2025-05-30,Humedad,Último valor,73.19,46.45
2025-05-31,Humedad,Último valor,72.16,46.45
2025-06-01,Humedad,Último valor,69.32,46.45
2025-06-02,Humedad,Último valor,85.99,46.45
2025-06-03,Humedad,Último valor,90.71,46.45
2025-06-04,Humedad,Último valor,88.55,46.45
2025-06-05,Humedad,Último valor,72.01,46.45
2025-06-06,Humedad,Último valor,78.24,46.45
2025-06-07,Humedad,Último valor,85.56,46.45
2025-06-08,Humedad,Último valor,85.55,46.45
2025-06-09,Humedad,Último valor,87.44,46.45
2025-06-10,Humedad,Último valor,83.47,46.45
2025-06-11,Humedad,Último valor,79.79,46.45
2025-06-12,Humedad,Último valor,79.02,46.45
2025-06-13,Humedad,Último valor,89.21,46.45
2025-06-14,Humedad,Último valor,87.33,46.45
2025-06-15,Humedad,Último valor,78.43,46.45
2025-06-16,Humedad,Último valor,89.65,46.45
2025-06-17,Humedad,Último valor,89.42,46.45
2025-06-18,Humedad,Último valor,82.73,46.45
2025-06-19,Humedad,Último valor,76.7,46.45
2025-06-20,Humedad,Último valor,76.75,46.45
2025-06-21,Humedad,Último valor,87.16,46.45
2025-06-22,Humedad,Último valor,77.61,46.45
2025-06-23,Humedad,Último valor,64.78,46.45
2025-06-24,Humedad,Último valor,65.54,46.45
2025-06-25,Humedad,Último valor,75.99,46.45
2025-06-26,Humedad,Último valor,58.26,46.45
2025-06-27,Humedad,Último valor,61.09,46.45
2025-06-28,Humedad,Último valor,78.05,46.45
2025-06-29,Humedad,Último valor,73.06,46.45
2025-06-30,Humedad,Último valor,74.83,46.45
2025-07-01,Humedad,Último valor,57.9,46.45
2025-07-02,Humedad,Último valor,70.53,46.45
2025-07-03,Humedad,Último valor,79.52,46.45
2025-07-04,Humedad,Último valor,88.18,46.45
2025-07-05,Humedad,Último valor,84.84,46.45
2025-07-06,Humedad,Último valor,88.02,46.45
2025-07-07,Humedad,Último valor,85.83,46.45
2025-07-08,Humedad,Último valor,86.37,46.45
2025-07-09,Humedad,Último valor,83.66,46.45
2025-07-10,Humedad,Último valor,88.32,46.45
2025-07-11,Humedad,Último valor,87.28,46.45
2025-07-12,Humedad,Último valor,81.29,46.45
2025-07-13,Humedad,Último valor,82.67,46.45
2025-07-14,Humedad,Último valor,88.76,46.45
2025-07-15,Humedad,Último valor,87.14,46.45
2025-07-16,Humedad,Último valor,78.54,46.45
2025-07-17,Humedad,Último valor,65.35,46.45
2025-07-18,Humedad,Último valor,64.96,46.45
2025-07-19,Humedad,Último valor,77.19,46.45
2025-07-20,Humedad,Último valor,81.51,46.45
2025-07-21,Humedad,Último valor,81.09,46.45
2025-07-22,Humedad,Último valor,81.21,46.45
2025-07-23,Humedad,Último valor,77.26,46.45
2025-07-24,Humedad,Último valor,82.43,46.45
2025-07-25,Humedad,Último valor,88.89,46.45
2025-07-26,Humedad,Último valor,84.99,46.45
2025-07-27,Humedad,Último valor,91.52,46.45
2025-07-28,Humedad,Último valor,81.56,46.45
2025-07-29,Humedad,Último valor,83.28,46.45
2025-07-30,Humedad,Último valor,77.73,46.45
2025-07-31,Humedad,Último valor,80.67,46.45
2025-08-01,Humedad,Último valor,90.93,46.45
2025-08-02,Humedad,Último valor,81.74,46.45
2025-08-03,Humedad,Último valor,67.45,46.45
2025-08-04,Humedad,Último valor,63.89,46.45
2025-08-05,Humedad,Último valor,72.43,46.45
2025-08-06,Humedad,Último valor,71.09,46.45
2025-08-07,Humedad,Último valor,76.75,46.45
2025-08-08,Humedad,Último valor,76.87,46.45
2025-08-09,Humedad,Último valor,70.83,46.45
2025-08-10,Humedad,Último valor,71.7,46.45
2025-08-11,Humedad,Último valor,74.01,46.45
2025-08-12,Humedad,Último valor,72.95,46.45
2025-08-13,Humedad,Último valor,77.98,46.45
2025-08-14,Humedad,Último valor,79.89,46.45
2025-08-15,Humedad,Último valor,76.84,46.45
2025-08-16,Humedad,Último valor,82.51,46.45
2025-08-17,Humedad,Último valor,83.34,46.45
2025-08-18,Humedad,Último valor,87.71,46.45
2025-08-19,Humedad,Último valor,95.63,46.45
2025-08-20,Humedad,Último valor,74.09,46.45
2025-08-21,Humedad,Último valor,74.35,46.45
2025-08-22,Humedad,Último valor,73.27,46.45
2025-08-23,Humedad,Último valor,61.66,46.45
2025-08-24,Humedad,Último valor,60.51,46.45
2025-08-25,Humedad,Último valor,72.38,46.45
2025-08-26,Humedad,Último valor,76.14,46.45
2025-08-27,Humedad,Último valor,77.34,46.45
2025-08-28,Humedad,Último valor,79.22,46.45
2025-08-29,Humedad,Último valor,80.97,46.45
2025-08-30,Humedad,Último valor,89.61,46.45
2025-08-31,Humedad,Último valor,88.04,46.45
2025-09-01,Humedad,Último valor,74.29,46.45
2025-09-02,Humedad,Último valor,76.52,46.45
2025-09-03,Humedad,Último valor,76.01,46.45
2025-09-04,Humedad,Último valor,63.67,46.45
2025-09-05,Humedad,Último valor,61.38,46.45
2025-09-06,Humedad,Último valor,63.88,46.45
2025-09-07,Humedad,Último valor,71.75,46.45
2025-09-08,Humedad,Último valor,76.61,46.45
2025-09-09,Humedad,Último valor,73.2,46.45
2025-09-10,Humedad,Último valor,77.25,46.45
2025-09-11,Humedad,Último valor,66.38,46.45
2025-09-12,Humedad,Último valor,69.49,46.45
2025-09-13,Humedad,Último valor,73.36,46.45
2025-09-14,Humedad,Último valor,76.12,46.45
2025-09-15,Humedad,Último valor,85.14,46.45
2025-09-16,Humedad,Último valor,79.77,46.45
2025-09-17,Humedad,Último valor,77.67,46.45
2025-09-18,Humedad,Último valor,87.52,46.45
2025-09-19,Humedad,Último valor,87.73,46.45
2025-09-20,Humedad,Último valor,91.14,46.45
2025-09-21,Humedad,Último valor,73.86,46.45
2025-09-22,Humedad,Último valor,68.27,46.45
2025-09-23,Humedad,Último valor,61.15,46.45
2025-09-24,Humedad,Último valor,74.68,46.45
2025-09-25,Humedad,Último valor,68.52,46.45
2025-09-26,Humedad,Último valor,69.87,46.45
2025-09-27,Humedad,Último valor,76.35,46.45
2025-09-28,Humedad,Último valor,67.06,46.45
2025-09-29,Humedad,Último valor,67.15,46.45
2025-09-30,Humedad,Último valor,68.25,46.45
2025-10-01,Humedad,Último valor,68.38,46.45
2025-10-02,Humedad,Último valor,69.46,46.45
2025-10-03,Humedad,Último valor,75.52,46.45
2025-10-04,Humedad,Último valor,75.85,46.45
2025-10-05,Humedad,Último valor,72.12,46.45
2025-10-06,Humedad,Último valor,63.62,46.45
2025-10-07,Humedad,Último valor,54.99,46.45
2025-10-08,Humedad,Último valor,62.54,46.45
2025-10-09,Humedad,Último valor,62.06,46.45
2025-10-10,Humedad,Último valor,62.56,46.45
2025-10-11,Humedad,Último valor,67.66,46.45
2025-10-12,Humedad,Último valor,62.04,46.45
2025-10-13,Humedad,Último valor,53.6,46.45
2025-10-14,Humedad,Último valor,52.63,46.45
2025-10-15,Humedad,Último valor,58.29,46.45
2025-10-16,Humedad,Último valor,63.0,46.45
2025-10-17,Humedad,Último valor,75.27,46.45
2025-10-18,Humedad,Último valor,60.19,46.45
2025-10-19,Humedad,Último valor,48.83,46.45
2025-10-20,Humedad,Último valor,51.6,46.45
2025-10-21,Humedad,Último valor,57.45,46.45
2025-10-22,Humedad,Último valor,66.23,46.45
2025-10-23,Humedad,Último valor,58.88,46.45
2025-10-24,Humedad,Último valor,77.38,46.45
2025-10-25,Humedad,Último valor,61.54,46.45
2025-10-26,Humedad,Último valor,52.26,46.45
2025-10-27,Humedad,Último valor,61.34,46.45
2025-10-28,Humedad,Último valor,66.02,46.45
2025-10-29,Humedad,Último valor,60.42,46.45
2025-10-30,Humedad,Último valor,65.17,46.45
2025-10-31,Humedad,Último valor,58.4,46.45
2025-11-01,Humedad,Último valor,59.32,46.45
2025-11-02,Humedad,Último valor,61.88,46.45
2025-11-03,Humedad,Último valor,58.63,46.45
2025-11-04,Humedad,Último valor,73.84,46.45
2025-11-05,Humedad,Último valor,64.35,46.45
2025-11-06,Humedad,Último valor,55.28,46.45
2025-11-07,Humedad,Último valor,79.08,46.45
2025-11-08,Humedad,Último valor,72.76,46.45
2025-11-09,Humedad,Último valor,65.32,46.45
2025-11-10,Humedad,Último valor,61.94,46.45
2025-11-11,Humedad,Último valor,67.5,46.45
2025-11-12,Humedad,Último valor,59.07,46.45
2025-11-13,Humedad,Último valor,50.68,46.45
2025-11-14,Humedad,Último valor,55.16,46.45
2025-11-15,Humedad,Último valor,57.07,46.45
2025-11-16,Humedad,Último valor,70.19,46.45
2025-11-17,Humedad,Último valor,57.65,46.45
2025-11-18,Humedad,Último valor,57.85,46.45
2025-11-19,Humedad,Último valor,61.04,46.45
2025-11-20,Humedad,Último valor,61.54,46.45
2025-11-21,Humedad,Último valor,70.75,46.45
2025-11-22,Humedad,Último valor,66.86,46.45
2025-11-23,Humedad,Último valor,58.21,46.45
2025-11-24,Humedad,Último valor,53.68,46.45
2025-11-25,Humedad,Último valor,52.91,46.45
2025-11-26,Humedad,Último valor,53.38,46.45
2025-11-27,Humedad,Último valor,52.34,46.45
2025-11-28,Humedad,Último valor,54.82,46.45
2025-11-29,Humedad,Último valor,80.88,46.45
2025-11-30,Humedad,Último valor,84.09,46.45
2025-12-01,Humedad,Último valor,71.49,46.45
2025-12-02,Humedad,Último valor,60.15,46.45
2025-12-03,Humedad,Último valor,51.9,46.45
2025-12-04,Humedad,Último valor,49.13,46.45
2025-12-05,Humedad,Último valor,51.18,46.45
2025-12-06,Humedad,Último valor,53.41,46.45
2025-12-07,Humedad,Último valor,46.59,46.45
2025-12-08,Humedad,Último valor,57.55,46.45
2025-12-09,Humedad,Último valor,59.55,46.45
2025-12-10,Humedad,Último valor,61.71,46.45
2025-12-11,Humedad,Último valor,52.15,46.45
2025-12-12,Humedad,Último valor,47.53,46.45
2025-12-13,Humedad,Último valor,50.94,46.45
2025-12-14,Humedad,Último valor,75.59,46.45
2025-12-15,Humedad,Último valor,61.75,46.45
2025-12-16,Humedad,Último valor,53.93,46.45
2025-12-17,Humedad,Último valor,53.31,46.45
2025-12-18,Humedad,Último valor,53.54,46.45
2025-12-19,Humedad,Último valor,51.03,46.45
2025-12-20,Humedad,Último valor,80.31,46.45
2025-12-21,Humedad,Último valor,81.92,46.45
2025-12-22,Humedad,Último valor,72.21,46.45
2025-12-23,Humedad,Último valor,63.09,46.45
2025-12-24,Humedad,Último valor,58.8,46.45
2025-12-25,Humedad,Último valor,59.75,46.45
2025-12-26,Humedad,Último valor,43.9,46.45
2025-12-27,Humedad,Último valor,54.23,46.45
2025-12-28,Humedad,Último valor,50.73,46.45
2025-12-29,Humedad,Último valor,48.66,46.45
2025-12-30,Humedad,Último valor,51.49,46.45
2025-12-31,Humedad,Último valor,47.43,46.45
2025-01-01,Humedad,Ingenuo estacional,49.41,56.07
2025-01-02,Humedad,Ingenuo estacional,36.97,58.87
2025-01-03,Humedad,Ingenuo estacional,36.67,58.84
2025-01-04,Humedad,Ingenuo estacional,37.18,60.25
2025-01-05,Humedad,Ingenuo estacional,38.95,70.47
2025-01-06,Humedad,Ingenuo estacional,41.42,70.93
2025-01-07,Humedad,Ingenuo estacional,37.13,60.31
2025-01-08,Humedad,Ingenuo estacional,35.86,55.12
2025-01-09,Humedad,Ingenuo estacional,31.18,59.71
2025-01-10,Humedad,Ingenuo estacional,30.8,60.06
2025-01-11,Humedad,Ingenuo estacional,36.28,56.97
2025-01-12,Humedad,Ingenuo estacional,37.36,58.15
2025-01-13,Humedad,Ingenuo estacional,31.5,68.71
2025-01-14,Humedad,Ingenuo estacional,30.9,47.93
2025-01-15,Humedad,Ingenuo estacional,30.09,79.62
2025-01-16,Humedad,Ingenuo estacional,31.77,69.45
2025-01-17,Humedad,Ingenuo estacional,42.27,74.05
2025-01-18,Humedad,Ingenuo estacional,56.44,63.36
2025-01-19,Humedad,Ingenuo estacional,72.8,52.78
2025-01-20,Humedad,Ingenuo estacional,60.5,56.39
2025-01-21,Humedad,Ingenuo estacional,50.57,58.8
2025-01-22,Humedad,Ingenuo estacional,46.67,54.26
2025-01-23,Humedad,Ingenuo estacional,52.26,56.03
2025-01-24,Humedad,Ingenuo estacional,63.97,54.33
2025-01-25,Humedad,Ingenuo estacional,59.61,50.71
2025-01-26,Humedad,Ingenuo estacional,60.44,52.07
2025-01-27,Humedad,Ingenuo estacional,62.88,49.31
2025-01-28,Humedad,Ingenuo estacional,74.71,50.92
2025-01-29,Humedad,Ingenuo estacional,50.69,45.49
2025-01-30,Humedad,Ingenuo estacional,58.45,43.93
2025-01-31,Humedad,Ingenuo estacional,53.34,41.02
2025-02-01,Humedad,Ingenuo estacional,48.09,36.76
2025-02-02,Humedad,Ingenuo estacional,44.75,36.89
2025-02-03,Humedad,Ingenuo estacional,42.95,42.89
2025-02-04,Humedad,Ingenuo estacional,56.41,43.92
2025-02-05,Humedad,Ingenuo estacional,80.5,44.57
2025-02-06,Humedad,Ingenuo estacional,72.05,40.93
2025-02-07,Humedad,Ingenuo estacional,60.17,38.59
2025-02-08,Humedad,Ingenuo estacional,54.2,70.65
2025-02-09,Humedad,Ingenuo estacional,68.58,78.56
2025-02-10,Humedad,Ingenuo estacional,53.46,66.09
2025-02-11,Humedad,Ingenuo estacional,60.35,79.4
2025-02-12,Humedad,Ingenuo estacional,82.58,65.82
2025-02-13,Humedad,Ingenuo estacional,64.68,67.9
2025-02-14,Humedad,Ingenuo estacional,66.73,62.85
2025-02-15,Humedad,Ingenuo estacional,79.32,64.48
2025-02-16,Humedad,Ingenuo estacional,83.46,67.04
2025-02-17,Humedad,Ingenuo estacional,66.21,64.66
2025-02-18,Humedad,Ingenuo estacional,55.39,66.37
2025-02-19,Humedad,Ingenuo estacional,59.63,66.34
2025-02-20,Humedad,Ingenuo estacional,57.45,57.34
2025-02-21,Humedad,Ingenuo estacional,67.15,55.41
2025-02-22,Humedad,Ingenuo estacional,64.63,79.92
2025-02-23,Humedad,Ingenuo estacional,61.81,63.15
2025-02-24,Humedad,Ingenuo estacional,60.77,85.06
2025-02-25,Humedad,Ingenuo estacional,82.51,88.91
2025-02-26,Humedad,Ingenuo estacional,87.34,80.38
2025-02-27,Humedad,Ingenuo estacional,85.42,70.08
2025-02-28,Humedad,Ingenuo estacional,86.08,68.42
2025-03-01,Humedad,Ingenuo estacional,87.51,72.06
2025-03-02,Humedad,Ingenuo estacional,92.8,83.99
2025-03-03,Humedad,Ingenuo estacional,90.93,61.39
2025-03-04,Humedad,Ingenuo estacional,82.1,60.13
2025-03-05,Humedad,Ingenuo estacional,77.11,62.66
2025-03-06,Humedad,Ingenuo estacional,78.2,65.97
2025-03-07,Humedad,Ingenuo estacional,73.32,62.67
2025-03-08,Humedad,Ingenuo estacional,82.54,70.36
2025-03-09,Humedad,Ingenuo estacional,74.66,79.65
2025-03-10,Humedad,Ingenuo estacional,72.69,76.51
2025-03-11,Humedad,Ingenuo estacional,73.83,80.1
2025-03-12,Humedad,Ingenuo estacional,83.65,72.76
2025-03-13,Humedad,Ingenuo estacional,75.7,84.5
2025-03-14,Humedad,Ingenuo estacional,69.88,92.48
2025-03-15,Humedad,Ingenuo estacional,72.21,92.33
2025-03-16,Humedad,Ingenuo estacional,77.72,88.67
2025-03-17,Humedad,Ingenuo estacional,77.62,83.7
2025-03-18,Humedad,Ingenuo estacional,72.87,90.15
2025-03-19,Humedad,Ingenuo estacional,68.75,91.38
2025-03-20,Humedad,Ingenuo estacional,61.79,83.08
2025-03-21,Humedad,Ingenuo estacional,63.51,66.3
2025-03-22,Humedad,Ingenuo estacional,70.49,74.07
2025-03-23,Humedad,Ingenuo estacional,81.99,80.31
2025-03-24,Humedad,Ingenuo estacional,84.44,79.02
2025-03-25,Humedad,Ingenuo estacional,83.66,79.37
2025-03-26,Humedad,Ingenuo estacional,79.46,76.48
2025-03-27,Humedad,Ingenuo estacional,82.67,78.13
2025-03-28,Humedad,Ingenuo estacional,85.13,75.73
2025-03-29,Humedad,Ingenuo estacional,74.76,73.87
2025-03-30,Humedad,Ingenuo estacional,76.95,69.41
2025-03-31,Humedad,Ingenuo estacional,71.12,70.86
2025-04-01,Humedad,Ingenuo estacional,74.04,78.87
2025-04-02,Humedad,Ingenuo estacional,64.27,78.75
2025-04-03,Humedad,Ingenuo estacional,58.45,93.7
2025-04-04,Humedad,Ingenuo estacional,65.27,73.75
2025-04-05,Humedad,Ingenuo estacional,69.95,74.42
2025-04-06,Humedad,Ingenuo estacional,78.39,82.56
2025-04-07,Humedad,Ingenuo estacional,93.14,80.35
2025-04-08,Humedad,Ingenuo estacional,86.07,83.87
2025-04-09,Humedad,Ingenuo estacional,87.08,81.32
2025-04-10,Humedad,Ingenuo estacional,86.49,73.35
2025-04-11,Humedad,Ingenuo estacional,81.76,73.38
2025-04-12,Humedad,Ingenuo estacional,80.28,80.8
2025-04-13,Humedad,Ingenuo estacional,67.01,91.81
2025-04-14,Humedad,Ingenuo estacional,72.73,91.63
2025-04-15,Humedad,Ingenuo estacional,78.94,93.06
2025-04-16,Humedad,Ingenuo estacional,80.83,80.62
2025-04-17,Humedad,Ingenuo estacional,79.95,78.69
2025-04-18,Humedad,Ingenuo estacional,81.82,80.83
2025-04-19,Humedad,Ingenuo estacional,69.84,81.74
2025-04-20,Humedad,Ingenuo estacional,83.45,84.37
2025-04-21,Humedad,Ingenuo estacional,75.52,90.84
2025-04-22,Humedad,Ingenuo estacional,74.49,89.84
2025-04-23,Humedad,Ingenuo estacional,76.25,76.01
2025-04-24,Humedad,Ingenuo estacional,83.32,70.28
2025-04-25,Humedad,Ingenuo estacional,81.56,81.6
2025-04-26,Humedad,Ingenuo estacional,63.52,83.1
2025-04-27,Humedad,Ingenuo estacional,63.2,71.3
2025-04-28,Humedad,Ingenuo estacional,64.96,69.78
2025-04-29,Humedad,Ingenuo estacional,68.31,82.75
2025-04-30,Humedad,Ingenuo estacional,69.47,88.14
2025-05-01,Humedad,Ingenuo estacional,68.7,73.59
2025-05-02,Humedad,Ingenuo estacional,70.01,69.37
2025-05-03,Humedad,Ingenuo estacional,76.72,73.24
2025-05-04,Humedad,Ingenuo estacional,77.67,87.3
2025-05-05,Humedad,Ingenuo estacional,87.99,88.64
2025-05-06,Humedad,Ingenuo estacional,85.75,87.72
2025-05-07,Humedad,Ingenuo estacional,81.09,87.72
2025-05-08,Humedad,Ingenuo estacional,82.05,68.52
2025-05-09,Humedad,Ingenuo estacional,73.54,69.94
2025-05-10,Humedad,Ingenuo estacional,69.1,79.01
2025-05-11,Humedad,Ingenuo estacional,75.05,81.37
2025-05-12,Humedad,Ingenuo estacional,73.52,80.49
2025-05-13,Humedad,Ingenuo estacional,77.14,76.89
2025-05-14,Humedad,Ingenuo estacional,79.1,71.61
2025-05-15,Humedad,Ingenuo estacional,82.79,72.33
2025-05-16,Humedad,Ingenuo estacional,87.49,76.83
2025-05-17,Humedad,Ingenuo estacional,81.53,77.73
2025-05-18,Humedad,Ingenuo estacional,67.31,81.07
2025-05-19,Humedad,Ingenuo estacional,78.67,81.34
2025-05-20,Humedad,Ingenuo estacional,67.87,80.36
2025-05-21,Humedad,Ingenuo estacional,73.37,87.22
2025-05-22,Humedad,Ingenuo estacional,80.02,89.42
2025-05-23,Humedad,Ingenuo estacional,77.51,83.28
2025-05-24,Humedad,Ingenuo estacional,84.34,75.13
2025-05-25,Humedad,Ingenuo estacional,90.37,75.62
2025-05-26,Humedad,Ingenuo estacional,92.42,76.42
2025-05-27,Humedad,Ingenuo estacional,78.82,79.89
2025-05-28,Humedad,Ingenuo estacional,71.67,84.19
2025-05-29,Humedad,Ingenuo estacional,67.18,82.78
2025-05-30,Humedad,Ingenuo estacional,73.19,85.14
2025-05-31,Humedad,Ingenuo estacional,72.16,84.56
2025-06-01,Humedad,Ingenuo estacional,69.32,84.42
2025-06-02,Humedad,Ingenuo estacional,85.99,74.8
2025-06-03,Humedad,Ingenuo estacional,90.71,80.0
2025-06-04,Humedad,Ingenuo estacional,88.55,80.28
2025-06-05,Humedad,Ingenuo estacional,72.01,85.07
2025-06-06,Humedad,Ingenuo estacional,78.24,95.22
2025-06-07,Humedad,Ingenuo estacional,85.56,90.31
2025-06-08,Humedad,Ingenuo estacional,85.55,89.95
2025-06-09,Humedad,Ingenuo estacional,87.44,81.73
2025-06-10,Humedad,Ingenuo estacional,83.47,77.85
2025-06-11,Humedad,Ingenuo estacional,79.79,91.98
2025-06-12,Humedad,Ingenuo estacional,79.02,89.22
2025-06-13,Humedad,Ingenuo estacional,89.21,78.01
2025-06-14,Humedad,Ingenuo estacional,87.33,67.42
2025-06-15,Humedad,Ingenuo estacional,78.43,71.44
2025-06-16,Humedad,Ingenuo estacional,89.65,80.94
2025-06-17,Humedad,Ingenuo estacional,89.42,87.69
2025-06-18,Humedad,Ingenuo estacional,82.73,86.75
2025-06-19,Humedad,Ingenuo estacional,76.7,81.13
2025-06-20,Humedad,Ingenuo estacional,76.75,84.95
2025-06-21,Humedad,Ingenuo estacional,87.16,86.32
2025-06-22,Humedad,Ingenuo estacional,77.61,90.7
2025-06-23,Humedad,Ingenuo estacional,64.78,71.02
2025-06-24,Humedad,Ingenuo estacional,65.54,80.68
2025-06-25,Humedad,Ingenuo estacional,75.99,82.8
2025-06-26,Humedad,Ingenuo estacional,58.26,75.62
2025-06-27,Humedad,Ingenuo estacional,61.09,72.53
2025-06-28,Humedad,Ingenuo estacional,78.05,72.44
2025-06-29,Humedad,Ingenuo estacional,73.06,68.94
2025-06-30,Humedad,Ingenuo estacional,74.83,68.07
2025-07-01,Humedad,Ingenuo estacional,57.9,73.74
2025-07-02,Humedad,Ingenuo estacional,70.53,75.22
2025-07-03,Humedad,Ingenuo estacional,79.52,69.83
2025-07-04,Humedad,Ingenuo estacional,88.18,68.2
2025-07-05,Humedad,Ingenuo estacional,84.84,60.24
2025-07-06,Humedad,Ingenuo estacional,88.02,66.69
2025-07-07,Humedad,Ingenuo estacional,85.83,73.36
2025-07-08,Humedad,Ingenuo estacional,86.37,77.99
2025-07-09,Humedad,Ingenuo estacional,83.66,75.68
2025-07-10,Humedad,Ingenuo estacional,88.32,70.75
2025-07-11,Humedad,Ingenuo estacional,87.28,66.61
2025-07-12,Humedad,Ingenuo estacional,81.29,58.41
2025-07-13,Humedad,Ingenuo estacional,82.67,69.42
2025-07-14,Humedad,Ingenuo estacional,88.76,76.73
2025-07-15,Humedad,Ingenuo estacional,87.14,84.44
2025-07-16,Humedad,Ingenuo estacional,78.54,84.86
2025-07-17,Humedad,Ingenuo estacional,65.35,80.65
2025-07-18,Humedad,Ingenuo estacional,64.96,83.22
2025-07-19,Humedad,Ingenuo estacional,77.19,86.92
2025-07-20,Humedad,Ingenuo estacional,81.51,86.07
2025-07-21,Humedad,Ingenuo estacional,81.09,85.82
2025-07-22,Humedad,Ingenuo estacional,81.21,82.03
2025-07-23,Humedad,Ingenuo estacional,77.26,91.69
2025-07-24,Humedad,Ingenuo estacional,82.43,81.94
2025-07-25,Humedad,Ingenuo estacional,88.89,65.87
2025-07-26,Humedad,Ingenuo estacional,84.99,73.75
2025-07-27,Humedad,Ingenuo estacional,91.52,69.43
2025-07-28,Humedad,Ingenuo estacional,81.56,64.82
2025-07-29,Humedad,Ingenuo estacional,83.28,70.07
2025-07-30,Humedad,Ingenuo estacional,77.73,75.19
2025-07-31,Humedad,Ingenuo estacional,80.67,88.53
2025-08-01,Humedad,Ingenuo estacional,90.93,82.06
2025-08-02,Humedad,Ingenuo estacional,81.74,70.8
2025-08-03,Humedad,Ingenuo estacional,67.45,74.44
2025-08-04,Humedad,Ingenuo estacional,63.89,66.29
2025-08-05,Humedad,Ingenuo estacional,72.43,87.44
2025-08-06,Humedad,Ingenuo estacional,71.09,81.4
2025-08-07,Humedad,Ingenuo estacional,76.75,68.91
2025-08-08,Humedad,Ingenuo estacional,76.87,76.66
2025-08-09,Humedad,Ingenuo estacional,70.83,65.11
2025-08-10,Humedad,Ingenuo estacional,71.7,58.49
2025-08-11,Humedad,Ingenuo estacional,74.01,63.67
2025-08-12,Humedad,Ingenuo estacional,72.95,67.6
2025-08-13,Humedad,Ingenuo estacional,77.98,59.81
2025-08-14,Humedad,Ingenuo estacional,79.89,67.27
2025-08-15,Humedad,Ingenuo estacional,76.84,70.4
2025-08-16,Humedad,Ingenuo estacional,82.51,71.84
2025-08-17,Humedad,Ingenuo estacional,83.34,77.57
2025-08-18,Humedad,Ingenuo estacional,87.71,85.41
2025-08-19,Humedad,Ingenuo estacional,95.63,83.07
2025-08-20,Humedad,Ingenuo estacional,74.09,83.58
2025-08-21,Humedad,Ingenuo estacional,74.35,85.6
2025-08-22,Humedad,Ingenuo estacional,73.27,79.33
2025-08-23,Humedad,Ingenuo estacional,61.66,71.76
2025-08-24,Humedad,Ingenuo estacional,60.51,72.62
2025-08-25,Humedad,Ingenuo estacional,72.38,70.23
2025-08-26,Humedad,Ingenuo estacional,76.14,69.55
2025-08-27,Humedad,Ingenuo estacional,77.34,69.41
2025-08-28,Humedad,Ingenuo estacional,79.22,73.34
2025-08-29,Humedad,Ingenuo estacional,80.97,78.55
2025-08-30,Humedad,Ingenuo estacional,89.61,92.78
2025-08-31,Humedad,Ingenuo estacional,88.04,83.56
2025-09-01,Humedad,Ingenuo estacional,74.29,79.58
2025-09-02,Humedad,Ingenuo estacional,76.52,73.57
2025-09-03,Humedad,Ingenuo estacional,76.01,60.13
2025-09-04,Humedad,Ingenuo estacional,63.67,59.99
2025-09-05,Humedad,Ingenuo estacional,61.38,59.73
2025-09-06,Humedad,Ingenuo estacional,63.88,62.06
2025-09-07,Humedad,Ingenuo estacional,71.75,60.32
2025-09-08,Humedad,Ingenuo estacional,76.61,58.17
2025-09-09,Humedad,Ingenuo estacional,73.2,82.26
2025-09-10,Humedad,Ingenuo estacional,77.25,75.62
2025-09-11,Humedad,Ingenuo estacional,66.38,63.23
2025-09-12,Humedad,Ingenuo estacional,69.49,65.81
2025-09-13,Humedad,Ingenuo estacional,73.36,69.21
2025-09-14,Humedad,Ingenuo estacional,76.12,59.57
2025-09-15,Humedad,Ingenuo estacional,85.14,54.16
2025-09-16,Humedad,Ingenuo estacional,79.77,58.07
2025-09-17,Humedad,Ingenuo estacional,77.67,64.37
2025-09-18,Humedad,Ingenuo estacional,87.52,64.61
2025-09-19,Humedad,Ingenuo estacional,87.73,70.12
2025-09-20,Humedad,Ingenuo estacional,91.14,57.68
2025-09-21,Humedad,Ingenuo estacional,73.86,63.17
2025-09-22,Humedad,Ingenuo estacional,68.27,63.61
2025-09-23,Humedad,Ingenuo estacional,61.15,54.78
2025-09-24,Humedad,Ingenuo estacional,74.68,56.74
2025-09-25,Humedad,Ingenuo estacional,68.52,66.96
2025-09-26,Humedad,Ingenuo estacional,69.87,57.93
2025-09-27,Humedad,Ingenuo estacional,76.35,58.22
2025-09-28,Humedad,Ingenuo estacional,67.06,59.07
2025-09-29,Humedad,Ingenuo estacional,67.15,61.46
2025-09-30,Humedad,Ingenuo estacional,68.25,60.42
2025-10-01,Humedad,Ingenuo estacional,68.38,54.83
2025-10-02,Humedad,Ingenuo estacional,69.46,41.01
2025-10-03,Humedad,Ingenuo estacional,75.52,45.6
2025-10-04,Humedad,Ingenuo estacional,75.85,49.88
2025-10-05,Humedad,Ingenuo estacional,72.12,52.01
2025-10-06,Humedad,Ingenuo estacional,63.62,59.2
2025-10-07,Humedad,Ingenuo estacional,54.99,83.46
2025-10-08,Humedad,Ingenuo estacional,62.54,68.71
2025-10-09,Humedad,Ingenuo estacional,62.06,66.61
2025-10-10,Humedad,Ingenuo estacional,62.56,64.37
2025-10-11,Humedad,Ingenuo estacional,67.66,53.55
2025-10-12,Humedad,Ingenuo estacional,62.04,71.63
2025-10-13,Humedad,Ingenuo estacional,53.6,78.64
2025-10-14,Humedad,Ingenuo estacional,52.63,73.34
2025-10-15,Humedad,Ingenuo estacional,58.29,74.79
2025-10-16,Humedad,Ingenuo estacional,63.0,64.0
2025-10-17,Humedad,Ingenuo estacional,75.27,81.02
2025-10-18,Humedad,Ingenuo estacional,60.19,67.98
2025-10-19,Humedad,Ingenuo estacional,48.83,63.49
2025-10-20,Humedad,Ingenuo estacional,51.6,63.4
2025-10-21,Humedad,Ingenuo estacional,57.45,64.24
2025-10-22,Humedad,Ingenuo estacional,66.23,69.09
2025-10-23,Humedad,Ingenuo estacional,58.88,81.29
2025-10-24,Humedad,Ingenuo estacional,77.38,77.89
2025-10-25,Humedad,Ingenuo estacional,61.54,70.3
2025-10-26,Humedad,Ingenuo estacional,52.26,55.52
2025-10-27,Humedad,Ingenuo estacional,61.34,56.61
2025-10-28,Humedad,Ingenuo estacional,66.02,61.18
2025-10-29,Humedad,Ingenuo estacional,60.42,59.13
2025-10-30,Humedad,Ingenuo estacional,65.17,55.39
2025-10-31,Humedad,Ingenuo estacional,58.4,62.95
2025-11-01,Humedad,Ingenuo estacional,59.32,69.37
2025-11-02,Humedad,Ingenuo estacional,61.88,60.16
2025-11-03,Humedad,Ingenuo estacional,58.63,62.62
2025-11-04,Humedad,Ingenuo estacional,73.84,77.56
2025-11-05,Humedad,Ingenuo estacional,64.35,63.19
2025-11-06,Humedad,Ingenuo estacional,55.28,54.96
2025-11-07,Humedad,Ingenuo estacional,79.08,60.98
2025-11-08,Humedad,Ingenuo estacional,72.76,58.81
2025-11-09,Humedad,Ingenuo estacional,65.32,52.97
2025-11-10,Humedad,Ingenuo estacional,61.94,57.19
2025-11-11,Humedad,Ingenuo estacional,67.5,52.84
2025-11-12,Humedad,Ingenuo estacional,59.07,47.72
2025-11-13,Humedad,Ingenuo estacional,50.68,45.6
2025-11-14,Humedad,Ingenuo estacional,55.16,48.86
2025-11-15,Humedad,Ingenuo estacional,57.07,48.43
2025-11-16,Humedad,Ingenuo estacional,70.19,48.88
2025-11-17,Humedad,Ingenuo estacional,57.65,73.96
2025-11-18,Humedad,Ingenuo estacional,57.85,46.62
2025-11-19,Humedad,Ingenuo estacional,61.04,56.46
2025-11-20,Humedad,Ingenuo estacional,61.54,58.58
2025-11-21,Humedad,Ingenuo estacional,70.75,56.11
2025-11-22,Humedad,Ingenuo estacional,66.86,54.41
2025-11-23,Humedad,Ingenuo estacional,58.21,52.93
2025-11-24,Humedad,Ingenuo estacional,53.68,64.88
2025-11-25,Humedad,Ingenuo estacional,52.91,74.37
2025-11-26,Humedad,Ingenuo estacional,53.38,69.34
2025-11-27,Humedad,Ingenuo estacional,52.34,84.87
2025-11-28,Humedad,Ingenuo estacional,54.82,72.41
2025-11-29,Humedad,Ingenuo estacional,80.88,62.22
2025-11-30,Humedad,Ingenuo estacional,84.09,55.97
2025-12-01,Humedad,Ingenuo estacional,71.49,59.59
2025-12-02,Humedad,Ingenuo estacional,60.15,45.15
2025-12-03,Humedad,Ingenuo estacional,51.9,45.05
2025-12-04,Humedad,Ingenuo estacional,49.13,47.15
2025-12-05,Humedad,Ingenuo estacional,51.18,52.68
2025-12-06,Humedad,Ingenuo estacional,53.41,67.5
2025-12-07,Humedad,Ingenuo estacional,46.59,57.58
2025-12-08,Humedad,Ingenuo estacional,57.55,51.11
2025-12-09,Humedad,Ingenuo estacional,59.55,49.21
2025-12-10,Humedad,Ingenuo estacional,61.71,48.67
2025-12-11,Humedad,Ingenuo estacional,52.15,52.98
2025-12-12,Humedad,Ingenuo estacional,47.53,55.79
2025-12-13,Humedad,Ingenuo estacional,50.94,61.55
2025-12-14,Humedad,Ingenuo estacional,75.59,57.32
2025-12-15,Humedad,Ingenuo estacional,61.75,55.48
2025-12-16,Humedad,Ingenuo estacional,53.93,53.23
2025-12-17,Humedad,Ingenuo estacional,53.31,53.36
2025-12-18,Humedad,Ingenuo estacional,53.54,62.74
2025-12-19,Humedad,Ingenuo estacional,51.03,55.55
2025-12-20,Humedad,Ingenuo estacional,80.31,49.91
2025-12-21,Humedad,Ingenuo estacional,81.92,68.43
2025-12-22,Humedad,Ingenuo estacional,72.21,56.9
2025-12-23,Humedad,Ingenuo estacional,63.09,51.32
2025-12-24,Humedad,Ingenuo estacional,58.8,61.53
2025-12-25,Humedad,Ingenuo estacional,59.75,58.16
2025-12-26,Humedad,Ingenuo estacional,43.9,57.03
2025-12-27,Humedad,Ingenuo estacional,54.23,57.13
2025-12-28,Humedad,Ingenuo estacional,50.73,53.1
2025-12-29,Humedad,Ingenuo estacional,48.66,51.39
2025-12-30,Humedad,Ingenuo estacional,51.49,53.42
2025-12-31,Humedad,Ingenuo estacional,47.43,46.45
2025-01-01,Humedad,"ARIMA(1,1,1)",49.41,49.450271982719954
2025-01-02,Humedad,"ARIMA(1,1,1)",36.97,51.338435921820725
2025-01-03,Humedad,"ARIMA(1,1,1)",36.67,52.526715878256034
2025-01-04,Humedad,"ARIMA(1,1,1)",37.18,53.27453720119601
2025-01-05,Humedad,"ARIMA(1,1,1)",38.95,53.74516428533983
2025-01-06,Humedad,"ARIMA(1,1,1)",41.42,54.0413444630579
2025-01-07,Humedad,"ARIMA(1,1,1)",37.13,54.22773980796816
2025-01-08,Humedad,"ARIMA(1,1,1)",35.86,54.34504416260762
2025-01-09,Humedad,"ARIMA(1,1,1)",31.18,54.4188674205007
2025-01-10,Humedad,"ARIMA(1,1,1)",30.8,54.46532667960237
2025-01-11,Humedad,"ARIMA(1,1,1)",36.28,54.494564928060626
2025-01-12,Humedad,"ARIMA(1,1,1)",37.36,54.51296546197865
2025-01-13,Humedad,"ARIMA(1,1,1)",31.5,54.52454548699116
2025-01-14,Humedad,"ARIMA(1,1,1)",30.9,54.531833154832086
2025-01-15,Humedad,"ARIMA(1,1,1)",30.09,54.536419509568134
2025-01-16,Humedad,"ARIMA(1,1,1)",31.77,54.53930584443191
2025-01-17,Humedad,"ARIMA(1,1,1)",42.27,54.54112230421867
2025-01-18,Humedad,"ARIMA(1,1,1)",56.44,54.54226545853466
2025-01-19,Humedad,"ARIMA(1,1,1)",72.8,54.5429848808966
2025-01-20,Humedad,"ARIMA(1,1,1)",60.5,54.54343763563637
2025-01-21,Humedad,"ARIMA(1,1,1)",50.57,54.5437225681951
2025-01-22,Humedad,"ARIMA(1,1,1)",46.67,54.54390188506556
2025-01-23,Humedad,"ARIMA(1,1,1)",52.26,54.54401473471733
2025-01-24,Humedad,"ARIMA(1,1,1)",63.97,54.54408575449295
2025-01-25,Humedad,"ARIMA(1,1,1)",59.61,54.54413044943396
2025-01-26,Humedad,"ARIMA(1,1,1)",60.44,54.544158577342486
2025-01-27,Humedad,"ARIMA(1,1,1)",62.88,54.54417627910515
2025-01-28,Humedad,"ARIMA(1,1,1)",74.71,54.5441874193718
2025-01-29,Humedad,"ARIMA(1,1,1)",50.69,54.544194430286105
2025-01-30,Humedad,"ARIMA(1,1,1)",58.45,54.54419884247128
2025-01-31,Humedad,"ARIMA(1,1,1)",53.34,54.54420161919586
2025-02-01,Humedad,"ARIMA(1,1,1)",48.09,54.5442033666745
2025-02-02,Humedad,"ARIMA(1,1,1)",44.75,54.54420446641685
2025-02-03,Humedad,"ARIMA(1,1,1)",42.95,54.54420515851872
2025-02-04,Humedad,"ARIMA(1,1,1)",56.41,54.54420559407983
2025-02-05,Humedad,"ARIMA(1,1,1)",80.5,54.5442058681919
2025-02-06,Humedad,"ARIMA(1,1,1)",72.05,54.54420604069911
2025-02-07,Humedad,"ARIMA(1,1,1)",60.17,54.544206149263225
2025-02-08,Humedad,"ARIMA(1,1,1)",54.2,54.54420621758598
2025-02-09,Humedad,"ARIMA(1,1,1)",68.58,54.54420626058361
2025-02-10,Humedad,"ARIMA(1,1,1)",53.46,54.54420628764334
2025-02-11,Humedad,"ARIMA(1,1,1)",60.35,54.54420630467287
2025-02-12,Humedad,"ARIMA(1,1,1)",82.58,54.54420631539008
2025-02-13,Humedad,"ARIMA(1,1,1)",64.68,54.54420632213475
2025-02-14,Humedad,"ARIMA(1,1,1)",66.73,54.54420632637938
2025-02-15,Humedad,"ARIMA(1,1,1)",79.32,54.54420632905066
2025-02-16,Humedad,"ARIMA(1,1,1)",83.46,54.544206330731775
2025-02-17,Humedad,"ARIMA(1,1,1)",66.21,54.54420633178975
2025-02-18,Humedad,"ARIMA(1,1,1)",55.39,54.54420633245557
2025-02-19,Humedad,"ARIMA(1,1,1)",59.63,54.544206332874595
2025-02-20,Humedad,"ARIMA(1,1,1)",57.45,54.5442063331383
2025-02-21,Humedad,"ARIMA(1,1,1)",67.15,54.54420633330425
2025-02-22,Humedad,"ARIMA(1,1,1)",64.63,54.544206333408695
2025-02-23,Humedad,"ARIMA(1,1,1)",61.81,54.54420633347442
2025-02-24,Humedad,"ARIMA(1,1,1)",60.77,54.54420633351579
2025-02-25,Humedad,"ARIMA(1,1,1)",82.51,54.54420633354182
2025-02-26,Humedad,"ARIMA(1,1,1)",87.34,54.54420633355821
2025-02-27,Humedad,"ARIMA(1,1,1)",85.42,54.54420633356852
2025-02-28,Humedad,"ARIMA(1,1,1)",86.08,54.544206333575005
2025-03-01,Humedad,"ARIMA(1,1,1)",87.51,54.54420633357909
2025-03-02,Humedad,"ARIMA(1,1,1)",92.8,54.54420633358166
2025-03-03,Humedad,"ARIMA(1,1,1)",90.93,54.54420633358328
2025-03-04,Humedad,"ARIMA(1,1,1)",82.1,54.5442063335843
2025-03-05,Humedad,"ARIMA(1,1,1)",77.11,54.54420633358494
2025-03-06,Humedad,"ARIMA(1,1,1)",78.2,54.54420633358534
2025-03-07,Humedad,"ARIMA(1,1,1)",73.32,54.5442063335856
2025-03-08,Humedad,"ARIMA(1,1,1)",82.54,54.544206333585755
2025-03-09,Humedad,"ARIMA(1,1,1)",74.66,54.544206333585855
2025-03-10,Humedad,"ARIMA(1,1,1)",72.69,54.54420633358592
2025-03-11,Humedad,"ARIMA(1,1,1)",73.83,54.54420633358596
2025-03-12,Humedad,"ARIMA(1,1,1)",83.65,54.54420633358599
2025-03-13,Humedad,"ARIMA(1,1,1)",75.7,54.544206333586004
2025-03-14,Humedad,"ARIMA(1,1,1)",69.88,54.54420633358601
2025-03-15,Humedad,"ARIMA(1,1,1)",72.21,54.54420633358602
2025-03-16,Humedad,"ARIMA(1,1,1)",77.72,54.544206333586025
2025-03-17,Humedad,"ARIMA(1,1,1)",77.62,54.544206333586025
2025-03-18,Humedad,"ARIMA(1,1,1)",72.87,54.544206333586025
2025-03-19,Humedad,"ARIMA(1,1,1)",68.75,54.544206333586025
2025-03-20,Humedad,"ARIMA(1,1,1)",61.79,54.544206333586025
2025-03-21,Humedad,"ARIMA(1,1,1)",63.51,54.544206333586025
2025-03-22,Humedad,"ARIMA(1,1,1)",70.49,54.544206333586025
2025-03-23,Humedad,"ARIMA(1,1,1)",81.99,54.544206333586025
2025-03-24,Humedad,"ARIMA(1,1,1)",84.44,54.544206333586025
2025-03-25,Humedad,"ARIMA(1,1,1)",83.66,54.544206333586025
2025-03-26,Humedad,"ARIMA(1,1,1)",79.46,54.544206333586025
2025-03-27,Humedad,"ARIMA(1,1,1)",82.67,54.544206333586025
2025-03-28,Humedad,"ARIMA(1,1,1)",85.13,54.544206333586025
2025-03-29,Humedad,"ARIMA(1,1,1)",74.76,54.544206333586025
2025-03-30,Humedad,"ARIMA(1,1,1)",76.95,54.544206333586025
2025-03-31,Humedad,"ARIMA(1,1,1)",71.12,54.544206333586025
2025-04-01,Humedad,"ARIMA(1,1,1)",74.04,54.544206333586025
2025-04-02,Humedad,"ARIMA(1,1,1)",64.27,54.544206333586025
2025-04-03,Humedad,"ARIMA(1,1,1)",58.45,54.544206333586025
2025-04-04,Humedad,"ARIMA(1,1,1)",65.27,54.544206333586025
2025-04-05,Humedad,"ARIMA(1,1,1)",69.95,54.544206333586025
2025-04-06,Humedad,"ARIMA(1,1,1)",78.39,54.544206333586025
2025-04-07,Humedad,"ARIMA(1,1,1)",93.14,54.544206333586025
2025-04-08,Humedad,"ARIMA(1,1,1)",86.07,54.544206333586025
2025-04-09,Humedad,"ARIMA(1,1,1)",87.08,54.544206333586025
2025-04-10,Humedad,"ARIMA(1,1,1)",86.49,54.544206333586025
2025-04-11,Humedad,"ARIMA(1,1,1)",81.76,54.544206333586025
2025-04-12,Humedad,"ARIMA(1,1,1)",80.28,54.544206333586025
2025-04-13,Humedad,"ARIMA(1,1,1)",67.01,54.544206333586025
2025-04-14,Humedad,"ARIMA(1,1,1)",72.73,54.544206333586025
2025-04-15,Humedad,"ARIMA(1,1,1)",78.94,54.544206333586025
2025-04-16,Humedad,"ARIMA(1,1,1)",80.83,54.544206333586025
2025-04-17,Humedad,"ARIMA(1,1,1)",79.95,54.544206333586025
2025-04-18,Humedad,"ARIMA(1,1,1)",81.82,54.544206333586025
2025-04-19,Humedad,"ARIMA(1,1,1)",69.84,54.544206333586025
2025-04-20,Humedad,"ARIMA(1,1,1)",83.45,54.544206333586025
2025-04-21,Humedad,"ARIMA(1,1,1)",75.52,54.544206333586025
2025-04-22,Humedad,"ARIMA(1,1,1)",74.49,54.544206333586025
2025-04-23,Humedad,"ARIMA(1,1,1)",76.25,54.544206333586025
2025-04-24,Humedad,"ARIMA(1,1,1)",83.32,54.544206333586025
2025-04-25,Humedad,"ARIMA(1,1,1)",81.56,54.544206333586025
2025-04-26,Humedad,"ARIMA(1,1,1)",63.52,54.544206333586025
2025-04-27,Humedad,"ARIMA(1,1,1)",63.2,54.544206333586025
2025-04-28,Humedad,"ARIMA(1,1,1)",64.96,54.544206333586025
2025-04-29,Humedad,"ARIMA(1,1,1)",68.31,54.544206333586025
2025-04-30,Humedad,"ARIMA(1,1,1)",69.47,54.544206333586025
2025-05-01,Humedad,"ARIMA(1,1,1)",68.7,54.544206333586025
2025-05-02,Humedad,"ARIMA(1,1,1)",70.01,54.544206333586025
2025-05-03,Humedad,"ARIMA(1,1,1)",76.72,54.544206333586025
2025-05-04,Humedad,"ARIMA(1,1,1)",77.67,54.544206333586025
2025-05-05,Humedad,"ARIMA(1,1,1)",87.99,54.544206333586025
2025-05-06,Humedad,"ARIMA(1,1,1)",85.75,54.544206333586025
2025-05-07,Humedad,"ARIMA(1,1,1)",81.09,54.544206333586025
2025-05-08,Humedad,"ARIMA(1,1,1)",82.05,54.544206333586025
2025-05-09,Humedad,"ARIMA(1,1,1)",73.54,54.544206333586025
2025-05-10,Humedad,"ARIMA(1,1,1)",69.1,54.544206333586025
2025-05-11,Humedad,"ARIMA(1,1,1)",75.05,54.544206333586025
2025-05-12,Humedad,"ARIMA(1,1,1)",73.52,54.544206333586025
2025-05-13,Humedad,"ARIMA(1,1,1)",77.14,54.544206333586025
2025-05-14,Humedad,"ARIMA(1,1,1)",79.1,54.544206333586025
2025-05-15,Humedad,"ARIMA(1,1,1)",82.79,54.544206333586025
2025-05-16,Humedad,"ARIMA(1,1,1)",87.49,54.544206333586025
2025-05-17,Humedad,"ARIMA(1,1,1)",81.53,54.544206333586025
2025-05-18,Humedad,"ARIMA(1,1,1)",67.31,54.544206333586025
2025-05-19,Humedad,"ARIMA(1,1,1)",78.67,54.544206333586025
2025-05-20,Humedad,"ARIMA(1,1,1)",67.87,54.544206333586025
2025-05-21,Humedad,"ARIMA(1,1,1)",73.37,54.544206333586025
2025-05-22,Humedad,"ARIMA(1,1,1)",80.02,54.544206333586025
2025-05-23,Humedad,"ARIMA(1,1,1)",77.51,54.544206333586025
2025-05-24,Humedad,"ARIMA(1,1,1)",84.34,54.544206333586025
2025-05-25,Humedad,"ARIMA(1,1,1)",90.37,54.544206333586025
2025-05-26,Humedad,"ARIMA(1,1,1)",92.42,54.544206333586025
2025-05-27,Humedad,"ARIMA(1,1,1)",78.82,54.544206333586025
2025-05-28,Humedad,"ARIMA(1,1,1)",71.67,54.544206333586025
2025-05-29,Humedad,"ARIMA(1,1,1)",67.18,54.544206333586025
2025-05-30,Humedad,"ARIMA(1,1,1)",73.19,54.544206333586025
2025-05-31,Humedad,"ARIMA(1,1,1)",72.16,54.544206333586025
2025-06-01,Humedad,"ARIMA(1,1,1)",69.32,54.544206333586025
2025-06-02,Humedad,"ARIMA(1,1,1)",85.99,54.544206333586025
2025-06-03,Humedad,"ARIMA(1,1,1)",90.71,54.544206333586025
2025-06-04,Humedad,"ARIMA(1,1,1)",88.55,54.544206333586025
2025-06-05,Humedad,"ARIMA(1,1,1)",72.01,54.544206333586025
2025-06-06,Humedad,"ARIMA(1,1,1)",78.24,54.544206333586025
2025-06-07,Humedad,"ARIMA(1,1,1)",85.56,54.544206333586025
2025-06-08,Humedad,"ARIMA(1,1,1)",85.55,54.544206333586025
2025-06-09,Humedad,"ARIMA(1,1,1)",87.44,54.544206333586025
2025-06-10,Humedad,"ARIMA(1,1,1)",83.47,54.544206333586025
2025-06-11,Humedad,"ARIMA(1,1,1)",79.79,54.544206333586025
2025-06-12,Humedad,"ARIMA(1,1,1)",79.02,54.544206333586025
2025-06-13,Humedad,"ARIMA(1,1,1)",89.21,54.544206333586025
2025-06-14,Humedad,"ARIMA(1,1,1)",87.33,54.544206333586025
2025-06-15,Humedad,"ARIMA(1,1,1)",78.43,54.544206333586025
2025-06-16,Humedad,"ARIMA(1,1,1)",89.65,54.544206333586025
2025-06-17,Humedad,"ARIMA(1,1,1)",89.42,54.544206333586025
2025-06-18,Humedad,"ARIMA(1,1,1)",82.73,54.544206333586025
2025-06-19,Humedad,"ARIMA(1,1,1)",76.7,54.544206333586025
2025-06-20,Humedad,"ARIMA(1,1,1)",76.75,54.544206333586025
2025-06-21,Humedad,"ARIMA(1,1,1)",87.16,54.544206333586025
2025-06-22,Humedad,"ARIMA(1,1,1)",77.61,54.544206333586025
2025-06-23,Humedad,"ARIMA(1,1,1)",64.78,54.544206333586025
2025-06-24,Humedad,"ARIMA(1,1,1)",65.54,54.544206333586025
2025-06-25,Humedad,"ARIMA(1,1,1)",75.99,54.544206333586025
2025-06-26,Humedad,"ARIMA(1,1,1)",58.26,54.544206333586025
2025-06-27,Humedad,"ARIMA(1,1,1)",61.09,54.544206333586025
2025-06-28,Humedad,"ARIMA(1,1,1)",78.05,54.544206333586025
2025-06-29,Humedad,"ARIMA(1,1,1)",73.06,54.544206333586025
2025-06-30,Humedad,"ARIMA(1,1,1)",74.83,54.544206333586025
2025-07-01,Humedad,"ARIMA(1,1,1)",57.9,54.544206333586025
2025-07-02,Humedad,"ARIMA(1,1,1)",70.53,54.544206333586025
2025-07-03,Humedad,"ARIMA(1,1,1)",79.52,54.544206333586025
2025-07-04,Humedad,"ARIMA(1,1,1)",88.18,54.544206333586025
2025-07-05,Humedad,"ARIMA(1,1,1)",84.84,54.544206333586025
2025-07-06,Humedad,"ARIMA(1,1,1)",88.02,54.544206333586025
2025-07-07,Humedad,"ARIMA(1,1,1)",85.83,54.544206333586025
2025-07-08,Humedad,"ARIMA(1,1,1)",86.37,54.544206333586025
2025-07-09,Humedad,"ARIMA(1,1,1)",83.66,54.544206333586025
2025-07-10,Humedad,"ARIMA(1,1,1)",88.32,54.544206333586025
2025-07-11,Humedad,"ARIMA(1,1,1)",87.28,54.544206333586025
2025-07-12,Humedad,"ARIMA(1,1,1)",81.29,54.544206333586025
2025-07-13,Humedad,"ARIMA(1,1,1)",82.67,54.544206333586025
2025-07-14,Humedad,"ARIMA(1,1,1)",88.76,54.544206333586025
2025-07-15,Humedad,"ARIMA(1,1,1)",87.14,54.544206333586025
2025-07-16,Humedad,"ARIMA(1,1,1)",78.54,54.544206333586025
2025-07-17,Humedad,"ARIMA(1,1,1)",65.35,54.544206333586025
2025-07-18,Humedad,"ARIMA(1,1,1)",64.96,54.544206333586025
2025-07-19,Humedad,"ARIMA(1,1,1)",77.19,54.544206333586025
2025-07-20,Humedad,"ARIMA(1,1,1)",81.51,54.544206333586025
2025-07-21,Humedad,"ARIMA(1,1,1)",81.09,54.544206333586025
2025-07-22,Humedad,"ARIMA(1,1,1)",81.21,54.544206333586025
2025-07-23,Humedad,"ARIMA(1,1,1)",77.26,54.544206333586025
2025-07-24,Humedad,"ARIMA(1,1,1)",82.43,54.544206333586025
2025-07-25,Humedad,"ARIMA(1,1,1)",88.89,54.544206333586025
2025-07-26,Humedad,"ARIMA(1,1,1)",84.99,54.544206333586025
2025-07-27,Humedad,"ARIMA(1,1,1)",91.52,54.544206333586025
2025-07-28,Humedad,"ARIMA(1,1,1)",81.56,54.544206333586025
2025-07-29,Humedad,"ARIMA(1,1,1)",83.28,54.544206333586025
2025-07-30,Humedad,"ARIMA(1,1,1)",77.73,54.544206333586025
2025-07-31,Humedad,"ARIMA(1,1,1)",80.67,54.544206333586025
2025-08-01,Humedad,"ARIMA(1,1,1)",90.93,54.544206333586025
2025-08-02,Humedad,"ARIMA(1,1,1)",81.74,54.544206333586025
2025-08-03,Humedad,"ARIMA(1,1,1)",67.45,54.544206333586025
2025-08-04,Humedad,"ARIMA(1,1,1)",63.89,54.544206333586025
2025-08-05,Humedad,"ARIMA(1,1,1)",72.43,54.544206333586025
2025-08-06,Humedad,"ARIMA(1,1,1)",71.09,54.544206333586025
2025-08-07,Humedad,"ARIMA(1,1,1)",76.75,54.544206333586025
2025-08-08,Humedad,"ARIMA(1,1,1)",76.87,54.544206333586025
2025-08-09,Humedad,"ARIMA(1,1,1)",70.83,54.544206333586025
2025-08-10,Humedad,"ARIMA(1,1,1)",71.7,54.544206333586025
2025-08-11,Humedad,"ARIMA(1,1,1)",74.01,54.544206333586025
2025-08-12,Humedad,"ARIMA(1,1,1)",72.95,54.544206333586025
2025-08-13,Humedad,"ARIMA(1,1,1)",77.98,54.544206333586025
2025-08-14,Humedad,"ARIMA(1,1,1)",79.89,54.544206333586025
2025-08-15,Humedad,"ARIMA(1,1,1)",76.84,54.544206333586025
2025-08-16,Humedad,"ARIMA(1,1,1)",82.51,54.544206333586025
2025-08-17,Humedad,"ARIMA(1,1,1)",83.34,54.544206333586025
2025-08-18,Humedad,"ARIMA(1,1,1)",87.71,54.544206333586025
2025-08-19,Humedad,"ARIMA(1,1,1)",95.63,54.544206333586025
2025-08-20,Humedad,"ARIMA(1,1,1)",74.09,54.544206333586025
2025-08-21,Humedad,"ARIMA(1,1,1)",74.35,54.544206333586025
2025-08-22,Humedad,"ARIMA(1,1,1)",73.27,54.544206333586025
2025-08-23,Humedad,"ARIMA(1,1,1)",61.66,54.544206333586025
2025-08-24,Humedad,"ARIMA(1,1,1)",60.51,54.544206333586025
2025-08-25,Humedad,"ARIMA(1,1,1)",72.38,54.544206333586025
2025-08-26,Humedad,"ARIMA(1,1,1)",76.14,54.544206333586025
2025-08-27,Humedad,"ARIMA(1,1,1)",77.34,54.544206333586025
2025-08-28,Humedad,"ARIMA(1,1,1)",79.22,54.544206333586025
2025-08-29,Humedad,"ARIMA(1,1,1)",80.97,54.544206333586025
2025-08-30,Humedad,"ARIMA(1,1,1)",89.61,54.544206333586025
2025-08-31,Humedad,"ARIMA(1,1,1)",88.04,54.544206333586025
2025-09-01,Humedad,"ARIMA(1,1,1)",74.29,54.544206333586025
2025-09-02,Humedad,"ARIMA(1,1,1)",76.52,54.544206333586025
2025-09-03,Humedad,"ARIMA(1,1,1)",76.01,54.544206333586025
2025-09-04,Humedad,"ARIMA(1,1,1)",63.67,54.544206333586025
2025-09-05,Humedad,"ARIMA(1,1,1)",61.38,54.544206333586025
2025-09-06,Humedad,"ARIMA(1,1,1)",63.88,54.544206333586025
2025-09-07,Humedad,"ARIMA(1,1,1)",71.75,54.544206333586025
2025-09-08,Humedad,"ARIMA(1,1,1)",76.61,54.544206333586025
2025-09-09,Humedad,"ARIMA(1,1,1)",73.2,54.544206333586025
2025-09-10,Humedad,"ARIMA(1,1,1)",77.25,54.544206333586025
2025-09-11,Humedad,"ARIMA(1,1,1)",66.38,54.544206333586025
2025-09-12,Humedad,"ARIMA(1,1,1)",69.49,54.544206333586025
2025-09-13,Humedad,"ARIMA(1,1,1)",73.36,54.544206333586025
2025-09-14,Humedad,"ARIMA(1,1,1)",76.12,54.544206333586025
2025-09-15,Humedad,"ARIMA(1,1,1)",85.14,54.544206333586025
2025-09-16,Humedad,"ARIMA(1,1,1)",79.77,54.544206333586025
2025-09-17,Humedad,"ARIMA(1,1,1)",77.67,54.544206333586025
2025-09-18,Humedad,"ARIMA(1,1,1)",87.52,54.544206333586025
2025-09-19,Humedad,"ARIMA(1,1,1)",87.73,54.544206333586025
2025-09-20,Humedad,"ARIMA(1,1,1)",91.14,54.544206333586025
2025-09-21,Humedad,"ARIMA(1,1,1)",73.86,54.544206333586025
2025-09-22,Humedad,"ARIMA(1,1,1)",68.27,54.544206333586025
2025-09-23,Humedad,"ARIMA(1,1,1)",61.15,54.544206333586025
2025-09-24,Humedad,"ARIMA(1,1,1)",74.68,54.544206333586025
2025-09-25,Humedad,"ARIMA(1,1,1)",68.52,54.544206333586025
2025-09-26,Humedad,"ARIMA(1,1,1)",69.87,54.544206333586025
2025-09-27,Humedad,"ARIMA(1,1,1)",76.35,54.544206333586025
2025-09-28,Humedad,"ARIMA(1,1,1)",67.06,54.544206333586025
2025-09-29,Humedad,"ARIMA(1,1,1)",67.15,54.544206333586025
2025-09-30,Humedad,"ARIMA(1,1,1)",68.25,54.544206333586025
2025-10-01,Humedad,"ARIMA(1,1,1)",68.38,54.544206333586025
2025-10-02,Humedad,"ARIMA(1,1,1)",69.46,54.544206333586025
2025-10-03,Humedad,"ARIMA(1,1,1)",75.52,54.544206333586025
2025-10-04,Humedad,"ARIMA(1,1,1)",75.85,54.544206333586025
2025-10-05,Humedad,"ARIMA(1,1,1)",72.12,54.544206333586025
2025-10-06,Humedad,"ARIMA(1,1,1)",63.62,54.544206333586025
2025-10-07,Humedad,"ARIMA(1,1,1)",54.99,54.544206333586025
2025-10-08,Humedad,"ARIMA(1,1,1)",62.54,54.544206333586025
2025-10-09,Humedad,"ARIMA(1,1,1)",62.06,54.544206333586025
2025-10-10,Humedad,"ARIMA(1,1,1)",62.56,54.544206333586025
2025-10-11,Humedad,"ARIMA(1,1,1)",67.66,54.544206333586025
2025-10-12,Humedad,"ARIMA(1,1,1)",62.04,54.544206333586025
2025-10-13,Humedad,"ARIMA(1,1,1)",53.6,54.544206333586025
2025-10-14,Humedad,"ARIMA(1,1,1)",52.63,54.544206333586025
2025-10-15,Humedad,"ARIMA(1,1,1)",58.29,54.544206333586025
2025-10-16,Humedad,"ARIMA(1,1,1)",63.0,54.544206333586025
2025-10-17,Humedad,"ARIMA(1,1,1)",75.27,54.544206333586025
2025-10-18,Humedad,"ARIMA(1,1,1)",60.19,54.544206333586025
2025-10-19,Humedad,"ARIMA(1,1,1)",48.83,54.544206333586025
2025-10-20,Humedad,"ARIMA(1,1,1)",51.6,54.544206333586025
2025-10-21,Humedad,"ARIMA(1,1,1)",57.45,54.544206333586025
2025-10-22,Humedad,"ARIMA(1,1,1)",66.23,54.544206333586025
2025-10-23,Humedad,"ARIMA(1,1,1)",58.88,54.544206333586025
2025-10-24,Humedad,"ARIMA(1,1,1)",77.38,54.544206333586025
2025-10-25,Humedad,"ARIMA(1,1,1)",61.54,54.544206333586025
2025-10-26,Humedad,"ARIMA(1,1,1)",52.26,54.544206333586025
2025-10-27,Humedad,"ARIMA(1,1,1)",61.34,54.544206333586025
2025-10-28,Humedad,"ARIMA(1,1,1)",66.02,54.544206333586025
2025-10-29,Humedad,"ARIMA(1,1,1)",60.42,54.544206333586025
2025-10-30,Humedad,"ARIMA(1,1,1)",65.17,54.544206333586025
2025-10-31,Humedad,"ARIMA(1,1,1)",58.4,54.544206333586025
2025-11-01,Humedad,"ARIMA(1,1,1)",59.32,54.544206333586025
2025-11-02,Humedad,"ARIMA(1,1,1)",61.88,54.544206333586025
2025-11-03,Humedad,"ARIMA(1,1,1)",58.63,54.544206333586025
2025-11-04,Humedad,"ARIMA(1,1,1)",73.84,54.544206333586025
2025-11-05,Humedad,"ARIMA(1,1,1)",64.35,54.544206333586025
2025-11-06,Humedad,"ARIMA(1,1,1)",55.28,54.544206333586025
2025-11-07,Humedad,"ARIMA(1,1,1)",79.08,54.544206333586025
2025-11-08,Humedad,"ARIMA(1,1,1)",72.76,54.544206333586025
2025-11-09,Humedad,"ARIMA(1,1,1)",65.32,54.544206333586025
2025-11-10,Humedad,"ARIMA(1,1,1)",61.94,54.544206333586025
2025-11-11,Humedad,"ARIMA(1,1,1)",67.5,54.544206333586025
2025-11-12,Humedad,"ARIMA(1,1,1)",59.07,54.544206333586025
2025-11-13,Humedad,"ARIMA(1,1,1)",50.68,54.544206333586025
2025-11-14,Humedad,"ARIMA(1,1,1)",55.16,54.544206333586025
2025-11-15,Humedad,"ARIMA(1,1,1)",57.07,54.544206333586025
2025-11-16,Humedad,"ARIMA(1,1,1)",70.19,54.544206333586025
2025-11-17,Humedad,"ARIMA(1,1,1)",57.65,54.544206333586025
2025-11-18,Humedad,"ARIMA(1,1,1)",57.85,54.544206333586025
2025-11-19,Humedad,"ARIMA(1,1,1)",61.04,54.544206333586025
2025-11-20,Humedad,"ARIMA(1,1,1)",61.54,54.544206333586025
2025-11-21,Humedad,"ARIMA(1,1,1)",70.75,54.544206333586025
2025-11-22,Humedad,"ARIMA(1,1,1)",66.86,54.544206333586025
2025-11-23,Humedad,"ARIMA(1,1,1)",58.21,54.544206333586025
2025-11-24,Humedad,"ARIMA(1,1,1)",53.68,54.544206333586025
2025-11-25,Humedad,"ARIMA(1,1,1)",52.91,54.544206333586025
2025-11-26,Humedad,"ARIMA(1,1,1)",53.38,54.544206333586025
2025-11-27,Humedad,"ARIMA(1,1,1)",52.34,54.544206333586025
2025-11-28,Humedad,"ARIMA(1,1,1)",54.82,54.544206333586025
2025-11-29,Humedad,"ARIMA(1,1,1)",80.88,54.544206333586025
2025-11-30,Humedad,"ARIMA(1,1,1)",84.09,54.544206333586025
2025-12-01,Humedad,"ARIMA(1,1,1)",71.49,54.544206333586025
2025-12-02,Humedad,"ARIMA(1,1,1)",60.15,54.544206333586025
2025-12-03,Humedad,"ARIMA(1,1,1)",51.9,54.544206333586025
2025-12-04,Humedad,"ARIMA(1,1,1)",49.13,54.544206333586025
2025-12-05,Humedad,"ARIMA(1,1,1)",51.18,54.544206333586025
2025-12-06,Humedad,"ARIMA(1,1,1)",53.41,54.544206333586025
2025-12-07,Humedad,"ARIMA(1,1,1)",46.59,54.544206333586025
2025-12-08,Humedad,"ARIMA(1,1,1)",57.55,54.544206333586025
2025-12-09,Humedad,"ARIMA(1,1,1)",59.55,54.544206333586025
2025-12-10,Humedad,"ARIMA(1,1,1)",61.71,54.544206333586025
2025-12-11,Humedad,"ARIMA(1,1,1)",52.15,54.544206333586025
2025-12-12,Humedad,"ARIMA(1,1,1)",47.53,54.544206333586025
2025-12-13,Humedad,"ARIMA(1,1,1)",50.94,54.544206333586025
2025-12-14,Humedad,"ARIMA(1,1,1)",75.59,54.544206333586025
2025-12-15,Humedad,"ARIMA(1,1,1)",61.75,54.544206333586025
2025-12-16,Humedad,"ARIMA(1,1,1)",53.93,54.544206333586025
2025-12-17,Humedad,"ARIMA(1,1,1)",53.31,54.544206333586025
2025-12-18,Humedad,"ARIMA(1,1,1)",53.54,54.544206333586025
2025-12-19,Humedad,"ARIMA(1,1,1)",51.03,54.544206333586025
2025-12-20,Humedad,"ARIMA(1,1,1)",80.31,54.544206333586025
2025-12-21,Humedad,"ARIMA(1,1,1)",81.92,54.544206333586025
2025-12-22,Humedad,"ARIMA(1,1,1)",72.21,54.544206333586025
2025-12-23,Humedad,"ARIMA(1,1,1)",63.09,54.544206333586025
2025-12-24,Humedad,"ARIMA(1,1,1)",58.8,54.544206333586025
2025-12-25,Humedad,"ARIMA(1,1,1)",59.75,54.544206333586025
2025-12-26,Humedad,"ARIMA(1,1,1)",43.9,54.544206333586025
2025-12-27,Humedad,"ARIMA(1,1,1)",54.23,54.544206333586025
2025-12-28,Humedad,"ARIMA(1,1,1)",50.73,54.544206333586025
2025-12-29,Humedad,"ARIMA(1,1,1)",48.66,54.544206333586025
2025-12-30,Humedad,"ARIMA(1,1,1)",51.49,54.544206333586025
2025-12-31,Humedad,"ARIMA(1,1,1)",47.43,54.544206333586025
2025-01-01,Humedad,Suavizado exponencial,49.41,48.3401336642669
2025-01-02,Humedad,Suavizado exponencial,36.97,48.3401336642669
2025-01-03,Humedad,Suavizado exponencial,36.67,48.3401336642669
2025-01-04,Humedad,Suavizado exponencial,37.18,48.3401336642669
2025-01-05,Humedad,Suavizado exponencial,38.95,48.3401336642669
2025-01-06,Humedad,Suavizado exponencial,41.42,48.3401336642669
2025-01-07,Humedad,Suavizado exponencial,37.13,48.3401336642669
2025-01-08,Humedad,Suavizado exponencial,35.86,48.3401336642669
2025-01-09,Humedad,Suavizado exponencial,31.18,48.3401336642669
2025-01-10,Humedad,Suavizado exponencial,30.8,48.3401336642669
2025-01-11,Humedad,Suavizado exponencial,36.28,48.3401336642669
2025-01-12,Humedad,Suavizado exponencial,37.36,48.3401336642669
2025-01-13,Humedad,Suavizado exponencial,31.5,48.3401336642669
2025-01-14,Humedad,Suavizado exponencial,30.9,48.3401336642669
2025-01-15,Humedad,Suavizado exponencial,30.09,48.3401336642669
2025-01-16,Humedad,Suavizado exponencial,31.77,48.3401336642669
2025-01-17,Humedad,Suavizado exponencial,42.27,48.3401336642669
2025-01-18,Humedad,Suavizado exponencial,56.44,48.3401336642669
2025-01-19,Humedad,Suavizado exponencial,72.8,48.3401336642669
2025-01-20,Humedad,Suavizado exponencial,60.5,48.3401336642669
2025-01-21,Humedad,Suavizado exponencial,50.57,48.3401336642669
2025-01-22,Humedad,Suavizado exponencial,46.67,48.3401336642669
2025-01-23,Humedad,Suavizado exponencial,52.26,48.3401336642669
2025-01-24,Humedad,Suavizado exponencial,63.97,48.3401336642669
2025-01-25,Humedad,Suavizado exponencial,59.61,48.3401336642669
2025-01-26,Humedad,Suavizado exponencial,60.44,48.3401336642669
2025-01-27,Humedad,Suavizado exponencial,62.88,48.3401336642669
2025-01-28,Humedad,Suavizado exponencial,74.71,48.3401336642669
2025-01-29,Humedad,Suavizado exponencial,50.69,48.3401336642669
2025-01-30,Humedad,Suavizado exponencial,58.45,48.3401336642669
2025-01-31,Humedad,Suavizado exponencial,53.34,48.3401336642669
2025-02-01,Humedad,Suavizado exponencial,48.09,48.3401336642669
2025-02-02,Humedad,Suavizado exponencial,44.75,48.3401336642669
2025-02-03,Humedad,Suavizado exponencial,42.95,48.3401336642669
2025-02-04,Humedad,Suavizado exponencial,56.41,48.3401336642669
2025-02-05,Humedad,Suavizado exponencial,80.5,48.3401336642669
2025-02-06,Humedad,Suavizado exponencial,72.05,48.3401336642669
2025-02-07,Humedad,Suavizado exponencial,60.17,48.3401336642669
2025-02-08,Humedad,Suavizado exponencial,54.2,48.3401336642669
2025-02-09,Humedad,Suavizado exponencial,68.58,48.3401336642669
2025-02-10,Humedad,Suavizado exponencial,53.46,48.3401336642669
2025-02-11,Humedad,Suavizado exponencial,60.35,48.3401336642669
2025-02-12,Humedad,Suavizado exponencial,82.58,48.3401336642669
2025-02-13,Humedad,Suavizado exponencial,64.68,48.3401336642669
2025-02-14,Humedad,Suavizado exponencial,66.73,48.3401336642669
2025-02-15,Humedad,Suavizado exponencial,79.32,48.3401336642669
2025-02-16,Humedad,Suavizado exponencial,83.46,48.3401336642669
2025-02-17,Humedad,Suavizado exponencial,66.21,48.3401336642669
2025-02-18,Humedad,Suavizado exponencial,55.39,48.3401336642669
2025-02-19,Humedad,Suavizado exponencial,59.63,48.3401336642669
2025-02-20,Humedad,Suavizado exponencial,57.45,48.3401336642669
2025-02-21,Humedad,Suavizado exponencial,67.15,48.3401336642669
2025-02-22,Humedad,Suavizado exponencial,64.63,48.3401336642669
2025-02-23,Humedad,Suavizado exponencial,61.81,48.3401336642669
2025-02-24,Humedad,Suavizado exponencial,60.77,48.3401336642669
2025-02-25,Humedad,Suavizado exponencial,82.51,48.3401336642669
2025-02-26,Humedad,Suavizado exponencial,87.34,48.3401336642669
2025-02-27,Humedad,Suavizado exponencial,85.42,48.3401336642669
2025-02-28,Humedad,Suavizado exponencial,86.08,48.3401336642669
2025-03-01,Humedad,Suavizado exponencial,87.51,48.3401336642669
2025-03-02,Humedad,Suavizado exponencial,92.8,48.3401336642669
2025-03-03,Humedad,Suavizado exponencial,90.93,48.3401336642669
2025-03-04,Humedad,Suavizado exponencial,82.1,48.3401336642669
2025-03-05,Humedad,Suavizado exponencial,77.11,48.3401336642669
2025-03-06,Humedad,Suavizado exponencial,78.2,48.3401336642669
2025-03-07,Humedad,Suavizado exponencial,73.32,48.3401336642669
2025-03-08,Humedad,Suavizado exponencial,82.54,48.3401336642669
2025-03-09,Humedad,Suavizado exponencial,74.66,48.3401336642669
2025-03-10,Humedad,Suavizado exponencial,72.69,48.3401336642669
2025-03-11,Humedad,Suavizado exponencial,73.83,48.3401336642669
2025-03-12,Humedad,Suavizado exponencial,83.65,48.3401336642669
2025-03-13,Humedad,Suavizado exponencial,75.7,48.3401336642669
2025-03-14,Humedad,Suavizado exponencial,69.88,48.3401336642669
2025-03-15,Humedad,Suavizado exponencial,72.21,48.3401336642669
2025-03-16,Humedad,Suavizado exponencial,77.72,48.3401336642669
2025-03-17,Humedad,Suavizado exponencial,77.62,48.3401336642669
2025-03-18,Humedad,Suavizado exponencial,72.87,48.3401336642669
2025-03-19,Humedad,Suavizado exponencial,68.75,48.3401336642669
2025-03-20,Humedad,Suavizado exponencial,61.79,48.3401336642669
2025-03-21,Humedad,Suavizado exponencial,63.51,48.3401336642669
2025-03-22,Humedad,Suavizado exponencial,70.49,48.3401336642669
2025-03-23,Humedad,Suavizado exponencial,81.99,48.3401336642669
2025-03-24,Humedad,Suavizado exponencial,84.44,48.3401336642669
2025-03-25,Humedad,Suavizado exponencial,83.66,48.3401336642669
2025-03-26,Humedad,Suavizado exponencial,79.46,48.3401336642669
2025-03-27,Humedad,Suavizado exponencial,82.67,48.3401336642669
2025-03-28,Humedad,Suavizado exponencial,85.13,48.3401336642669
2025-03-29,Humedad,Suavizado exponencial,74.76,48.3401336642669
2025-03-30,Humedad,Suavizado exponencial,76.95,48.3401336642669
2025-03-31,Humedad,Suavizado exponencial,71.12,48.3401336642669
2025-04-01,Humedad,Suavizado exponencial,74.04,48.3401336642669
2025-04-02,Humedad,Suavizado exponencial,64.27,48.3401336642669
2025-04-03,Humedad,Suavizado exponencial,58.45,48.3401336642669
2025-04-04,Humedad,Suavizado exponencial,65.27,48.3401336642669
2025-04-05,Humedad,Suavizado exponencial,69.95,48.3401336642669
2025-04-06,Humedad,Suavizado exponencial,78.39,48.3401336642669
2025-04-07,Humedad,Suavizado exponencial,93.14,48.3401336642669
2025-04-08,Humedad,Suavizado exponencial,86.07,48.3401336642669
2025-04-09,Humedad,Suavizado exponencial,87.08,48.3401336642669
2025-04-10,Humedad,Suavizado exponencial,86.49,48.3401336642669
2025-04-11,Humedad,Suavizado exponencial,81.76,48.3401336642669
2025-04-12,Humedad,Suavizado exponencial,80.28,48.3401336642669
2025-04-13,Humedad,Suavizado exponencial,67.01,48.3401336642669
2025-04-14,Humedad,Suavizado exponencial,72.73,48.3401336642669
2025-04-15,Humedad,Suavizado exponencial,78.94,48.3401336642669
2025-04-16,Humedad,Suavizado exponencial,80.83,48.3401336642669
2025-04-17,Humedad,Suavizado exponencial,79.95,48.3401336642669
2025-04-18,Humedad,Suavizado exponencial,81.82,48.3401336642669
2025-04-19,Humedad,Suavizado exponencial,69.84,48.3401336642669
2025-04-20,Humedad,Suavizado exponencial,83.45,48.3401336642669
2025-04-21,Humedad,Suavizado exponencial,75.52,48.3401336642669
2025-04-22,Humedad,Suavizado exponencial,74.49,48.3401336642669
2025-04-23,Humedad,Suavizado exponencial,76.25,48.3401336642669
2025-04-24,Humedad,Suavizado exponencial,83.32,48.3401336642669
2025-04-25,Humedad,Suavizado exponencial,81.56,48.3401336642669
2025-04-26,Humedad,Suavizado exponencial,63.52,48.3401336642669
2025-04-27,Humedad,Suavizado exponencial,63.2,48.3401336642669
2025-04-28,Humedad,Suavizado exponencial,64.96,48.3401336642669
2025-04-29,Humedad,Suavizado exponencial,68.31,48.3401336642669
2025-04-30,Humedad,Suavizado exponencial,69.47,48.3401336642669
2025-05-01,Humedad,Suavizado exponencial,68.7,48.3401336642669
2025-05-02,Humedad,Suavizado exponencial,70.01,48.3401336642669
2025-05-03,Humedad,Suavizado exponencial,76.72,48.3401336642669
2025-05-04,Humedad,Suavizado exponencial,77.67,48.3401336642669
2025-05-05,Humedad,Suavizado exponencial,87.99,48.3401336642669
2025-05-06,Humedad,Suavizado exponencial,85.75,48.3401336642669
2025-05-07,Humedad,Suavizado exponencial,81.09,48.3401336642669
2025-05-08,Humedad,Suavizado exponencial,82.05,48.3401336642669
2025-05-09,Humedad,Suavizado exponencial,73.54,48.3401336642669
2025-05-10,Humedad,Suavizado exponencial,69.1,48.3401336642669
2025-05-11,Humedad,Suavizado exponencial,75.05,48.3401336642669
2025-05-12,Humedad,Suavizado exponencial,73.52,48.3401336642669
2025-05-13,Humedad,Suavizado exponencial,77.14,48.3401336642669
2025-05-14,Humedad,Suavizado exponencial,79.1,48.3401336642669
2025-05-15,Humedad,Suavizado exponencial,82.79,48.3401336642669
2025-05-16,Humedad,Suavizado exponencial,87.49,48.3401336642669
2025-05-17,Humedad,Suavizado exponencial,81.53,48.3401336642669
2025-05-18,Humedad,Suavizado exponencial,67.31,48.3401336642669
2025-05-19,Humedad,Suavizado exponencial,78.67,48.3401336642669
2025-05-20,Humedad,Suavizado exponencial,67.87,48.3401336642669
2025-05-21,Humedad,Suavizado exponencial,73.37,48.3401336642669
2025-05-22,Humedad,Suavizado exponencial,80.02,48.3401336642669
2025-05-23,Humedad,Suavizado exponencial,77.51,48.3401336642669
2025-05-24,Humedad,Suavizado exponencial,84.34,48.3401336642669
2025-05-25,Humedad,Suavizado exponencial,90.37,48.3401336642669
2025-05-26,Humedad,Suavizado exponencial,92.42,48.3401336642669
2025-05-27,Humedad,Suavizado exponencial,78.82,48.3401336642669
2025-05-28,Humedad,Suavizado exponencial,71.67,48.3401336642669
2025-05-29,Humedad,Suavizado exponencial,67.18,48.3401336642669
2025-05-30,Humedad,Suavizado exponencial,73.19,48.3401336642669
2025-05-31,Humedad,Suavizado exponencial,72.16,48.3401336642669
2025-06-01,Humedad,Suavizado exponencial,69.32,48.3401336642669
2025-06-02,Humedad,Suavizado exponencial,85.99,48.3401336642669
2025-06-03,Humedad,Suavizado exponencial,90.71,48.3401336642669
2025-06-04,Humedad,Suavizado exponencial,88.55,48.3401336642669
2025-06-05,Humedad,Suavizado exponencial,72.01,48.3401336642669
2025-06-06,Humedad,Suavizado exponencial,78.24,48.3401336642669
2025-06-07,Humedad,Suavizado exponencial,85.56,48.3401336642669
2025-06-08,Humedad,Suavizado exponencial,85.55,48.3401336642669
2025-06-09,Humedad,Suavizado exponencial,87.44,48.3401336642669
2025-06-10,Humedad,Suavizado exponencial,83.47,48.3401336642669
2025-06-11,Humedad,Suavizado exponencial,79.79,48.3401336642669
2025-06-12,Humedad,Suavizado exponencial,79.02,48.3401336642669
2025-06-13,Humedad,Suavizado exponencial,89.21,48.3401336642669
2025-06-14,Humedad,Suavizado exponencial,87.33,48.3401336642669
2025-06-15,Humedad,Suavizado exponencial,78.43,48.3401336642669
2025-06-16,Humedad,Suavizado exponencial,89.65,48.3401336642669
2025-06-17,Humedad,Suavizado exponencial,89.42,48.3401336642669
2025-06-18,Humedad,Suavizado exponencial,82.73,48.3401336642669
2025-06-19,Humedad,Suavizado exponencial,76.7,48.3401336642669
2025-06-20,Humedad,Suavizado exponencial,76.75,48.3401336642669
2025-06-21,Humedad,Suavizado exponencial,87.16,48.3401336642669
2025-06-22,Humedad,Suavizado exponencial,77.61,48.3401336642669
2025-06-23,Humedad,Suavizado exponencial,64.78,48.3401336642669
2025-06-24,Humedad,Suavizado exponencial,65.54,48.3401336642669
2025-06-25,Humedad,Suavizado exponencial,75.99,48.3401336642669
2025-06-26,Humedad,Suavizado exponencial,58.26,48.3401336642669
2025-06-27,Humedad,Suavizado exponencial,61.09,48.3401336642669
2025-06-28,Humedad,Suavizado exponencial,78.05,48.3401336642669
2025-06-29,Humedad,Suavizado exponencial,73.06,48.3401336642669
2025-06-30,Humedad,Suavizado exponencial,74.83,48.3401336642669
2025-07-01,Humedad,Suavizado exponencial,57.9,48.3401336642669
2025-07-02,Humedad,Suavizado exponencial,70.53,48.3401336642669
2025-07-03,Humedad,Suavizado exponencial,79.52,48.3401336642669
2025-07-04,Humedad,Suavizado exponencial,88.18,48.3401336642669
2025-07-05,Humedad,Suavizado exponencial,84.84,48.3401336642669
2025-07-06,Humedad,Suavizado exponencial,88.02,48.3401336642669
2025-07-07,Humedad,Suavizado exponencial,85.83,48.3401336642669
2025-07-08,Humedad,Suavizado exponencial,86.37,48.3401336642669
2025-07-09,Humedad,Suavizado exponencial,83.66,48.3401336642669
2025-07-10,Humedad,Suavizado exponencial,88.32,48.3401336642669
2025-07-11,Humedad,Suavizado exponencial,87.28,48.3401336642669
2025-07-12,Humedad,Suavizado exponencial,81.29,48.3401336642669
2025-07-13,Humedad,Suavizado exponencial,82.67,48.3401336642669
2025-07-14,Humedad,Suavizado exponencial,88.76,48.3401336642669
2025-07-15,Humedad,Suavizado exponencial,87.14,48.3401336642669
2025-07-16,Humedad,Suavizado exponencial,78.54,48.3401336642669
2025-07-17,Humedad,Suavizado exponencial,65.35,48.3401336642669
2025-07-18,Humedad,Suavizado exponencial,64.96,48.3401336642669
2025-07-19,Humedad,Suavizado exponencial,77.19,48.3401336642669
2025-07-20,Humedad,Suavizado exponencial,81.51,48.3401336642669
2025-07-21,Humedad,Suavizado exponencial,81.09,48.3401336642669
2025-07-22,Humedad,Suavizado exponencial,81.21,48.3401336642669
2025-07-23,Humedad,Suavizado exponencial,77.26,48.3401336642669
2025-07-24,Humedad,Suavizado exponencial,82.43,48.3401336642669
2025-07-25,Humedad,Suavizado exponencial,88.89,48.3401336642669
2025-07-26,Humedad,Suavizado exponencial,84.99,48.3401336642669
2025-07-27,Humedad,Suavizado exponencial,91.52,48.3401336642669
2025-07-28,Humedad,Suavizado exponencial,81.56,48.3401336642669
2025-07-29,Humedad,Suavizado exponencial,83.28,48.3401336642669
2025-07-30,Humedad,Suavizado exponencial,77.73,48.3401336642669
2025-07-31,Humedad,Suavizado exponencial,80.67,48.3401336642669
2025-08-01,Humedad,Suavizado exponencial,90.93,48.3401336642669
2025-08-02,Humedad,Suavizado exponencial,81.74,48.3401336642669
2025-08-03,Humedad,Suavizado exponencial,67.45,48.3401336642669
2025-08-04,Humedad,Suavizado exponencial,63.89,48.3401336642669
2025-08-05,Humedad,Suavizado exponencial,72.43,48.3401336642669
2025-08-06,Humedad,Suavizado exponencial,71.09,48.3401336642669
2025-08-07,Humedad,Suavizado exponencial,76.75,48.3401336642669
2025-08-08,Humedad,Suavizado exponencial,76.87,48.3401336642669
2025-08-09,Humedad,Suavizado exponencial,70.83,48.3401336642669
2025-08-10,Humedad,Suavizado exponencial,71.7,48.3401336642669
2025-08-11,Humedad,Suavizado exponencial,74.01,48.3401336642669
2025-08-12,Humedad,Suavizado exponencial,72.95,48.3401336642669
2025-08-13,Humedad,Suavizado exponencial,77.98,48.3401336642669
2025-08-14,Humedad,Suavizado exponencial,79.89,48.3401336642669
2025-08-15,Humedad,Suavizado exponencial,76.84,48.3401336642669
2025-08-16,Humedad,Suavizado exponencial,82.51,48.3401336642669
2025-08-17,Humedad,Suavizado exponencial,83.34,48.3401336642669
2025-08-18,Humedad,Suavizado exponencial,87.71,48.3401336642669
2025-08-19,Humedad,Suavizado exponencial,95.63,48.3401336642669
2025-08-20,Humedad,Suavizado exponencial,74.09,48.3401336642669
2025-08-21,Humedad,Suavizado exponencial,74.35,48.3401336642669
2025-08-22,Humedad,Suavizado exponencial,73.27,48.3401336642669
2025-08-23,Humedad,Suavizado exponencial,61.66,48.3401336642669
2025-08-24,Humedad,Suavizado exponencial,60.51,48.3401336642669
2025-08-25,Humedad,Suavizado exponencial,72.38,48.3401336642669
2025-08-26,Humedad,Suavizado exponencial,76.14,48.3401336642669
2025-08-27,Humedad,Suavizado exponencial,77.34,48.3401336642669
2025-08-28,Humedad,Suavizado exponencial,79.22,48.3401336642669
2025-08-29,Humedad,Suavizado exponencial,80.97,48.3401336642669
2025-08-30,Humedad,Suavizado exponencial,89.61,48.3401336642669
2025-08-31,Humedad,Suavizado exponencial,88.04,48.3401336642669
2025-09-01,Humedad,Suavizado exponencial,74.29,48.3401336642669
2025-09-02,Humedad,Suavizado exponencial,76.52,48.3401336642669
2025-09-03,Humedad,Suavizado exponencial,76.01,48.3401336642669
2025-09-04,Humedad,Suavizado exponencial,63.67,48.3401336642669
2025-09-05,Humedad,Suavizado exponencial,61.38,48.3401336642669
2025-09-06,Humedad,Suavizado exponencial,63.88,48.3401336642669
2025-09-07,Humedad,Suavizado exponencial,71.75,48.3401336642669
2025-09-08,Humedad,Suavizado exponencial,76.61,48.3401336642669
2025-09-09,Humedad,Suavizado exponencial,73.2,48.3401336642669
2025-09-10,Humedad,Suavizado exponencial,77.25,48.3401336642669
2025-09-11,Humedad,Suavizado exponencial,66.38,48.3401336642669
2025-09-12,Humedad,Suavizado exponencial,69.49,48.3401336642669
2025-09-13,Humedad,Suavizado exponencial,73.36,48.3401336642669
2025-09-14,Humedad,Suavizado exponencial,76.12,48.3401336642669
2025-09-15,Humedad,Suavizado exponencial,85.14,48.3401336642669
2025-09-16,Humedad,Suavizado exponencial,79.77,48.3401336642669
2025-09-17,Humedad,Suavizado exponencial,77.67,48.3401336642669
2025-09-18,Humedad,Suavizado exponencial,87.52,48.3401336642669
2025-09-19,Humedad,Suavizado exponencial,87.73,48.3401336642669
2025-09-20,Humedad,Suavizado exponencial,91.14,48.3401336642669
2025-09-21,Humedad,Suavizado exponencial,73.86,48.3401336642669
2025-09-22,Humedad,Suavizado exponencial,68.27,48.3401336642669
2025-09-23,Humedad,Suavizado exponencial,61.15,48.3401336642669
2025-09-24,Humedad,Suavizado exponencial,74.68,48.3401336642669
2025-09-25,Humedad,Suavizado exponencial,68.52,48.3401336642669
2025-09-26,Humedad,Suavizado exponencial,69.87,48.3401336642669
2025-09-27,Humedad,Suavizado exponencial,76.35,48.3401336642669
2025-09-28,Humedad,Suavizado exponencial,67.06,48.3401336642669
2025-09-29,Humedad,Suavizado exponencial,67.15,48.3401336642669
2025-09-30,Humedad,Suavizado exponencial,68.25,48.3401336642669
2025-10-01,Humedad,Suavizado exponencial,68.38,48.3401336642669
2025-10-02,Humedad,Suavizado exponencial,69.46,48.3401336642669
2025-10-03,Humedad,Suavizado exponencial,75.52,48.3401336642669
2025-10-04,Humedad,Suavizado exponencial,75.85,48.3401336642669
2025-10-05,Humedad,Suavizado exponencial,72.12,48.3401336642669
2025-10-06,Humedad,Suavizado exponencial,63.62,48.3401336642669
2025-10-07,Humedad,Suavizado exponencial,54.99,48.3401336642669
2025-10-08,Humedad,Suavizado exponencial,62.54,48.3401336642669
2025-10-09,Humedad,Suavizado exponencial,62.06,48.3401336642669
2025-10-10,Humedad,Suavizado exponencial,62.56,48.3401336642669
2025-10-11,Humedad,Suavizado exponencial,67.66,48.3401336642669
2025-10-12,Humedad,Suavizado exponencial,62.04,48.3401336642669
2025-10-13,Humedad,Suavizado exponencial,53.6,48.3401336642669
2025-10-14,Humedad,Suavizado exponencial,52.63,48.3401336642669
2025-10-15,Humedad,Suavizado exponencial,58.29,48.3401336642669
2025-10-16,Humedad,Suavizado exponencial,63.0,48.3401336642669
2025-10-17,Humedad,Suavizado exponencial,75.27,48.3401336642669
2025-10-18,Humedad,Suavizado exponencial,60.19,48.3401336642669
2025-10-19,Humedad,Suavizado exponencial,48.83,48.3401336642669
2025-10-20,Humedad,Suavizado exponencial,51.6,48.3401336642669
2025-10-21,Humedad,Suavizado exponencial,57.45,48.3401336642669
2025-10-22,Humedad,Suavizado exponencial,66.23,48.3401336642669
2025-10-23,Humedad,Suavizado exponencial,58.88,48.3401336642669
2025-10-24,Humedad,Suavizado exponencial,77.38,48.3401336642669
2025-10-25,Humedad,Suavizado exponencial,61.54,48.3401336642669
2025-10-26,Humedad,Suavizado exponencial,52.26,48.3401336642669
2025-10-27,Humedad,Suavizado exponencial,61.34,48.3401336642669
2025-10-28,Humedad,Suavizado exponencial,66.02,48.3401336642669
2025-10-29,Humedad,Suavizado exponencial,60.42,48.3401336642669
2025-10-30,Humedad,Suavizado exponencial,65.17,48.3401336642669
2025-10-31,Humedad,Suavizado exponencial,58.4,48.3401336642669
2025-11-01,Humedad,Suavizado exponencial,59.32,48.3401336642669
2025-11-02,Humedad,Suavizado exponencial,61.88,48.3401336642669
2025-11-03,Humedad,Suavizado exponencial,58.63,48.3401336642669
2025-11-04,Humedad,Suavizado exponencial,73.84,48.3401336642669
2025-11-05,Humedad,Suavizado exponencial,64.35,48.3401336642669
2025-11-06,Humedad,Suavizado exponencial,55.28,48.3401336642669
2025-11-07,Humedad,Suavizado exponencial,79.08,48.3401336642669
2025-11-08,Humedad,Suavizado exponencial,72.76,48.3401336642669
2025-11-09,Humedad,Suavizado exponencial,65.32,48.3401336642669
2025-11-10,Humedad,Suavizado exponencial,61.94,48.3401336642669
2025-11-11,Humedad,Suavizado exponencial,67.5,48.3401336642669
2025-11-12,Humedad,Suavizado exponencial,59.07,48.3401336642669
2025-11-13,Humedad,Suavizado exponencial,50.68,48.3401336642669
2025-11-14,Humedad,Suavizado exponencial,55.16,48.3401336642669
2025-11-15,Humedad,Suavizado exponencial,57.07,48.3401336642669
2025-11-16,Humedad,Suavizado exponencial,70.19,48.3401336642669
2025-11-17,Humedad,Suavizado exponencial,57.65,48.3401336642669
2025-11-18,Humedad,Suavizado exponencial,57.85,48.3401336642669
2025-11-19,Humedad,Suavizado exponencial,61.04,48.3401336642669
2025-11-20,Humedad,Suavizado exponencial,61.54,48.3401336642669
2025-11-21,Humedad,Suavizado exponencial,70.75,48.3401336642669
2025-11-22,Humedad,Suavizado exponencial,66.86,48.3401336642669
2025-11-23,Humedad,Suavizado exponencial,58.21,48.3401336642669
2025-11-24,Humedad,Suavizado exponencial,53.68,48.3401336642669
2025-11-25,Humedad,Suavizado exponencial,52.91,48.3401336642669
2025-11-26,Humedad,Suavizado exponencial,53.38,48.3401336642669
2025-11-27,Humedad,Suavizado exponencial,52.34,48.3401336642669
2025-11-28,Humedad,Suavizado exponencial,54.82,48.3401336642669
2025-11-29,Humedad,Suavizado exponencial,80.88,48.3401336642669
2025-11-30,Humedad,Suavizado exponencial,84.09,48.3401336642669
2025-12-01,Humedad,Suavizado exponencial,71.49,48.3401336642669
2025-12-02,Humedad,Suavizado exponencial,60.15,48.3401336642669
2025-12-03,Humedad,Suavizado exponencial,51.9,48.3401336642669
2025-12-04,Humedad,Suavizado exponencial,49.13,48.3401336642669
2025-12-05,Humedad,Suavizado exponencial,51.18,48.3401336642669
2025-12-06,Humedad,Suavizado exponencial,53.41,48.3401336642669
2025-12-07,Humedad,Suavizado exponencial,46.59,48.3401336642669
2025-12-08,Humedad,Suavizado exponencial,57.55,48.3401336642669
2025-12-09,Humedad,Suavizado exponencial,59.55,48.3401336642669
2025-12-10,Humedad,Suavizado exponencial,61.71,48.3401336642669
2025-12-11,Humedad,Suavizado exponencial,52.15,48.3401336642669
2025-12-12,Humedad,Suavizado exponencial,47.53,48.3401336642669
2025-12-13,Humedad,Suavizado exponencial,50.94,48.3401336642669
2025-12-14,Humedad,Suavizado exponencial,75.59,48.3401336642669
2025-12-15,Humedad,Suavizado exponencial,61.75,48.3401336642669
2025-12-16,Humedad,Suavizado exponencial,53.93,48.3401336642669
2025-12-17,Humedad,Suavizado exponencial,53.31,48.3401336642669
2025-12-18,Humedad,Suavizado exponencial,53.54,48.3401336642669
2025-12-19,Humedad,Suavizado exponencial,51.03,48.3401336642669
2025-12-20,Humedad,Suavizado exponencial,80.31,48.3401336642669
2025-12-21,Humedad,Suavizado exponencial,81.92,48.3401336642669
2025-12-22,Humedad,Suavizado exponencial,72.21,48.3401336642669
2025-12-23,Humedad,Suavizado exponencial,63.09,48.3401336642669
2025-12-24,Humedad,Suavizado exponencial,58.8,48.3401336642669
2025-12-25,Humedad,Suavizado exponencial,59.75,48.3401336642669
2025-12-26,Humedad,Suavizado exponencial,43.9,48.3401336642669
2025-12-27,Humedad,Suavizado exponencial,54.23,48.3401336642669
2025-12-28,Humedad,Suavizado exponencial,50.73,48.3401336642669
2025-12-29,Humedad,Suavizado exponencial,48.66,48.3401336642669
2025-12-30,Humedad,Suavizado exponencial,51.49,48.3401336642669
2025-12-31,Humedad,Suavizado exponencial,47.43,48.3401336642669
2025-01-01,Precipitación,SARIMA punto 5,0.07,1.8859820360480348
2025-01-02,Precipitación,SARIMA punto 5,0.0,2.2759052769899073
2025-01-03,Precipitación,SARIMA punto 5,0.0,2.4741188329752872
2025-01-04,Precipitación,SARIMA punto 5,0.0,2.574878699664604
2025-01-05,Precipitación,SARIMA punto 5,0.0,2.6260989640142216
2025-01-06,Precipitación,SARIMA punto 5,0.0,2.6521362699996898
2025-01-07,Precipitación,SARIMA punto 5,0.0,2.665372072500696
2025-01-08,Precipitación,SARIMA punto 5,0.0,2.6721003595186934
2025-01-09,Precipitación,SARIMA punto 5,0.0,2.6755206165218564
2025-01-10,Precipitación,SARIMA punto 5,0.0,2.677259269753563
2025-01-11,Precipitación,SARIMA punto 5,0.0,2.678143096628949
2025-01-12,Precipitación,SARIMA punto 5,0.0,2.678592381127668
2025-01-13,Precipitación,SARIMA punto 5,0.0,2.6788207703817304
2025-01-14,Precipitación,SARIMA punto 5,0.0,2.678936869760898
2025-01-15,Precipitación,SARIMA punto 5,0.0,2.6789958877120648
2025-01-16,Precipitación,SARIMA punto 5,0.04,2.6790258888936807
2025-01-17,Precipitación,SARIMA punto 5,1.56,2.6790411396924725
2025-01-18,Precipitación,SARIMA punto 5,4.02,2.6790488922825793
2025-01-19,Precipitación,SARIMA punto 5,7.67,2.679052833233751
2025-01-20,Precipitación,SARIMA punto 5,0.07,2.679054836576624
2025-01-21,Precipitación,SARIMA punto 5,0.0,2.6790558549558146
2025-01-22,Precipitación,SARIMA punto 5,0.0,2.679056372638629
2025-01-23,Precipitación,SARIMA punto 5,0.31,2.6790566357974788
2025-01-24,Precipitación,SARIMA punto 5,19.54,2.679056769571632
2025-01-25,Precipitación,SARIMA punto 5,0.91,2.679056837574376
2025-01-26,Precipitación,SARIMA punto 5,2.22,2.679056872142887
2025-01-27,Precipitación,SARIMA punto 5,1.5,2.679056889715442
2025-01-28,Precipitación,SARIMA punto 5,3.21,2.6790568986482732
2025-01-29,Precipitación,SARIMA punto 5,0.0,2.6790569031891884
2025-01-30,Precipitación,SARIMA punto 5,0.0,2.679056905497517
2025-01-31,Precipitación,SARIMA punto 5,0.0,2.679056906670932
2025-02-01,Precipitación,SARIMA punto 5,0.0,2.679056907267426
2025-02-02,Precipitación,SARIMA punto 5,0.0,2.679056907570648
2025-02-03,Precipitación,SARIMA punto 5,0.0,2.679056907724788
2025-02-04,Precipitación,SARIMA punto 5,9.34,2.679056907803143
2025-02-05,Precipitación,SARIMA punto 5,65.53,2.6790569078429742
2025-02-06,Precipitación,SARIMA punto 5,1.23,2.679056907863222
2025-02-07,Precipitación,SARIMA punto 5,0.0,2.6790569078735147
2025-02-08,Precipitación,SARIMA punto 5,0.0,2.679056907878747
2025-02-09,Precipitación,SARIMA punto 5,0.91,2.6790569078814066
2025-02-10,Precipitación,SARIMA punto 5,0.0,2.6790569078827584
2025-02-11,Precipitación,SARIMA punto 5,5.81,2.679056907883446
2025-02-12,Precipitación,SARIMA punto 5,23.81,2.6790569078837954
2025-02-13,Precipitación,SARIMA punto 5,0.0,2.679056907883973
2025-02-14,Precipitación,SARIMA punto 5,0.09,2.679056907884063
2025-02-15,Precipitación,SARIMA punto 5,13.16,2.6790569078841093
2025-02-16,Precipitación,SARIMA punto 5,15.91,2.6790569078841324
2025-02-17,Precipitación,SARIMA punto 5,0.02,2.6790569078841444
2025-02-18,Precipitación,SARIMA punto 5,0.0,2.67905690788415
2025-02-19,Precipitación,SARIMA punto 5,0.0,2.6790569078841533
2025-02-20,Precipitación,SARIMA punto 5,0.0,2.6790569078841546
2025-02-21,Precipitación,SARIMA punto 5,2.13,2.6790569078841555
2025-02-22,Precipitación,SARIMA punto 5,1.09,2.6790569078841564
2025-02-23,Precipitación,SARIMA punto 5,1.87,2.6790569078841564
2025-02-24,Precipitación,SARIMA punto 5,37.34,2.6790569078841564
2025-02-25,Precipitación,SARIMA punto 5,36.0,2.6790569078841564
2025-02-26,Precipitación,SARIMA punto 5,4.94,2.6790569078841564
2025-02-27,Precipitación,SARIMA punto 5,3.81,2.6790569078841564
2025-02-28,Precipitación,SARIMA punto 5,22.68,2.6790569078841564
2025-03-01,Precipitación,SARIMA punto 5,7.25,2.6790569078841564
2025-03-02,Precipitación,SARIMA punto 5,2.59,2.6790569078841564
2025-03-03,Precipitación,SARIMA punto 5,20.81,2.6790569078841564
2025-03-04,Precipitación,SARIMA punto 5,0.17,2.6790569078841564
2025-03-05,Precipitación,SARIMA punto 5,0.06,2.6790569078841564
2025-03-06,Precipitación,SARIMA punto 5,0.2,2.6790569078841564
2025-03-07,Precipitación,SARIMA punto 5,1.77,2.6790569078841564
2025-03-08,Precipitación,SARIMA punto 5,29.78,2.6790569078841564
2025-03-09,Precipitación,SARIMA punto 5,0.17,2.6790569078841564
2025-03-10,Precipitación,SARIMA punto 5,0.0,2.6790569078841564
2025-03-11,Precipitación,SARIMA punto 5,1.05,2.6790569078841564
2025-03-12,Precipitación,SARIMA punto 5,3.4,2.6790569078841564
2025-03-13,Precipitación,SARIMA punto 5,0.0,2.6790569078841564
2025-03-14,Precipitación,SARIMA punto 5,0.0,2.6790569078841564
2025-03-15,Precipitación,SARIMA punto 5,0.01,2.6790569078841564
2025-03-16,Precipitación,SARIMA punto 5,0.96,2.6790569078841564
2025-03-17,Precipitación,SARIMA punto 5,0.27,2.6790569078841564
2025-03-18,Precipitación,SARIMA punto 5,0.0,2.6790569078841564
2025-03-19,Precipitación,SARIMA punto 5,0.0,2.6790569078841564
2025-03-20,Precipitación,SARIMA punto 5,0.0,2.6790569078841564
2025-03-21,Precipitación,SARIMA punto 5,0.83,2.6790569078841564
2025-03-22,Precipitación,SARIMA punto 5,0.52,2.6790569078841564
2025-03-23,Precipitación,SARIMA punto 5,13.52,2.6790569078841564
2025-03-24,Precipitación,SARIMA punto 5,4.27,2.6790569078841564
2025-03-25,Precipitación,SARIMA punto 5,3.38,2.6790569078841564
2025-03-26,Precipitación,SARIMA punto 5,0.48,2.6790569078841564
2025-03-27,Precipitación,SARIMA punto 5,13.68,2.6790569078841564
2025-03-28,Precipitación,SARIMA punto 5,16.88,2.6790569078841564
2025-03-29,Precipitación,SARIMA punto 5,0.0,2.6790569078841564
2025-03-30,Precipitación,SARIMA punto 5,3.13,2.6790569078841564
2025-03-31,Precipitación,SARIMA punto 5,2.2,2.6790569078841564
2025-04-01,Precipitación,SARIMA punto 5,0.12,2.6790569078841564
2025-04-02,Precipitación,SARIMA punto 5,0.0,2.6790569078841564
2025-04-03,Precipitación,SARIMA punto 5,0.0,2.6790569078841564
2025-04-04,Precipitación,SARIMA punto 5,0.0,2.6790569078841564
2025-04-05,Precipitación,SARIMA punto 5,0.0,2.6790569078841564
2025-04-06,Precipitación,SARIMA punto 5,4.36,2.6790569078841564
2025-04-07,Precipitación,SARIMA punto 5,38.63,2.6790569078841564
2025-04-08,Precipitación,SARIMA punto 5,2.11,2.6790569078841564
2025-04-09,Precipitación,SARIMA punto 5,0.32,2.6790569078841564
2025-04-10,Precipitación,SARIMA punto 5,0.16,2.6790569078841564
2025-04-11,Precipitación,SARIMA punto 5,0.78,2.6790569078841564
2025-04-12,Precipitación,SARIMA punto 5,0.46,2.6790569078841564
2025-04-13,Precipitación,SARIMA punto 5,0.0,2.6790569078841564
2025-04-14,Precipitación,SARIMA punto 5,0.09,2.6790569078841564
2025-04-15,Precipitación,SARIMA punto 5,0.35,2.6790569078841564
2025-04-16,Precipitación,SARIMA punto 5,1.49,2.6790569078841564
2025-04-17,Precipitación,SARIMA punto 5,2.19,2.6790569078841564
2025-04-18,Precipitación,SARIMA punto 5,0.62,2.6790569078841564
2025-04-19,Precipitación,SARIMA punto 5,0.0,2.6790569078841564
2025-04-20,Precipitación,SARIMA punto 5,3.8,2.6790569078841564
2025-04-21,Precipitación,SARIMA punto 5,0.02,2.6790569078841564
2025-04-22,Precipitación,SARIMA punto 5,0.0,2.6790569078841564
2025-04-23,Precipitación,SARIMA punto 5,0.03,2.6790569078841564
2025-04-24,Precipitación,SARIMA punto 5,5.75,2.6790569078841564
2025-04-25,Precipitación,SARIMA punto 5,0.32,2.6790569078841564
2025-04-26,Precipitación,SARIMA punto 5,1.04,2.6790569078841564
2025-04-27,Precipitación,SARIMA punto 5,0.02,2.6790569078841564
2025-04-28,Precipitación,SARIMA punto 5,0.0,2.6790569078841564
2025-04-29,Precipitación,SARIMA punto 5,0.0,2.6790569078841564
2025-04-30,Precipitación,SARIMA punto 5,0.0,2.6790569078841564
2025-05-01,Precipitación,SARIMA punto 5,0.0,2.6790569078841564
2025-05-02,Precipitación,SARIMA punto 5,0.0,2.6790569078841564
2025-05-03,Precipitación,SARIMA punto 5,0.0,2.6790569078841564
2025-05-04,Precipitación,SARIMA punto 5,2.82,2.6790569078841564
2025-05-05,Precipitación,SARIMA punto 5,3.98,2.6790569078841564
2025-05-06,Precipitación,SARIMA punto 5,3.03,2.6790569078841564
2025-05-07,Precipitación,SARIMA punto 5,1.61,2.6790569078841564
2025-05-08,Precipitación,SARIMA punto 5,0.25,2.6790569078841564
2025-05-09,Precipitación,SARIMA punto 5,0.0,2.6790569078841564
2025-05-10,Precipitación,SARIMA punto 5,0.0,2.6790569078841564
2025-05-11,Precipitación,SARIMA punto 5,0.0,2.6790569078841564
2025-05-12,Precipitación,SARIMA punto 5,0.0,2.6790569078841564
2025-05-13,Precipitación,SARIMA punto 5,0.0,2.6790569078841564
2025-05-14,Precipitación,SARIMA punto 5,0.02,2.6790569078841564
2025-05-15,Precipitación,SARIMA punto 5,3.46,2.6790569078841564
2025-05-16,Precipitación,SARIMA punto 5,6.29,2.6790569078841564
2025-05-17,Precipitación,SARIMA punto 5,65.97,2.6790569078841564
2025-05-18,Precipitación,SARIMA punto 5,19.79,2.6790569078841564
2025-05-19,Precipitación,SARIMA punto 5,0.56,2.6790569078841564
2025-05-20,Precipitación,SARIMA punto 5,0.01,2.6790569078841564
2025-05-21,Precipitación,SARIMA punto 5,0.0,2.6790569078841564
2025-05-22,Precipitación,SARIMA punto 5,0.0,2.6790569078841564
2025-05-23,Precipitación,SARIMA punto 5,0.06,2.6790569078841564
2025-05-24,Precipitación,SARIMA punto 5,0.47,2.6790569078841564
2025-05-25,Precipitación,SARIMA punto 5,2.57,2.6790569078841564
2025-05-26,Precipitación,SARIMA punto 5,1.7,2.6790569078841564
2025-05-27,Precipitación,SARIMA punto 5,4.63,2.6790569078841564
2025-05-28,Precipitación,SARIMA punto 5,0.08,2.6790569078841564
2025-05-29,Precipitación,SARIMA punto 5,0.0,2.6790569078841564
2025-05-30,Precipitación,SARIMA punto 5,0.0,2.6790569078841564
2025-05-31,Precipitación,SARIMA punto 5,0.0,2.6790569078841564
2025-06-01,Precipitación,SARIMA punto 5,0.0,2.6790569078841564
2025-06-02,Precipitación,SARIMA punto 5,66.91,2.6790569078841564
2025-06-03,Precipitación,SARIMA punto 5,0.0,2.6790569078841564
2025-06-04,Precipitación,SARIMA punto 5,0.0,2.6790569078841564
2025-06-05,Precipitación,SARIMA punto 5,0.01,2.6790569078841564
2025-06-06,Precipitación,SARIMA punto 5,0.0,2.6790569078841564
2025-06-07,Precipitación,SARIMA punto 5,0.26,2.6790569078841564
2025-06-08,Precipitación,SARIMA punto 5,0.02,2.6790569078841564
2025-06-09,Precipitación,SARIMA punto 5,0.0,2.6790569078841564
2025-06-10,Precipitación,SARIMA punto 5,0.0,2.6790569078841564
2025-06-11,Precipitación,SARIMA punto 5,0.0,2.6790569078841564
2025-06-12,Precipitación,SARIMA punto 5,0.0,2.6790569078841564
2025-06-13,Precipitación,SARIMA punto 5,3.88,2.6790569078841564
2025-06-14,Precipitación,SARIMA punto 5,5.48,2.6790569078841564
2025-06-15,Precipitación,SARIMA punto 5,0.0,2.6790569078841564
2025-06-16,Precipitación,SARIMA punto 5,0.01,2.6790569078841564
2025-06-17,Precipitación,SARIMA punto 5,0.0,2.6790569078841564
2025-06-18,Precipitación,SARIMA punto 5,36.91,2.6790569078841564
2025-06-19,Precipitación,SARIMA punto 5,29.86,2.6790569078841564
2025-06-20,Precipitación,SARIMA punto 5,0.0,2.6790569078841564
2025-06-21,Precipitación,SARIMA punto 5,0.0,2.6790569078841564
2025-06-22,Precipitación,SARIMA punto 5,0.02,2.6790569078841564
2025-06-23,Precipitación,SARIMA punto 5,0.0,2.6790569078841564
2025-06-24,Precipitación,SARIMA punto 5,0.0,2.6790569078841564
2025-06-25,Precipitación,SARIMA punto 5,0.0,2.6790569078841564
2025-06-26,Precipitación,SARIMA punto 5,0.0,2.6790569078841564
2025-06-27,Precipitación,SARIMA punto 5,0.0,2.6790569078841564
2025-06-28,Precipitación,SARIMA punto 5,0.0,2.6790569078841564
2025-06-29,Precipitación,SARIMA punto 5,0.0,2.6790569078841564
2025-06-30,Precipitación,SARIMA punto 5,0.0,2.6790569078841564
2025-07-01,Precipitación,SARIMA punto 5,0.0,2.6790569078841564
2025-07-02,Precipitación,SARIMA punto 5,0.0,2.6790569078841564
2025-07-03,Precipitación,SARIMA punto 5,0.0,2.6790569078841564
2025-07-04,Precipitación,SARIMA punto 5,0.0,2.6790569078841564
2025-07-05,Precipitación,SARIMA punto 5,0.0,2.6790569078841564
2025-07-06,Precipitación,SARIMA punto 5,0.01,2.6790569078841564
2025-07-07,Precipitación,SARIMA punto 5,0.17,2.6790569078841564
2025-07-08,Precipitación,SARIMA punto 5,0.0,2.6790569078841564
2025-07-09,Precipitación,SARIMA punto 5,0.01,2.6790569078841564
2025-07-10,Precipitación,SARIMA punto 5,1.42,2.6790569078841564
2025-07-11,Precipitación,SARIMA punto 5,2.72,2.6790569078841564
2025-07-12,Precipitación,SARIMA punto 5,0.61,2.6790569078841564
2025-07-13,Precipitación,SARIMA punto 5,0.0,2.6790569078841564
2025-07-14,Precipitación,SARIMA punto 5,0.0,2.6790569078841564
2025-07-15,Precipitación,SARIMA punto 5,0.38,2.6790569078841564
2025-07-16,Precipitación,SARIMA punto 5,24.65,2.6790569078841564
2025-07-17,Precipitación,SARIMA punto 5,0.0,2.6790569078841564
2025-07-18,Precipitación,SARIMA punto 5,0.0,2.6790569078841564
2025-07-19,Precipitación,SARIMA punto 5,0.0,2.6790569078841564
2025-07-20,Precipitación,SARIMA punto 5,0.0,2.6790569078841564
2025-07-21,Precipitación,SARIMA punto 5,0.0,2.6790569078841564
2025-07-22,Precipitación,SARIMA punto 5,0.09,2.6790569078841564
2025-07-23,Precipitación,SARIMA punto 5,6.67,2.6790569078841564
2025-07-24,Precipitación,SARIMA punto 5,2.57,2.6790569078841564
2025-07-25,Precipitación,SARIMA punto 5,0.06,2.6790569078841564
2025-07-26,Precipitación,SARIMA punto 5,15.76,2.6790569078841564
2025-07-27,Precipitación,SARIMA punto 5,12.21,2.6790569078841564
2025-07-28,Precipitación,SARIMA punto 5,1.98,2.6790569078841564
2025-07-29,Precipitación,SARIMA punto 5,0.0,2.6790569078841564
2025-07-30,Precipitación,SARIMA punto 5,0.0,2.6790569078841564
2025-07-31,Precipitación,SARIMA punto 5,0.19,2.6790569078841564
2025-08-01,Precipitación,SARIMA punto 5,2.55,2.6790569078841564
2025-08-02,Precipitación,SARIMA punto 5,0.22,2.6790569078841564
2025-08-03,Precipitación,SARIMA punto 5,0.0,2.6790569078841564
2025-08-04,Precipitación,SARIMA punto 5,0.0,2.6790569078841564
2025-08-05,Precipitación,SARIMA punto 5,0.0,2.6790569078841564
2025-08-06,Precipitación,SARIMA punto 5,0.0,2.6790569078841564
2025-08-07,Precipitación,SARIMA punto 5,0.0,2.6790569078841564
2025-08-08,Precipitación,SARIMA punto 5,0.0,2.6790569078841564
2025-08-09,Precipitación,SARIMA punto 5,0.0,2.6790569078841564
2025-08-10,Precipitación,SARIMA punto 5,0.0,2.6790569078841564
2025-08-11,Precipitación,SARIMA punto 5,0.0,2.6790569078841564
2025-08-12,Precipitación,SARIMA punto 5,0.0,2.6790569078841564
2025-08-13,Precipitación,SARIMA punto 5,0.0,2.6790569078841564
2025-08-14,Precipitación,SARIMA punto 5,0.0,2.6790569078841564
2025-08-15,Precipitación,SARIMA punto 5,0.0,2.6790569078841564
2025-08-16,Precipitación,SARIMA punto 5,0.0,2.6790569078841564
2025-08-17,Precipitación,SARIMA punto 5,0.01,2.6790569078841564
2025-08-18,Precipitación,SARIMA punto 5,4.47,2.6790569078841564
2025-08-19,Precipitación,SARIMA punto 5,80.17,2.6790569078841564
2025-08-20,Precipitación,SARIMA punto 5,1.99,2.6790569078841564
2025-08-21,Precipitación,SARIMA punto 5,0.0,2.6790569078841564
2025-08-22,Precipitación,SARIMA punto 5,0.0,2.6790569078841564
2025-08-23,Precipitación,SARIMA punto 5,0.0,2.6790569078841564
2025-08-24,Precipitación,SARIMA punto 5,0.0,2.6790569078841564
2025-08-25,Precipitación,SARIMA punto 5,0.0,2.6790569078841564
2025-08-26,Precipitación,SARIMA punto 5,0.0,2.6790569078841564
2025-08-27,Precipitación,SARIMA punto 5,0.0,2.6790569078841564
2025-08-28,Precipitación,SARIMA punto 5,0.0,2.6790569078841564
2025-08-29,Precipitación,SARIMA punto 5,0.0,2.6790569078841564
2025-08-30,Precipitación,SARIMA punto 5,46.82,2.6790569078841564
2025-08-31,Precipitación,SARIMA punto 5,49.0,2.6790569078841564
2025-09-01,Precipitación,SARIMA punto 5,1.59,2.6790569078841564
2025-09-02,Precipitación,SARIMA punto 5,0.22,2.6790569078841564
2025-09-03,Precipitación,SARIMA punto 5,0.52,2.6790569078841564
2025-09-04,Precipitación,SARIMA punto 5,0.0,2.6790569078841564
2025-09-05,Precipitación,SARIMA punto 5,0.0,2.6790569078841564
2025-09-06,Precipitación,SARIMA punto 5,0.0,2.6790569078841564
2025-09-07,Precipitación,SARIMA punto 5,0.0,2.6790569078841564
2025-09-08,Precipitación,SARIMA punto 5,0.0,2.6790569078841564
2025-09-09,Precipitación,SARIMA punto 5,0.0,2.6790569078841564
2025-09-10,Precipitación,SARIMA punto 5,0.0,2.6790569078841564
2025-09-11,Precipitación,SARIMA punto 5,0.0,2.6790569078841564
2025-09-12,Precipitación,SARIMA punto 5,0.0,2.6790569078841564
2025-09-13,Precipitación,SARIMA punto 5,0.0,2.6790569078841564
2025-09-14,Precipitación,SARIMA punto 5,0.47,2.6790569078841564
2025-09-15,Precipitación,SARIMA punto 5,3.06,2.6790569078841564
2025-09-16,Precipitación,SARIMA punto 5,0.33,2.6790569078841564
2025-09-17,Precipitación,SARIMA punto 5,0.98,2.6790569078841564
2025-09-18,Precipitación,SARIMA punto 5,0.86,2.6790569078841564
2025-09-19,Precipitación,SARIMA punto 5,1.44,2.6790569078841564
2025-09-20,Precipitación,SARIMA punto 5,16.04,2.6790569078841564
2025-09-21,Precipitación,SARIMA punto 5,0.19,2.6790569078841564
2025-09-22,Precipitación,SARIMA punto 5,0.0,2.6790569078841564
2025-09-23,Precipitación,SARIMA punto 5,0.0,2.6790569078841564
2025-09-24,Precipitación,SARIMA punto 5,0.0,2.6790569078841564
2025-09-25,Precipitación,SARIMA punto 5,0.0,2.6790569078841564
2025-09-26,Precipitación,SARIMA punto 5,0.01,2.6790569078841564
2025-09-27,Precipitación,SARIMA punto 5,16.96,2.6790569078841564
2025-09-28,Precipitación,SARIMA punto 5,0.06,2.6790569078841564
2025-09-29,Precipitación,SARIMA punto 5,0.0,2.6790569078841564
2025-09-30,Precipitación,SARIMA punto 5,0.0,2.6790569078841564
2025-10-01,Precipitación,SARIMA punto 5,0.0,2.6790569078841564
2025-10-02,Precipitación,SARIMA punto 5,0.0,2.6790569078841564
2025-10-03,Precipitación,SARIMA punto 5,0.0,2.6790569078841564
2025-10-04,Precipitación,SARIMA punto 5,0.1,2.6790569078841564
2025-10-05,Precipitación,SARIMA punto 5,31.27,2.6790569078841564
2025-10-06,Precipitación,SARIMA punto 5,0.02,2.6790569078841564
2025-10-07,Precipitación,SARIMA punto 5,0.0,2.6790569078841564
2025-10-08,Precipitación,SARIMA punto 5,0.0,2.6790569078841564
2025-10-09,Precipitación,SARIMA punto 5,0.0,2.6790569078841564
2025-10-10,Precipitación,SARIMA punto 5,0.0,2.6790569078841564
2025-10-11,Precipitación,SARIMA punto 5,1.73,2.6790569078841564
2025-10-12,Precipitación,SARIMA punto 5,0.0,2.6790569078841564
2025-10-13,Precipitación,SARIMA punto 5,0.0,2.6790569078841564
2025-10-14,Precipitación,SARIMA punto 5,0.0,2.6790569078841564
2025-10-15,Precipitación,SARIMA punto 5,0.0,2.6790569078841564
2025-10-16,Precipitación,SARIMA punto 5,0.24,2.6790569078841564
2025-10-17,Precipitación,SARIMA punto 5,0.87,2.6790569078841564
2025-10-18,Precipitación,SARIMA punto 5,0.01,2.6790569078841564
2025-10-19,Precipitación,SARIMA punto 5,0.0,2.6790569078841564
2025-10-20,Precipitación,SARIMA punto 5,0.0,2.6790569078841564
2025-10-21,Precipitación,SARIMA punto 5,0.0,2.6790569078841564
2025-10-22,Precipitación,SARIMA punto 5,0.0,2.6790569078841564
2025-10-23,Precipitación,SARIMA punto 5,0.0,2.6790569078841564
2025-10-24,Precipitación,SARIMA punto 5,1.62,2.6790569078841564
2025-10-25,Precipitación,SARIMA punto 5,0.91,2.6790569078841564
2025-10-26,Precipitación,SARIMA punto 5,0.0,2.6790569078841564
2025-10-27,Precipitación,SARIMA punto 5,0.08,2.6790569078841564
2025-10-28,Precipitación,SARIMA punto 5,0.1,2.6790569078841564
2025-10-29,Precipitación,SARIMA punto 5,0.0,2.6790569078841564
2025-10-30,Precipitación,SARIMA punto 5,0.0,2.6790569078841564
2025-10-31,Precipitación,SARIMA punto 5,0.0,2.6790569078841564
2025-11-01,Precipitación,SARIMA punto 5,0.0,2.6790569078841564
2025-11-02,Precipitación,SARIMA punto 5,0.0,2.6790569078841564
2025-11-03,Precipitación,SARIMA punto 5,2.67,2.6790569078841564
2025-11-04,Precipitación,SARIMA punto 5,19.95,2.6790569078841564
2025-11-05,Precipitación,SARIMA punto 5,0.32,2.6790569078841564
2025-11-06,Precipitación,SARIMA punto 5,0.0,2.6790569078841564
2025-11-07,Precipitación,SARIMA punto 5,18.9,2.6790569078841564
2025-11-08,Precipitación,SARIMA punto 5,0.07,2.6790569078841564
2025-11-09,Precipitación,SARIMA punto 5,0.0,2.6790569078841564
2025-11-10,Precipitación,SARIMA punto 5,0.0,2.6790569078841564
2025-11-11,Precipitación,SARIMA punto 5,4.07,2.6790569078841564
2025-11-12,Precipitación,SARIMA punto 5,0.6,2.6790569078841564
2025-11-13,Precipitación,SARIMA punto 5,0.19,2.6790569078841564
2025-11-14,Precipitación,SARIMA punto 5,0.0,2.6790569078841564
2025-11-15,Precipitación,SARIMA punto 5,4.88,2.6790569078841564
2025-11-16,Precipitación,SARIMA punto 5,37.54,2.6790569078841564
2025-11-17,Precipitación,SARIMA punto 5,0.0,2.6790569078841564
2025-11-18,Precipitación,SARIMA punto 5,0.0,2.6790569078841564
2025-11-19,Precipitación,SARIMA punto 5,0.0,2.6790569078841564
2025-11-20,Precipitación,SARIMA punto 5,12.62,2.6790569078841564
2025-11-21,Precipitación,SARIMA punto 5,0.13,2.6790569078841564
2025-11-22,Precipitación,SARIMA punto 5,0.0,2.6790569078841564
2025-11-23,Precipitación,SARIMA punto 5,0.0,2.6790569078841564
2025-11-24,Precipitación,SARIMA punto 5,0.0,2.6790569078841564
2025-11-25,Precipitación,SARIMA punto 5,0.0,2.6790569078841564
2025-11-26,Precipitación,SARIMA punto 5,0.0,2.6790569078841564
2025-11-27,Precipitación,SARIMA punto 5,0.63,2.6790569078841564
2025-11-28,Precipitación,SARIMA punto 5,0.16,2.6790569078841564
2025-11-29,Precipitación,SARIMA punto 5,5.06,2.6790569078841564
2025-11-30,Precipitación,SARIMA punto 5,12.61,2.6790569078841564
2025-12-01,Precipitación,SARIMA punto 5,0.47,2.6790569078841564
2025-12-02,Precipitación,SARIMA punto 5,0.0,2.6790569078841564
2025-12-03,Precipitación,SARIMA punto 5,0.0,2.6790569078841564
2025-12-04,Precipitación,SARIMA punto 5,0.02,2.6790569078841564
2025-12-05,Precipitación,SARIMA punto 5,0.0,2.6790569078841564
2025-12-06,Precipitación,SARIMA punto 5,0.0,2.6790569078841564
2025-12-07,Precipitación,SARIMA punto 5,0.05,2.6790569078841564
2025-12-08,Precipitación,SARIMA punto 5,0.35,2.6790569078841564
2025-12-09,Precipitación,SARIMA punto 5,0.71,2.6790569078841564
2025-12-10,Precipitación,SARIMA punto 5,0.18,2.6790569078841564
2025-12-11,Precipitación,SARIMA punto 5,2.55,2.6790569078841564
2025-12-12,Precipitación,SARIMA punto 5,12.66,2.6790569078841564
2025-12-13,Precipitación,SARIMA punto 5,0.0,2.6790569078841564
2025-12-14,Precipitación,SARIMA punto 5,35.63,2.6790569078841564
2025-12-15,Precipitación,SARIMA punto 5,1.35,2.6790569078841564
2025-12-16,Precipitación,SARIMA punto 5,0.0,2.6790569078841564
2025-12-17,Precipitación,SARIMA punto 5,0.0,2.6790569078841564
2025-12-18,Precipitación,SARIMA punto 5,0.0,2.6790569078841564
2025-12-19,Precipitación,SARIMA punto 5,0.0,2.6790569078841564
2025-12-20,Precipitación,SARIMA punto 5,35.72,2.6790569078841564
2025-12-21,Precipitación,SARIMA punto 5,4.42,2.6790569078841564
2025-12-22,Precipitación,SARIMA punto 5,0.19,2.6790569078841564
2025-12-23,Precipitación,SARIMA punto 5,0.01,2.6790569078841564
2025-12-24,Precipitación,SARIMA punto 5,2.45,2.6790569078841564
2025-12-25,Precipitación,SARIMA punto 5,1.49,2.6790569078841564
2025-12-26,Precipitación,SARIMA punto 5,0.0,2.6790569078841564
2025-12-27,Precipitación,SARIMA punto 5,0.7,2.6790569078841564
2025-12-28,Precipitación,SARIMA punto 5,1.16,2.6790569078841564
2025-12-29,Precipitación,SARIMA punto 5,0.45,2.6790569078841564
2025-12-30,Precipitación,SARIMA punto 5,0.0,2.6790569078841564
2025-12-31,Precipitación,SARIMA punto 5,0.0,2.6790569078841564
2025-01-01,Precipitación,Media,0.07,2.679274965800274
2025-01-02,Precipitación,Media,0.0,2.679274965800274
2025-01-03,Precipitación,Media,0.0,2.679274965800274
2025-01-04,Precipitación,Media,0.0,2.679274965800274
2025-01-05,Precipitación,Media,0.0,2.679274965800274
2025-01-06,Precipitación,Media,0.0,2.679274965800274
2025-01-07,Precipitación,Media,0.0,2.679274965800274
2025-01-08,Precipitación,Media,0.0,2.679274965800274
2025-01-09,Precipitación,Media,0.0,2.679274965800274
2025-01-10,Precipitación,Media,0.0,2.679274965800274
2025-01-11,Precipitación,Media,0.0,2.679274965800274
2025-01-12,Precipitación,Media,0.0,2.679274965800274
2025-01-13,Precipitación,Media,0.0,2.679274965800274
2025-01-14,Precipitación,Media,0.0,2.679274965800274
2025-01-15,Precipitación,Media,0.0,2.679274965800274
2025-01-16,Precipitación,Media,0.04,2.679274965800274
2025-01-17,Precipitación,Media,1.56,2.679274965800274
2025-01-18,Precipitación,Media,4.02,2.679274965800274
2025-01-19,Precipitación,Media,7.67,2.679274965800274
2025-01-20,Precipitación,Media,0.07,2.679274965800274
2025-01-21,Precipitación,Media,0.0,2.679274965800274
2025-01-22,Precipitación,Media,0.0,2.679274965800274
2025-01-23,Precipitación,Media,0.31,2.679274965800274
2025-01-24,Precipitación,Media,19.54,2.679274965800274
2025-01-25,Precipitación,Media,0.91,2.679274965800274
2025-01-26,Precipitación,Media,2.22,2.679274965800274
2025-01-27,Precipitación,Media,1.5,2.679274965800274
2025-01-28,Precipitación,Media,3.21,2.679274965800274
2025-01-29,Precipitación,Media,0.0,2.679274965800274
2025-01-30,Precipitación,Media,0.0,2.679274965800274
2025-01-31,Precipitación,Media,0.0,2.679274965800274
2025-02-01,Precipitación,Media,0.0,2.679274965800274
2025-02-02,Precipitación,Media,0.0,2.679274965800274
2025-02-03,Precipitación,Media,0.0,2.679274965800274
2025-02-04,Precipitación,Media,9.34,2.679274965800274
2025-02-05,Precipitación,Media,65.53,2.679274965800274
2025-02-06,Precipitación,Media,1.23,2.679274965800274
2025-02-07,Precipitación,Media,0.0,2.679274965800274
2025-02-08,Precipitación,Media,0.0,2.679274965800274
2025-02-09,Precipitación,Media,0.91,2.679274965800274
2025-02-10,Precipitación,Media,0.0,2.679274965800274
2025-02-11,Precipitación,Media,5.81,2.679274965800274
2025-02-12,Precipitación,Media,23.81,2.679274965800274
2025-02-13,Precipitación,Media,0.0,2.679274965800274
2025-02-14,Precipitación,Media,0.09,2.679274965800274
2025-02-15,Precipitación,Media,13.16,2.679274965800274
2025-02-16,Precipitación,Media,15.91,2.679274965800274
2025-02-17,Precipitación,Media,0.02,2.679274965800274
2025-02-18,Precipitación,Media,0.0,2.679274965800274
2025-02-19,Precipitación,Media,0.0,2.679274965800274
2025-02-20,Precipitación,Media,0.0,2.679274965800274
2025-02-21,Precipitación,Media,2.13,2.679274965800274
2025-02-22,Precipitación,Media,1.09,2.679274965800274
2025-02-23,Precipitación,Media,1.87,2.679274965800274
2025-02-24,Precipitación,Media,37.34,2.679274965800274
2025-02-25,Precipitación,Media,36.0,2.679274965800274
2025-02-26,Precipitación,Media,4.94,2.679274965800274
2025-02-27,Precipitación,Media,3.81,2.679274965800274
2025-02-28,Precipitación,Media,22.68,2.679274965800274
2025-03-01,Precipitación,Media,7.25,2.679274965800274
2025-03-02,Precipitación,Media,2.59,2.679274965800274
2025-03-03,Precipitación,Media,20.81,2.679274965800274
2025-03-04,Precipitación,Media,0.17,2.679274965800274
2025-03-05,Precipitación,Media,0.06,2.679274965800274
2025-03-06,Precipitación,Media,0.2,2.679274965800274
2025-03-07,Precipitación,Media,1.77,2.679274965800274
2025-03-08,Precipitación,Media,29.78,2.679274965800274
2025-03-09,Precipitación,Media,0.17,2.679274965800274
2025-03-10,Precipitación,Media,0.0,2.679274965800274
2025-03-11,Precipitación,Media,1.05,2.679274965800274
2025-03-12,Precipitación,Media,3.4,2.679274965800274
2025-03-13,Precipitación,Media,0.0,2.679274965800274
2025-03-14,Precipitación,Media,0.0,2.679274965800274
2025-03-15,Precipitación,Media,0.01,2.679274965800274
2025-03-16,Precipitación,Media,0.96,2.679274965800274
2025-03-17,Precipitación,Media,0.27,2.679274965800274
2025-03-18,Precipitación,Media,0.0,2.679274965800274
2025-03-19,Precipitación,Media,0.0,2.679274965800274
2025-03-20,Precipitación,Media,0.0,2.679274965800274
2025-03-21,Precipitación,Media,0.83,2.679274965800274
2025-03-22,Precipitación,Media,0.52,2.679274965800274
2025-03-23,Precipitación,Media,13.52,2.679274965800274
2025-03-24,Precipitación,Media,4.27,2.679274965800274
2025-03-25,Precipitación,Media,3.38,2.679274965800274
2025-03-26,Precipitación,Media,0.48,2.679274965800274
2025-03-27,Precipitación,Media,13.68,2.679274965800274
2025-03-28,Precipitación,Media,16.88,2.679274965800274
2025-03-29,Precipitación,Media,0.0,2.679274965800274
2025-03-30,Precipitación,Media,3.13,2.679274965800274
2025-03-31,Precipitación,Media,2.2,2.679274965800274
2025-04-01,Precipitación,Media,0.12,2.679274965800274
2025-04-02,Precipitación,Media,0.0,2.679274965800274
2025-04-03,Precipitación,Media,0.0,2.679274965800274
2025-04-04,Precipitación,Media,0.0,2.679274965800274
2025-04-05,Precipitación,Media,0.0,2.679274965800274
2025-04-06,Precipitación,Media,4.36,2.679274965800274
2025-04-07,Precipitación,Media,38.63,2.679274965800274
2025-04-08,Precipitación,Media,2.11,2.679274965800274
2025-04-09,Precipitación,Media,0.32,2.679274965800274
2025-04-10,Precipitación,Media,0.16,2.679274965800274
2025-04-11,Precipitación,Media,0.78,2.679274965800274
2025-04-12,Precipitación,Media,0.46,2.679274965800274
2025-04-13,Precipitación,Media,0.0,2.679274965800274
2025-04-14,Precipitación,Media,0.09,2.679274965800274
2025-04-15,Precipitación,Media,0.35,2.679274965800274
2025-04-16,Precipitación,Media,1.49,2.679274965800274
2025-04-17,Precipitación,Media,2.19,2.679274965800274
2025-04-18,Precipitación,Media,0.62,2.679274965800274
2025-04-19,Precipitación,Media,0.0,2.679274965800274
2025-04-20,Precipitación,Media,3.8,2.679274965800274
2025-04-21,Precipitación,Media,0.02,2.679274965800274
2025-04-22,Precipitación,Media,0.0,2.679274965800274
2025-04-23,Precipitación,Media,0.03,2.679274965800274
2025-04-24,Precipitación,Media,5.75,2.679274965800274
2025-04-25,Precipitación,Media,0.32,2.679274965800274
2025-04-26,Precipitación,Media,1.04,2.679274965800274
2025-04-27,Precipitación,Media,0.02,2.679274965800274
2025-04-28,Precipitación,Media,0.0,2.679274965800274
2025-04-29,Precipitación,Media,0.0,2.679274965800274
2025-04-30,Precipitación,Media,0.0,2.679274965800274
2025-05-01,Precipitación,Media,0.0,2.679274965800274
2025-05-02,Precipitación,Media,0.0,2.679274965800274
2025-05-03,Precipitación,Media,0.0,2.679274965800274
2025-05-04,Precipitación,Media,2.82,2.679274965800274
2025-05-05,Precipitación,Media,3.98,2.679274965800274
2025-05-06,Precipitación,Media,3.03,2.679274965800274
2025-05-07,Precipitación,Media,1.61,2.679274965800274
2025-05-08,Precipitación,Media,0.25,2.679274965800274
2025-05-09,Precipitación,Media,0.0,2.679274965800274
2025-05-10,Precipitación,Media,0.0,2.679274965800274
2025-05-11,Precipitación,Media,0.0,2.679274965800274
2025-05-12,Precipitación,Media,0.0,2.679274965800274
2025-05-13,Precipitación,Media,0.0,2.679274965800274
2025-05-14,Precipitación,Media,0.02,2.679274965800274
2025-05-15,Precipitación,Media,3.46,2.679274965800274
2025-05-16,Precipitación,Media,6.29,2.679274965800274
2025-05-17,Precipitación,Media,65.97,2.679274965800274
2025-05-18,Precipitación,Media,19.79,2.679274965800274
2025-05-19,Precipitación,Media,0.56,2.679274965800274
2025-05-20,Precipitación,Media,0.01,2.679274965800274
2025-05-21,Precipitación,Media,0.0,2.679274965800274
2025-05-22,Precipitación,Media,0.0,2.679274965800274
2025-05-23,Precipitación,Media,0.06,2.679274965800274
2025-05-24,Precipitación,Media,0.47,2.679274965800274
2025-05-25,Precipitación,Media,2.57,2.679274965800274
2025-05-26,Precipitación,Media,1.7,2.679274965800274
2025-05-27,Precipitación,Media,4.63,2.679274965800274
2025-05-28,Precipitación,Media,0.08,2.679274965800274
2025-05-29,Precipitación,Media,0.0,2.679274965800274
2025-05-30,Precipitación,Media,0.0,2.679274965800274
2025-05-31,Precipitación,Media,0.0,2.679274965800274
2025-06-01,Precipitación,Media,0.0,2.679274965800274
2025-06-02,Precipitación,Media,66.91,2.679274965800274
2025-06-03,Precipitación,Media,0.0,2.679274965800274
2025-06-04,Precipitación,Media,0.0,2.679274965800274
2025-06-05,Precipitación,Media,0.01,2.679274965800274
2025-06-06,Precipitación,Media,0.0,2.679274965800274
2025-06-07,Precipitación,Media,0.26,2.679274965800274
2025-06-08,Precipitación,Media,0.02,2.679274965800274
2025-06-09,Precipitación,Media,0.0,2.679274965800274
2025-06-10,Precipitación,Media,0.0,2.679274965800274
2025-06-11,Precipitación,Media,0.0,2.679274965800274
2025-06-12,Precipitación,Media,0.0,2.679274965800274
2025-06-13,Precipitación,Media,3.88,2.679274965800274
2025-06-14,Precipitación,Media,5.48,2.679274965800274
2025-06-15,Precipitación,Media,0.0,2.679274965800274
2025-06-16,Precipitación,Media,0.01,2.679274965800274
2025-06-17,Precipitación,Media,0.0,2.679274965800274
2025-06-18,Precipitación,Media,36.91,2.679274965800274
2025-06-19,Precipitación,Media,29.86,2.679274965800274
2025-06-20,Precipitación,Media,0.0,2.679274965800274
2025-06-21,Precipitación,Media,0.0,2.679274965800274
2025-06-22,Precipitación,Media,0.02,2.679274965800274
2025-06-23,Precipitación,Media,0.0,2.679274965800274
2025-06-24,Precipitación,Media,0.0,2.679274965800274
2025-06-25,Precipitación,Media,0.0,2.679274965800274
2025-06-26,Precipitación,Media,0.0,2.679274965800274
2025-06-27,Precipitación,Media,0.0,2.679274965800274
2025-06-28,Precipitación,Media,0.0,2.679274965800274
2025-06-29,Precipitación,Media,0.0,2.679274965800274
2025-06-30,Precipitación,Media,0.0,2.679274965800274
2025-07-01,Precipitación,Media,0.0,2.679274965800274
2025-07-02,Precipitación,Media,0.0,2.679274965800274
2025-07-03,Precipitación,Media,0.0,2.679274965800274
2025-07-04,Precipitación,Media,0.0,2.679274965800274
2025-07-05,Precipitación,Media,0.0,2.679274965800274
2025-07-06,Precipitación,Media,0.01,2.679274965800274
2025-07-07,Precipitación,Media,0.17,2.679274965800274
2025-07-08,Precipitación,Media,0.0,2.679274965800274
2025-07-09,Precipitación,Media,0.01,2.679274965800274
2025-07-10,Precipitación,Media,1.42,2.679274965800274
2025-07-11,Precipitación,Media,2.72,2.679274965800274
2025-07-12,Precipitación,Media,0.61,2.679274965800274
2025-07-13,Precipitación,Media,0.0,2.679274965800274
2025-07-14,Precipitación,Media,0.0,2.679274965800274
2025-07-15,Precipitación,Media,0.38,2.679274965800274
2025-07-16,Precipitación,Media,24.65,2.679274965800274
2025-07-17,Precipitación,Media,0.0,2.679274965800274
2025-07-18,Precipitación,Media,0.0,2.679274965800274
2025-07-19,Precipitación,Media,0.0,2.679274965800274
2025-07-20,Precipitación,Media,0.0,2.679274965800274
2025-07-21,Precipitación,Media,0.0,2.679274965800274
2025-07-22,Precipitación,Media,0.09,2.679274965800274
2025-07-23,Precipitación,Media,6.67,2.679274965800274
2025-07-24,Precipitación,Media,2.57,2.679274965800274
2025-07-25,Precipitación,Media,0.06,2.679274965800274
2025-07-26,Precipitación,Media,15.76,2.679274965800274
2025-07-27,Precipitación,Media,12.21,2.679274965800274
2025-07-28,Precipitación,Media,1.98,2.679274965800274
2025-07-29,Precipitación,Media,0.0,2.679274965800274
2025-07-30,Precipitación,Media,0.0,2.679274965800274
2025-07-31,Precipitación,Media,0.19,2.679274965800274
2025-08-01,Precipitación,Media,2.55,2.679274965800274
2025-08-02,Precipitación,Media,0.22,2.679274965800274
2025-08-03,Precipitación,Media,0.0,2.679274965800274
2025-08-04,Precipitación,Media,0.0,2.679274965800274
2025-08-05,Precipitación,Media,0.0,2.679274965800274
2025-08-06,Precipitación,Media,0.0,2.679274965800274
2025-08-07,Precipitación,Media,0.0,2.679274965800274
2025-08-08,Precipitación,Media,0.0,2.679274965800274
2025-08-09,Precipitación,Media,0.0,2.679274965800274
2025-08-10,Precipitación,Media,0.0,2.679274965800274
2025-08-11,Precipitación,Media,0.0,2.679274965800274
2025-08-12,Precipitación,Media,0.0,2.679274965800274
2025-08-13,Precipitación,Media,0.0,2.679274965800274
2025-08-14,Precipitación,Media,0.0,2.679274965800274
2025-08-15,Precipitación,Media,0.0,2.679274965800274
2025-08-16,Precipitación,Media,0.0,2.679274965800274
2025-08-17,Precipitación,Media,0.01,2.679274965800274
2025-08-18,Precipitación,Media,4.47,2.679274965800274
2025-08-19,Precipitación,Media,80.17,2.679274965800274
2025-08-20,Precipitación,Media,1.99,2.679274965800274
2025-08-21,Precipitación,Media,0.0,2.679274965800274
2025-08-22,Precipitación,Media,0.0,2.679274965800274
2025-08-23,Precipitación,Media,0.0,2.679274965800274
2025-08-24,Precipitación,Media,0.0,2.679274965800274
2025-08-25,Precipitación,Media,0.0,2.679274965800274
2025-08-26,Precipitación,Media,0.0,2.679274965800274
2025-08-27,Precipitación,Media,0.0,2.679274965800274
2025-08-28,Precipitación,Media,0.0,2.679274965800274
2025-08-29,Precipitación,Media,0.0,2.679274965800274
2025-08-30,Precipitación,Media,46.82,2.679274965800274
2025-08-31,Precipitación,Media,49.0,2.679274965800274
2025-09-01,Precipitación,Media,1.59,2.679274965800274
2025-09-02,Precipitación,Media,0.22,2.679274965800274
2025-09-03,Precipitación,Media,0.52,2.679274965800274
2025-09-04,Precipitación,Media,0.0,2.679274965800274
2025-09-05,Precipitación,Media,0.0,2.679274965800274
2025-09-06,Precipitación,Media,0.0,2.679274965800274
2025-09-07,Precipitación,Media,0.0,2.679274965800274
2025-09-08,Precipitación,Media,0.0,2.679274965800274
2025-09-09,Precipitación,Media,0.0,2.679274965800274
2025-09-10,Precipitación,Media,0.0,2.679274965800274
2025-09-11,Precipitación,Media,0.0,2.679274965800274
2025-09-12,Precipitación,Media,0.0,2.679274965800274
2025-09-13,Precipitación,Media,0.0,2.679274965800274
2025-09-14,Precipitación,Media,0.47,2.679274965800274
2025-09-15,Precipitación,Media,3.06,2.679274965800274
2025-09-16,Precipitación,Media,0.33,2.679274965800274
2025-09-17,Precipitación,Media,0.98,2.679274965800274
2025-09-18,Precipitación,Media,0.86,2.679274965800274
2025-09-19,Precipitación,Media,1.44,2.679274965800274
2025-09-20,Precipitación,Media,16.04,2.679274965800274
2025-09-21,Precipitación,Media,0.19,2.679274965800274
2025-09-22,Precipitación,Media,0.0,2.679274965800274
2025-09-23,Precipitación,Media,0.0,2.679274965800274
2025-09-24,Precipitación,Media,0.0,2.679274965800274
2025-09-25,Precipitación,Media,0.0,2.679274965800274
2025-09-26,Precipitación,Media,0.01,2.679274965800274
2025-09-27,Precipitación,Media,16.96,2.679274965800274
2025-09-28,Precipitación,Media,0.06,2.679274965800274
2025-09-29,Precipitación,Media,0.0,2.679274965800274
2025-09-30,Precipitación,Media,0.0,2.679274965800274
2025-10-01,Precipitación,Media,0.0,2.679274965800274
2025-10-02,Precipitación,Media,0.0,2.679274965800274
2025-10-03,Precipitación,Media,0.0,2.679274965800274
2025-10-04,Precipitación,Media,0.1,2.679274965800274
2025-10-05,Precipitación,Media,31.27,2.679274965800274
2025-10-06,Precipitación,Media,0.02,2.679274965800274
2025-10-07,Precipitación,Media,0.0,2.679274965800274
2025-10-08,Precipitación,Media,0.0,2.679274965800274
2025-10-09,Precipitación,Media,0.0,2.679274965800274
2025-10-10,Precipitación,Media,0.0,2.679274965800274
2025-10-11,Precipitación,Media,1.73,2.679274965800274
2025-10-12,Precipitación,Media,0.0,2.679274965800274
2025-10-13,Precipitación,Media,0.0,2.679274965800274
2025-10-14,Precipitación,Media,0.0,2.679274965800274
2025-10-15,Precipitación,Media,0.0,2.679274965800274
2025-10-16,Precipitación,Media,0.24,2.679274965800274
2025-10-17,Precipitación,Media,0.87,2.679274965800274
2025-10-18,Precipitación,Media,0.01,2.679274965800274
2025-10-19,Precipitación,Media,0.0,2.679274965800274
2025-10-20,Precipitación,Media,0.0,2.679274965800274
2025-10-21,Precipitación,Media,0.0,2.679274965800274
2025-10-22,Precipitación,Media,0.0,2.679274965800274
2025-10-23,Precipitación,Media,0.0,2.679274965800274
2025-10-24,Precipitación,Media,1.62,2.679274965800274
2025-10-25,Precipitación,Media,0.91,2.679274965800274
2025-10-26,Precipitación,Media,0.0,2.679274965800274
2025-10-27,Precipitación,Media,0.08,2.679274965800274
2025-10-28,Precipitación,Media,0.1,2.679274965800274
2025-10-29,Precipitación,Media,0.0,2.679274965800274
2025-10-30,Precipitación,Media,0.0,2.679274965800274
2025-10-31,Precipitación,Media,0.0,2.679274965800274
2025-11-01,Precipitación,Media,0.0,2.679274965800274
2025-11-02,Precipitación,Media,0.0,2.679274965800274
2025-11-03,Precipitación,Media,2.67,2.679274965800274
2025-11-04,Precipitación,Media,19.95,2.679274965800274
2025-11-05,Precipitación,Media,0.32,2.679274965800274
2025-11-06,Precipitación,Media,0.0,2.679274965800274
2025-11-07,Precipitación,Media,18.9,2.679274965800274
2025-11-08,Precipitación,Media,0.07,2.679274965800274
2025-11-09,Precipitación,Media,0.0,2.679274965800274
2025-11-10,Precipitación,Media,0.0,2.679274965800274
2025-11-11,Precipitación,Media,4.07,2.679274965800274
2025-11-12,Precipitación,Media,0.6,2.679274965800274
2025-11-13,Precipitación,Media,0.19,2.679274965800274
2025-11-14,Precipitación,Media,0.0,2.679274965800274
2025-11-15,Precipitación,Media,4.88,2.679274965800274
2025-11-16,Precipitación,Media,37.54,2.679274965800274
2025-11-17,Precipitación,Media,0.0,2.679274965800274
2025-11-18,Precipitación,Media,0.0,2.679274965800274
2025-11-19,Precipitación,Media,0.0,2.679274965800274
2025-11-20,Precipitación,Media,12.62,2.679274965800274
2025-11-21,Precipitación,Media,0.13,2.679274965800274
2025-11-22,Precipitación,Media,0.0,2.679274965800274
2025-11-23,Precipitación,Media,0.0,2.679274965800274
2025-11-24,Precipitación,Media,0.0,2.679274965800274
2025-11-25,Precipitación,Media,0.0,2.679274965800274
2025-11-26,Precipitación,Media,0.0,2.679274965800274
2025-11-27,Precipitación,Media,0.63,2.679274965800274
2025-11-28,Precipitación,Media,0.16,2.679274965800274
2025-11-29,Precipitación,Media,5.06,2.679274965800274
2025-11-30,Precipitación,Media,12.61,2.679274965800274
2025-12-01,Precipitación,Media,0.47,2.679274965800274
2025-12-02,Precipitación,Media,0.0,2.679274965800274
2025-12-03,Precipitación,Media,0.0,2.679274965800274
2025-12-04,Precipitación,Media,0.02,2.679274965800274
2025-12-05,Precipitación,Media,0.0,2.679274965800274
2025-12-06,Precipitación,Media,0.0,2.679274965800274
2025-12-07,Precipitación,Media,0.05,2.679274965800274
2025-12-08,Precipitación,Media,0.35,2.679274965800274
2025-12-09,Precipitación,Media,0.71,2.679274965800274
2025-12-10,Precipitación,Media,0.18,2.679274965800274
2025-12-11,Precipitación,Media,2.55,2.679274965800274
2025-12-12,Precipitación,Media,12.66,2.679274965800274
2025-12-13,Precipitación,Media,0.0,2.679274965800274
2025-12-14,Precipitación,Media,35.63,2.679274965800274
2025-12-15,Precipitación,Media,1.35,2.679274965800274
2025-12-16,Precipitación,Media,0.0,2.679274965800274
2025-12-17,Precipitación,Media,0.0,2.679274965800274
2025-12-18,Precipitación,Media,0.0,2.679274965800274
2025-12-19,Precipitación,Media,0.0,2.679274965800274
2025-12-20,Precipitación,Media,35.72,2.679274965800274
2025-12-21,Precipitación,Media,4.42,2.679274965800274
2025-12-22,Precipitación,Media,0.19,2.679274965800274
2025-12-23,Precipitación,Media,0.01,2.679274965800274
2025-12-24,Precipitación,Media,2.45,2.679274965800274
2025-12-25,Precipitación,Media,1.49,2.679274965800274
2025-12-26,Precipitación,Media,0.0,2.679274965800274
2025-12-27,Precipitación,Media,0.7,2.679274965800274
2025-12-28,Precipitación,Media,1.16,2.679274965800274
2025-12-29,Precipitación,Media,0.45,2.679274965800274
2025-12-30,Precipitación,Media,0.0,2.679274965800274
2025-12-31,Precipitación,Media,0.0,2.679274965800274
2025-01-01,Precipitación,Último valor,0.07,0.24
2025-01-02,Precipitación,Último valor,0.0,0.24
2025-01-03,Precipitación,Último valor,0.0,0.24
2025-01-04,Precipitación,Último valor,0.0,0.24
2025-01-05,Precipitación,Último valor,0.0,0.24
2025-01-06,Precipitación,Último valor,0.0,0.24
2025-01-07,Precipitación,Último valor,0.0,0.24
2025-01-08,Precipitación,Último valor,0.0,0.24
2025-01-09,Precipitación,Último valor,0.0,0.24
2025-01-10,Precipitación,Último valor,0.0,0.24
2025-01-11,Precipitación,Último valor,0.0,0.24
2025-01-12,Precipitación,Último valor,0.0,0.24
2025-01-13,Precipitación,Último valor,0.0,0.24
2025-01-14,Precipitación,Último valor,0.0,0.24
2025-01-15,Precipitación,Último valor,0.0,0.24
2025-01-16,Precipitación,Último valor,0.04,0.24
2025-01-17,Precipitación,Último valor,1.56,0.24
2025-01-18,Precipitación,Último valor,4.02,0.24
2025-01-19,Precipitación,Último valor,7.67,0.24
2025-01-20,Precipitación,Último valor,0.07,0.24
2025-01-21,Precipitación,Último valor,0.0,0.24
2025-01-22,Precipitación,Último valor,0.0,0.24
2025-01-23,Precipitación,Último valor,0.31,0.24
2025-01-24,Precipitación,Último valor,19.54,0.24
2025-01-25,Precipitación,Último valor,0.91,0.24
2025-01-26,Precipitación,Último valor,2.22,0.24
2025-01-27,Precipitación,Último valor,1.5,0.24
2025-01-28,Precipitación,Último valor,3.21,0.24
2025-01-29,Precipitación,Último valor,0.0,0.24
2025-01-30,Precipitación,Último valor,0.0,0.24
2025-01-31,Precipitación,Último valor,0.0,0.24
2025-02-01,Precipitación,Último valor,0.0,0.24
2025-02-02,Precipitación,Último valor,0.0,0.24
2025-02-03,Precipitación,Último valor,0.0,0.24
2025-02-04,Precipitación,Último valor,9.34,0.24
2025-02-05,Precipitación,Último valor,65.53,0.24
2025-02-06,Precipitación,Último valor,1.23,0.24
2025-02-07,Precipitación,Último valor,0.0,0.24
2025-02-08,Precipitación,Último valor,0.0,0.24
2025-02-09,Precipitación,Último valor,0.91,0.24
2025-02-10,Precipitación,Último valor,0.0,0.24
2025-02-11,Precipitación,Último valor,5.81,0.24
2025-02-12,Precipitación,Último valor,23.81,0.24
2025-02-13,Precipitación,Último valor,0.0,0.24
2025-02-14,Precipitación,Último valor,0.09,0.24
2025-02-15,Precipitación,Último valor,13.16,0.24
2025-02-16,Precipitación,Último valor,15.91,0.24
2025-02-17,Precipitación,Último valor,0.02,0.24
2025-02-18,Precipitación,Último valor,0.0,0.24
2025-02-19,Precipitación,Último valor,0.0,0.24
2025-02-20,Precipitación,Último valor,0.0,0.24
2025-02-21,Precipitación,Último valor,2.13,0.24
2025-02-22,Precipitación,Último valor,1.09,0.24
2025-02-23,Precipitación,Último valor,1.87,0.24
2025-02-24,Precipitación,Último valor,37.34,0.24
2025-02-25,Precipitación,Último valor,36.0,0.24
2025-02-26,Precipitación,Último valor,4.94,0.24
2025-02-27,Precipitación,Último valor,3.81,0.24
2025-02-28,Precipitación,Último valor,22.68,0.24
2025-03-01,Precipitación,Último valor,7.25,0.24
2025-03-02,Precipitación,Último valor,2.59,0.24
2025-03-03,Precipitación,Último valor,20.81,0.24
2025-03-04,Precipitación,Último valor,0.17,0.24
2025-03-05,Precipitación,Último valor,0.06,0.24
2025-03-06,Precipitación,Último valor,0.2,0.24
2025-03-07,Precipitación,Último valor,1.77,0.24
2025-03-08,Precipitación,Último valor,29.78,0.24
2025-03-09,Precipitación,Último valor,0.17,0.24
2025-03-10,Precipitación,Último valor,0.0,0.24
2025-03-11,Precipitación,Último valor,1.05,0.24
2025-03-12,Precipitación,Último valor,3.4,0.24
2025-03-13,Precipitación,Último valor,0.0,0.24
2025-03-14,Precipitación,Último valor,0.0,0.24
2025-03-15,Precipitación,Último valor,0.01,0.24
2025-03-16,Precipitación,Último valor,0.96,0.24
2025-03-17,Precipitación,Último valor,0.27,0.24
2025-03-18,Precipitación,Último valor,0.0,0.24
2025-03-19,Precipitación,Último valor,0.0,0.24
2025-03-20,Precipitación,Último valor,0.0,0.24
2025-03-21,Precipitación,Último valor,0.83,0.24
2025-03-22,Precipitación,Último valor,0.52,0.24
2025-03-23,Precipitación,Último valor,13.52,0.24
2025-03-24,Precipitación,Último valor,4.27,0.24
2025-03-25,Precipitación,Último valor,3.38,0.24
2025-03-26,Precipitación,Último valor,0.48,0.24
2025-03-27,Precipitación,Último valor,13.68,0.24
2025-03-28,Precipitación,Último valor,16.88,0.24
2025-03-29,Precipitación,Último valor,0.0,0.24
2025-03-30,Precipitación,Último valor,3.13,0.24
2025-03-31,Precipitación,Último valor,2.2,0.24
2025-04-01,Precipitación,Último valor,0.12,0.24
2025-04-02,Precipitación,Último valor,0.0,0.24
2025-04-03,Precipitación,Último valor,0.0,0.24
2025-04-04,Precipitación,Último valor,0.0,0.24
2025-04-05,Precipitación,Último valor,0.0,0.24
2025-04-06,Precipitación,Último valor,4.36,0.24
2025-04-07,Precipitación,Último valor,38.63,0.24
2025-04-08,Precipitación,Último valor,2.11,0.24
2025-04-09,Precipitación,Último valor,0.32,0.24
2025-04-10,Precipitación,Último valor,0.16,0.24
2025-04-11,Precipitación,Último valor,0.78,0.24
2025-04-12,Precipitación,Último valor,0.46,0.24
2025-04-13,Precipitación,Último valor,0.0,0.24
2025-04-14,Precipitación,Último valor,0.09,0.24
2025-04-15,Precipitación,Último valor,0.35,0.24
2025-04-16,Precipitación,Último valor,1.49,0.24
2025-04-17,Precipitación,Último valor,2.19,0.24
2025-04-18,Precipitación,Último valor,0.62,0.24
2025-04-19,Precipitación,Último valor,0.0,0.24
2025-04-20,Precipitación,Último valor,3.8,0.24
2025-04-21,Precipitación,Último valor,0.02,0.24
2025-04-22,Precipitación,Último valor,0.0,0.24
2025-04-23,Precipitación,Último valor,0.03,0.24
2025-04-24,Precipitación,Último valor,5.75,0.24
2025-04-25,Precipitación,Último valor,0.32,0.24
2025-04-26,Precipitación,Último valor,1.04,0.24
2025-04-27,Precipitación,Último valor,0.02,0.24
2025-04-28,Precipitación,Último valor,0.0,0.24
2025-04-29,Precipitación,Último valor,0.0,0.24
2025-04-30,Precipitación,Último valor,0.0,0.24
2025-05-01,Precipitación,Último valor,0.0,0.24
2025-05-02,Precipitación,Último valor,0.0,0.24
2025-05-03,Precipitación,Último valor,0.0,0.24
2025-05-04,Precipitación,Último valor,2.82,0.24
2025-05-05,Precipitación,Último valor,3.98,0.24
2025-05-06,Precipitación,Último valor,3.03,0.24
2025-05-07,Precipitación,Último valor,1.61,0.24
2025-05-08,Precipitación,Último valor,0.25,0.24
2025-05-09,Precipitación,Último valor,0.0,0.24
2025-05-10,Precipitación,Último valor,0.0,0.24
2025-05-11,Precipitación,Último valor,0.0,0.24
2025-05-12,Precipitación,Último valor,0.0,0.24
2025-05-13,Precipitación,Último valor,0.0,0.24
2025-05-14,Precipitación,Último valor,0.02,0.24
2025-05-15,Precipitación,Último valor,3.46,0.24
2025-05-16,Precipitación,Último valor,6.29,0.24
2025-05-17,Precipitación,Último valor,65.97,0.24
2025-05-18,Precipitación,Último valor,19.79,0.24
2025-05-19,Precipitación,Último valor,0.56,0.24
2025-05-20,Precipitación,Último valor,0.01,0.24
2025-05-21,Precipitación,Último valor,0.0,0.24
2025-05-22,Precipitación,Último valor,0.0,0.24
2025-05-23,Precipitación,Último valor,0.06,0.24
2025-05-24,Precipitación,Último valor,0.47,0.24
2025-05-25,Precipitación,Último valor,2.57,0.24
2025-05-26,Precipitación,Último valor,1.7,0.24
2025-05-27,Precipitación,Último valor,4.63,0.24
2025-05-28,Precipitación,Último valor,0.08,0.24
2025-05-29,Precipitación,Último valor,0.0,0.24
2025-05-30,Precipitación,Último valor,0.0,0.24
2025-05-31,Precipitación,Último valor,0.0,0.24
2025-06-01,Precipitación,Último valor,0.0,0.24
2025-06-02,Precipitación,Último valor,66.91,0.24
2025-06-03,Precipitación,Último valor,0.0,0.24
2025-06-04,Precipitación,Último valor,0.0,0.24
2025-06-05,Precipitación,Último valor,0.01,0.24
2025-06-06,Precipitación,Último valor,0.0,0.24
2025-06-07,Precipitación,Último valor,0.26,0.24
2025-06-08,Precipitación,Último valor,0.02,0.24
2025-06-09,Precipitación,Último valor,0.0,0.24
2025-06-10,Precipitación,Último valor,0.0,0.24
2025-06-11,Precipitación,Último valor,0.0,0.24
2025-06-12,Precipitación,Último valor,0.0,0.24
2025-06-13,Precipitación,Último valor,3.88,0.24
2025-06-14,Precipitación,Último valor,5.48,0.24
2025-06-15,Precipitación,Último valor,0.0,0.24
2025-06-16,Precipitación,Último valor,0.01,0.24
2025-06-17,Precipitación,Último valor,0.0,0.24
2025-06-18,Precipitación,Último valor,36.91,0.24
2025-06-19,Precipitación,Último valor,29.86,0.24
2025-06-20,Precipitación,Último valor,0.0,0.24
2025-06-21,Precipitación,Último valor,0.0,0.24
2025-06-22,Precipitación,Último valor,0.02,0.24
2025-06-23,Precipitación,Último valor,0.0,0.24
2025-06-24,Precipitación,Último valor,0.0,0.24
2025-06-25,Precipitación,Último valor,0.0,0.24
2025-06-26,Precipitación,Último valor,0.0,0.24
2025-06-27,Precipitación,Último valor,0.0,0.24
2025-06-28,Precipitación,Último valor,0.0,0.24
2025-06-29,Precipitación,Último valor,0.0,0.24
2025-06-30,Precipitación,Último valor,0.0,0.24
2025-07-01,Precipitación,Último valor,0.0,0.24
2025-07-02,Precipitación,Último valor,0.0,0.24
2025-07-03,Precipitación,Último valor,0.0,0.24
2025-07-04,Precipitación,Último valor,0.0,0.24
2025-07-05,Precipitación,Último valor,0.0,0.24
2025-07-06,Precipitación,Último valor,0.01,0.24
2025-07-07,Precipitación,Último valor,0.17,0.24
2025-07-08,Precipitación,Último valor,0.0,0.24
2025-07-09,Precipitación,Último valor,0.01,0.24
2025-07-10,Precipitación,Último valor,1.42,0.24
2025-07-11,Precipitación,Último valor,2.72,0.24
2025-07-12,Precipitación,Último valor,0.61,0.24
2025-07-13,Precipitación,Último valor,0.0,0.24
2025-07-14,Precipitación,Último valor,0.0,0.24
2025-07-15,Precipitación,Último valor,0.38,0.24
2025-07-16,Precipitación,Último valor,24.65,0.24
2025-07-17,Precipitación,Último valor,0.0,0.24
2025-07-18,Precipitación,Último valor,0.0,0.24
2025-07-19,Precipitación,Último valor,0.0,0.24
2025-07-20,Precipitación,Último valor,0.0,0.24
2025-07-21,Precipitación,Último valor,0.0,0.24
2025-07-22,Precipitación,Último valor,0.09,0.24
2025-07-23,Precipitación,Último valor,6.67,0.24
2025-07-24,Precipitación,Último valor,2.57,0.24
2025-07-25,Precipitación,Último valor,0.06,0.24
2025-07-26,Precipitación,Último valor,15.76,0.24
2025-07-27,Precipitación,Último valor,12.21,0.24
2025-07-28,Precipitación,Último valor,1.98,0.24
2025-07-29,Precipitación,Último valor,0.0,0.24
2025-07-30,Precipitación,Último valor,0.0,0.24
2025-07-31,Precipitación,Último valor,0.19,0.24
2025-08-01,Precipitación,Último valor,2.55,0.24
2025-08-02,Precipitación,Último valor,0.22,0.24
2025-08-03,Precipitación,Último valor,0.0,0.24
2025-08-04,Precipitación,Último valor,0.0,0.24
2025-08-05,Precipitación,Último valor,0.0,0.24
2025-08-06,Precipitación,Último valor,0.0,0.24
2025-08-07,Precipitación,Último valor,0.0,0.24
2025-08-08,Precipitación,Último valor,0.0,0.24
2025-08-09,Precipitación,Último valor,0.0,0.24
2025-08-10,Precipitación,Último valor,0.0,0.24
2025-08-11,Precipitación,Último valor,0.0,0.24
2025-08-12,Precipitación,Último valor,0.0,0.24
2025-08-13,Precipitación,Último valor,0.0,0.24
2025-08-14,Precipitación,Último valor,0.0,0.24
2025-08-15,Precipitación,Último valor,0.0,0.24
2025-08-16,Precipitación,Último valor,0.0,0.24
2025-08-17,Precipitación,Último valor,0.01,0.24
2025-08-18,Precipitación,Último valor,4.47,0.24
2025-08-19,Precipitación,Último valor,80.17,0.24
2025-08-20,Precipitación,Último valor,1.99,0.24
2025-08-21,Precipitación,Último valor,0.0,0.24
2025-08-22,Precipitación,Último valor,0.0,0.24
2025-08-23,Precipitación,Último valor,0.0,0.24
2025-08-24,Precipitación,Último valor,0.0,0.24
2025-08-25,Precipitación,Último valor,0.0,0.24
2025-08-26,Precipitación,Último valor,0.0,0.24
2025-08-27,Precipitación,Último valor,0.0,0.24
2025-08-28,Precipitación,Último valor,0.0,0.24
2025-08-29,Precipitación,Último valor,0.0,0.24
2025-08-30,Precipitación,Último valor,46.82,0.24
2025-08-31,Precipitación,Último valor,49.0,0.24
2025-09-01,Precipitación,Último valor,1.59,0.24
2025-09-02,Precipitación,Último valor,0.22,0.24
2025-09-03,Precipitación,Último valor,0.52,0.24
2025-09-04,Precipitación,Último valor,0.0,0.24
2025-09-05,Precipitación,Último valor,0.0,0.24
2025-09-06,Precipitación,Último valor,0.0,0.24
2025-09-07,Precipitación,Último valor,0.0,0.24
2025-09-08,Precipitación,Último valor,0.0,0.24
2025-09-09,Precipitación,Último valor,0.0,0.24
2025-09-10,Precipitación,Último valor,0.0,0.24
2025-09-11,Precipitación,Último valor,0.0,0.24
2025-09-12,Precipitación,Último valor,0.0,0.24
2025-09-13,Precipitación,Último valor,0.0,0.24
2025-09-14,Precipitación,Último valor,0.47,0.24
2025-09-15,Precipitación,Último valor,3.06,0.24
2025-09-16,Precipitación,Último valor,0.33,0.24
2025-09-17,Precipitación,Último valor,0.98,0.24
2025-09-18,Precipitación,Último valor,0.86,0.24
2025-09-19,Precipitación,Último valor,1.44,0.24
2025-09-20,Precipitación,Último valor,16.04,0.24
2025-09-21,Precipitación,Último valor,0.19,0.24
2025-09-22,Precipitación,Último valor,0.0,0.24
2025-09-23,Precipitación,Último valor,0.0,0.24
2025-09-24,Precipitación,Último valor,0.0,0.24
2025-09-25,Precipitación,Último valor,0.0,0.24
2025-09-26,Precipitación,Último valor,0.01,0.24
2025-09-27,Precipitación,Último valor,16.96,0.24
2025-09-28,Precipitación,Último valor,0.06,0.24
2025-09-29,Precipitación,Último valor,0.0,0.24
2025-09-30,Precipitación,Último valor,0.0,0.24
2025-10-01,Precipitación,Último valor,0.0,0.24
2025-10-02,Precipitación,Último valor,0.0,0.24
2025-10-03,Precipitación,Último valor,0.0,0.24
2025-10-04,Precipitación,Último valor,0.1,0.24
2025-10-05,Precipitación,Último valor,31.27,0.24
2025-10-06,Precipitación,Último valor,0.02,0.24
2025-10-07,Precipitación,Último valor,0.0,0.24
2025-10-08,Precipitación,Último valor,0.0,0.24
2025-10-09,Precipitación,Último valor,0.0,0.24
2025-10-10,Precipitación,Último valor,0.0,0.24
2025-10-11,Precipitación,Último valor,1.73,0.24
2025-10-12,Precipitación,Último valor,0.0,0.24
2025-10-13,Precipitación,Último valor,0.0,0.24
2025-10-14,Precipitación,Último valor,0.0,0.24
2025-10-15,Precipitación,Último valor,0.0,0.24
2025-10-16,Precipitación,Último valor,0.24,0.24
2025-10-17,Precipitación,Último valor,0.87,0.24
2025-10-18,Precipitación,Último valor,0.01,0.24
2025-10-19,Precipitación,Último valor,0.0,0.24
2025-10-20,Precipitación,Último valor,0.0,0.24
2025-10-21,Precipitación,Último valor,0.0,0.24
2025-10-22,Precipitación,Último valor,0.0,0.24
2025-10-23,Precipitación,Último valor,0.0,0.24
2025-10-24,Precipitación,Último valor,1.62,0.24
2025-10-25,Precipitación,Último valor,0.91,0.24
2025-10-26,Precipitación,Último valor,0.0,0.24
2025-10-27,Precipitación,Último valor,0.08,0.24
2025-10-28,Precipitación,Último valor,0.1,0.24
2025-10-29,Precipitación,Último valor,0.0,0.24
2025-10-30,Precipitación,Último valor,0.0,0.24
2025-10-31,Precipitación,Último valor,0.0,0.24
2025-11-01,Precipitación,Último valor,0.0,0.24
2025-11-02,Precipitación,Último valor,0.0,0.24
2025-11-03,Precipitación,Último valor,2.67,0.24
2025-11-04,Precipitación,Último valor,19.95,0.24
2025-11-05,Precipitación,Último valor,0.32,0.24
2025-11-06,Precipitación,Último valor,0.0,0.24
2025-11-07,Precipitación,Último valor,18.9,0.24
2025-11-08,Precipitación,Último valor,0.07,0.24
2025-11-09,Precipitación,Último valor,0.0,0.24
2025-11-10,Precipitación,Último valor,0.0,0.24
2025-11-11,Precipitación,Último valor,4.07,0.24
2025-11-12,Precipitación,Último valor,0.6,0.24
2025-11-13,Precipitación,Último valor,0.19,0.24
2025-11-14,Precipitación,Último valor,0.0,0.24
2025-11-15,Precipitación,Último valor,4.88,0.24
2025-11-16,Precipitación,Último valor,37.54,0.24
2025-11-17,Precipitación,Último valor,0.0,0.24
2025-11-18,Precipitación,Último valor,0.0,0.24
2025-11-19,Precipitación,Último valor,0.0,0.24
2025-11-20,Precipitación,Último valor,12.62,0.24
2025-11-21,Precipitación,Último valor,0.13,0.24
2025-11-22,Precipitación,Último valor,0.0,0.24
2025-11-23,Precipitación,Último valor,0.0,0.24
2025-11-24,Precipitación,Último valor,0.0,0.24
2025-11-25,Precipitación,Último valor,0.0,0.24
2025-11-26,Precipitación,Último valor,0.0,0.24
2025-11-27,Precipitación,Último valor,0.63,0.24
2025-11-28,Precipitación,Último valor,0.16,0.24
2025-11-29,Precipitación,Último valor,5.06,0.24
2025-11-30,Precipitación,Último valor,12.61,0.24
2025-12-01,Precipitación,Último valor,0.47,0.24
2025-12-02,Precipitación,Último valor,0.0,0.24
2025-12-03,Precipitación,Último valor,0.0,0.24
2025-12-04,Precipitación,Último valor,0.02,0.24
2025-12-05,Precipitación,Último valor,0.0,0.24
2025-12-06,Precipitación,Último valor,0.0,0.24
2025-12-07,Precipitación,Último valor,0.05,0.24
2025-12-08,Precipitación,Último valor,0.35,0.24
2025-12-09,Precipitación,Último valor,0.71,0.24
2025-12-10,Precipitación,Último valor,0.18,0.24
2025-12-11,Precipitación,Último valor,2.55,0.24
2025-12-12,Precipitación,Último valor,12.66,0.24
2025-12-13,Precipitación,Último valor,0.0,0.24
2025-12-14,Precipitación,Último valor,35.63,0.24
2025-12-15,Precipitación,Último valor,1.35,0.24
2025-12-16,Precipitación,Último valor,0.0,0.24
2025-12-17,Precipitación,Último valor,0.0,0.24
2025-12-18,Precipitación,Último valor,0.0,0.24
2025-12-19,Precipitación,Último valor,0.0,0.24
2025-12-20,Precipitación,Último valor,35.72,0.24
2025-12-21,Precipitación,Último valor,4.42,0.24
2025-12-22,Precipitación,Último valor,0.19,0.24
2025-12-23,Precipitación,Último valor,0.01,0.24
2025-12-24,Precipitación,Último valor,2.45,0.24
2025-12-25,Precipitación,Último valor,1.49,0.24
2025-12-26,Precipitación,Último valor,0.0,0.24
2025-12-27,Precipitación,Último valor,0.7,0.24
2025-12-28,Precipitación,Último valor,1.16,0.24
2025-12-29,Precipitación,Último valor,0.45,0.24
2025-12-30,Precipitación,Último valor,0.0,0.24
2025-12-31,Precipitación,Último valor,0.0,0.24
2025-01-01,Precipitación,Ingenuo estacional,0.07,0.24
2025-01-02,Precipitación,Ingenuo estacional,0.0,0.24
2025-01-03,Precipitación,Ingenuo estacional,0.0,0.24
2025-01-04,Precipitación,Ingenuo estacional,0.0,0.24
2025-01-05,Precipitación,Ingenuo estacional,0.0,0.24
2025-01-06,Precipitación,Ingenuo estacional,0.0,0.24
2025-01-07,Precipitación,Ingenuo estacional,0.0,0.24
2025-01-08,Precipitación,Ingenuo estacional,0.0,0.24
2025-01-09,Precipitación,Ingenuo estacional,0.0,0.24
2025-01-10,Precipitación,Ingenuo estacional,0.0,0.24
2025-01-11,Precipitación,Ingenuo estacional,0.0,0.24
2025-01-12,Precipitación,Ingenuo estacional,0.0,0.24
2025-01-13,Precipitación,Ingenuo estacional,0.0,0.24
2025-01-14,Precipitación,Ingenuo estacional,0.0,0.24
2025-01-15,Precipitación,Ingenuo estacional,0.0,0.24
2025-01-16,Precipitación,Ingenuo estacional,0.04,0.24
2025-01-17,Precipitación,Ingenuo estacional,1.56,0.24
2025-01-18,Precipitación,Ingenuo estacional,4.02,0.24
2025-01-19,Precipitación,Ingenuo estacional,7.67,0.24
2025-01-20,Precipitación,Ingenuo estacional,0.07,0.24
2025-01-21,Precipitación,Ingenuo estacional,0.0,0.24
2025-01-22,Precipitación,Ingenuo estacional,0.0,0.24
2025-01-23,Precipitación,Ingenuo estacional,0.31,0.24
2025-01-24,Precipitación,Ingenuo estacional,19.54,0.24
2025-01-25,Precipitación,Ingenuo estacional,0.91,0.24
2025-01-26,Precipitación,Ingenuo estacional,2.22,0.24
2025-01-27,Precipitación,Ingenuo estacional,1.5,0.24
2025-01-28,Precipitación,Ingenuo estacional,3.21,0.24
2025-01-29,Precipitación,Ingenuo estacional,0.0,0.24
2025-01-30,Precipitación,Ingenuo estacional,0.0,0.24
2025-01-31,Precipitación,Ingenuo estacional,0.0,0.24
2025-02-01,Precipitación,Ingenuo estacional,0.0,0.24
2025-02-02,Precipitación,Ingenuo estacional,0.0,0.24
2025-02-03,Precipitación,Ingenuo estacional,0.0,0.24
2025-02-04,Precipitación,Ingenuo estacional,9.34,0.24
2025-02-05,Precipitación,Ingenuo estacional,65.53,0.24
2025-02-06,Precipitación,Ingenuo estacional,1.23,0.24
2025-02-07,Precipitación,Ingenuo estacional,0.0,0.24
2025-02-08,Precipitación,Ingenuo estacional,0.0,0.24
2025-02-09,Precipitación,Ingenuo estacional,0.91,0.24
2025-02-10,Precipitación,Ingenuo estacional,0.0,0.24
2025-02-11,Precipitación,Ingenuo estacional,5.81,0.24
2025-02-12,Precipitación,Ingenuo estacional,23.81,0.24
2025-02-13,Precipitación,Ingenuo estacional,0.0,0.24
2025-02-14,Precipitación,Ingenuo estacional,0.09,0.24
2025-02-15,Precipitación,Ingenuo estacional,13.16,0.24
2025-02-16,Precipitación,Ingenuo estacional,15.91,0.24
2025-02-17,Precipitación,Ingenuo estacional,0.02,0.24
2025-02-18,Precipitación,Ingenuo estacional,0.0,0.24
2025-02-19,Precipitación,Ingenuo estacional,0.0,0.24
2025-02-20,Precipitación,Ingenuo estacional,0.0,0.24
2025-02-21,Precipitación,Ingenuo estacional,2.13,0.24
2025-02-22,Precipitación,Ingenuo estacional,1.09,0.24
2025-02-23,Precipitación,Ingenuo estacional,1.87,0.24
2025-02-24,Precipitación,Ingenuo estacional,37.34,0.24
2025-02-25,Precipitación,Ingenuo estacional,36.0,0.24
2025-02-26,Precipitación,Ingenuo estacional,4.94,0.24
2025-02-27,Precipitación,Ingenuo estacional,3.81,0.24
2025-02-28,Precipitación,Ingenuo estacional,22.68,0.24
2025-03-01,Precipitación,Ingenuo estacional,7.25,0.24
2025-03-02,Precipitación,Ingenuo estacional,2.59,0.24
2025-03-03,Precipitación,Ingenuo estacional,20.81,0.24
2025-03-04,Precipitación,Ingenuo estacional,0.17,0.24
2025-03-05,Precipitación,Ingenuo estacional,0.06,0.24
2025-03-06,Precipitación,Ingenuo estacional,0.2,0.24
2025-03-07,Precipitación,Ingenuo estacional,1.77,0.24
2025-03-08,Precipitación,Ingenuo estacional,29.78,0.24
2025-03-09,Precipitación,Ingenuo estacional,0.17,0.24
2025-03-10,Precipitación,Ingenuo estacional,0.0,0.24
2025-03-11,Precipitación,Ingenuo estacional,1.05,0.24
2025-03-12,Precipitación,Ingenuo estacional,3.4,0.24
2025-03-13,Precipitación,Ingenuo estacional,0.0,0.24
2025-03-14,Precipitación,Ingenuo estacional,0.0,0.24
2025-03-15,Precipitación,Ingenuo estacional,0.01,0.24
2025-03-16,Precipitación,Ingenuo estacional,0.96,0.24
2025-03-17,Precipitación,Ingenuo estacional,0.27,0.24
2025-03-18,Precipitación,Ingenuo estacional,0.0,0.24
2025-03-19,Precipitación,Ingenuo estacional,0.0,0.24
2025-03-20,Precipitación,Ingenuo estacional,0.0,0.24
2025-03-21,Precipitación,Ingenuo estacional,0.83,0.24
2025-03-22,Precipitación,Ingenuo estacional,0.52,0.24
2025-03-23,Precipitación,Ingenuo estacional,13.52,0.24
2025-03-24,Precipitación,Ingenuo estacional,4.27,0.24
2025-03-25,Precipitación,Ingenuo estacional,3.38,0.24
2025-03-26,Precipitación,Ingenuo estacional,0.48,0.24
2025-03-27,Precipitación,Ingenuo estacional,13.68,0.24
2025-03-28,Precipitación,Ingenuo estacional,16.88,0.24
2025-03-29,Precipitación,Ingenuo estacional,0.0,0.24
2025-03-30,Precipitación,Ingenuo estacional,3.13,0.24
2025-03-31,Precipitación,Ingenuo estacional,2.2,0.24
2025-04-01,Precipitación,Ingenuo estacional,0.12,0.24
2025-04-02,Precipitación,Ingenuo estacional,0.0,0.24
2025-04-03,Precipitación,Ingenuo estacional,0.0,0.24
2025-04-04,Precipitación,Ingenuo estacional,0.0,0.24
2025-04-05,Precipitación,Ingenuo estacional,0.0,0.24
2025-04-06,Precipitación,Ingenuo estacional,4.36,0.24
2025-04-07,Precipitación,Ingenuo estacional,38.63,0.24
2025-04-08,Precipitación,Ingenuo estacional,2.11,0.24
2025-04-09,Precipitación,Ingenuo estacional,0.32,0.24
2025-04-10,Precipitación,Ingenuo estacional,0.16,0.24
2025-04-11,Precipitación,Ingenuo estacional,0.78,0.24
2025-04-12,Precipitación,Ingenuo estacional,0.46,0.24
2025-04-13,Precipitación,Ingenuo estacional,0.0,0.24
2025-04-14,Precipitación,Ingenuo estacional,0.09,0.24
2025-04-15,Precipitación,Ingenuo estacional,0.35,0.24
2025-04-16,Precipitación,Ingenuo estacional,1.49,0.24
2025-04-17,Precipitación,Ingenuo estacional,2.19,0.24
2025-04-18,Precipitación,Ingenuo estacional,0.62,0.24
2025-04-19,Precipitación,Ingenuo estacional,0.0,0.24
2025-04-20,Precipitación,Ingenuo estacional,3.8,0.24
2025-04-21,Precipitación,Ingenuo estacional,0.02,0.24
2025-04-22,Precipitación,Ingenuo estacional,0.0,0.24
2025-04-23,Precipitación,Ingenuo estacional,0.03,0.24
2025-04-24,Precipitación,Ingenuo estacional,5.75,0.24
2025-04-25,Precipitación,Ingenuo estacional,0.32,0.24
2025-04-26,Precipitación,Ingenuo estacional,1.04,0.24
2025-04-27,Precipitación,Ingenuo estacional,0.02,0.24
2025-04-28,Precipitación,Ingenuo estacional,0.0,0.24
2025-04-29,Precipitación,Ingenuo estacional,0.0,0.24
2025-04-30,Precipitación,Ingenuo estacional,0.0,0.24
2025-05-01,Precipitación,Ingenuo estacional,0.0,0.24
2025-05-02,Precipitación,Ingenuo estacional,0.0,0.24
2025-05-03,Precipitación,Ingenuo estacional,0.0,0.24
2025-05-04,Precipitación,Ingenuo estacional,2.82,0.24
2025-05-05,Precipitación,Ingenuo estacional,3.98,0.24
2025-05-06,Precipitación,Ingenuo estacional,3.03,0.24
2025-05-07,Precipitación,Ingenuo estacional,1.61,0.24
2025-05-08,Precipitación,Ingenuo estacional,0.25,0.24
2025-05-09,Precipitación,Ingenuo estacional,0.0,0.24
2025-05-10,Precipitación,Ingenuo estacional,0.0,0.24
2025-05-11,Precipitación,Ingenuo estacional,0.0,0.24
2025-05-12,Precipitación,Ingenuo estacional,0.0,0.24
2025-05-13,Precipitación,Ingenuo estacional,0.0,0.24
2025-05-14,Precipitación,Ingenuo estacional,0.02,0.24
2025-05-15,Precipitación,Ingenuo estacional,3.46,0.24
2025-05-16,Precipitación,Ingenuo estacional,6.29,0.24
2025-05-17,Precipitación,Ingenuo estacional,65.97,0.24
2025-05-18,Precipitación,Ingenuo estacional,19.79,0.24
2025-05-19,Precipitación,Ingenuo estacional,0.56,0.24
2025-05-20,Precipitación,Ingenuo estacional,0.01,0.24
2025-05-21,Precipitación,Ingenuo estacional,0.0,0.24
2025-05-22,Precipitación,Ingenuo estacional,0.0,0.24
2025-05-23,Precipitación,Ingenuo estacional,0.06,0.24
2025-05-24,Precipitación,Ingenuo estacional,0.47,0.24
2025-05-25,Precipitación,Ingenuo estacional,2.57,0.24
2025-05-26,Precipitación,Ingenuo estacional,1.7,0.24
2025-05-27,Precipitación,Ingenuo estacional,4.63,0.24
2025-05-28,Precipitación,Ingenuo estacional,0.08,0.24
2025-05-29,Precipitación,Ingenuo estacional,0.0,0.24
2025-05-30,Precipitación,Ingenuo estacional,0.0,0.24
2025-05-31,Precipitación,Ingenuo estacional,0.0,0.24
2025-06-01,Precipitación,Ingenuo estacional,0.0,0.24
2025-06-02,Precipitación,Ingenuo estacional,66.91,0.24
2025-06-03,Precipitación,Ingenuo estacional,0.0,0.24
2025-06-04,Precipitación,Ingenuo estacional,0.0,0.24
2025-06-05,Precipitación,Ingenuo estacional,0.01,0.24
2025-06-06,Precipitación,Ingenuo estacional,0.0,0.24
2025-06-07,Precipitación,Ingenuo estacional,0.26,0.24
2025-06-08,Precipitación,Ingenuo estacional,0.02,0.24
2025-06-09,Precipitación,Ingenuo estacional,0.0,0.24
2025-06-10,Precipitación,Ingenuo estacional,0.0,0.24
2025-06-11,Precipitación,Ingenuo estacional,0.0,0.24
2025-06-12,Precipitación,Ingenuo estacional,0.0,0.24
2025-06-13,Precipitación,Ingenuo estacional,3.88,0.24
2025-06-14,Precipitación,Ingenuo estacional,5.48,0.24
2025-06-15,Precipitación,Ingenuo estacional,0.0,0.24
2025-06-16,Precipitación,Ingenuo estacional,0.01,0.24
2025-06-17,Precipitación,Ingenuo estacional,0.0,0.24
2025-06-18,Precipitación,Ingenuo estacional,36.91,0.24
2025-06-19,Precipitación,Ingenuo estacional,29.86,0.24
2025-06-20,Precipitación,Ingenuo estacional,0.0,0.24
2025-06-21,Precipitación,Ingenuo estacional,0.0,0.24
2025-06-22,Precipitación,Ingenuo estacional,0.02,0.24
2025-06-23,Precipitación,Ingenuo estacional,0.0,0.24
2025-06-24,Precipitación,Ingenuo estacional,0.0,0.24
2025-06-25,Precipitación,Ingenuo estacional,0.0,0.24
2025-06-26,Precipitación,Ingenuo estacional,0.0,0.24
2025-06-27,Precipitación,Ingenuo estacional,0.0,0.24
2025-06-28,Precipitación,Ingenuo estacional,0.0,0.24
2025-06-29,Precipitación,Ingenuo estacional,0.0,0.24
2025-06-30,Precipitación,Ingenuo estacional,0.0,0.24
2025-07-01,Precipitación,Ingenuo estacional,0.0,0.24
2025-07-02,Precipitación,Ingenuo estacional,0.0,0.24
2025-07-03,Precipitación,Ingenuo estacional,0.0,0.24
2025-07-04,Precipitación,Ingenuo estacional,0.0,0.24
2025-07-05,Precipitación,Ingenuo estacional,0.0,0.24
2025-07-06,Precipitación,Ingenuo estacional,0.01,0.24
2025-07-07,Precipitación,Ingenuo estacional,0.17,0.24
2025-07-08,Precipitación,Ingenuo estacional,0.0,0.24
2025-07-09,Precipitación,Ingenuo estacional,0.01,0.24
2025-07-10,Precipitación,Ingenuo estacional,1.42,0.24
2025-07-11,Precipitación,Ingenuo estacional,2.72,0.24
2025-07-12,Precipitación,Ingenuo estacional,0.61,0.24
2025-07-13,Precipitación,Ingenuo estacional,0.0,0.24
2025-07-14,Precipitación,Ingenuo estacional,0.0,0.24
2025-07-15,Precipitación,Ingenuo estacional,0.38,0.24
2025-07-16,Precipitación,Ingenuo estacional,24.65,0.24
2025-07-17,Precipitación,Ingenuo estacional,0.0,0.24
2025-07-18,Precipitación,Ingenuo estacional,0.0,0.24
2025-07-19,Precipitación,Ingenuo estacional,0.0,0.24
2025-07-20,Precipitación,Ingenuo estacional,0.0,0.24
2025-07-21,Precipitación,Ingenuo estacional,0.0,0.24
2025-07-22,Precipitación,Ingenuo estacional,0.09,0.24
2025-07-23,Precipitación,Ingenuo estacional,6.67,0.24
2025-07-24,Precipitación,Ingenuo estacional,2.57,0.24
2025-07-25,Precipitación,Ingenuo estacional,0.06,0.24
2025-07-26,Precipitación,Ingenuo estacional,15.76,0.24
2025-07-27,Precipitación,Ingenuo estacional,12.21,0.24
2025-07-28,Precipitación,Ingenuo estacional,1.98,0.24
2025-07-29,Precipitación,Ingenuo estacional,0.0,0.24
2025-07-30,Precipitación,Ingenuo estacional,0.0,0.24
2025-07-31,Precipitación,Ingenuo estacional,0.19,0.24
2025-08-01,Precipitación,Ingenuo estacional,2.55,0.24
2025-08-02,Precipitación,Ingenuo estacional,0.22,0.24
2025-08-03,Precipitación,Ingenuo estacional,0.0,0.24
2025-08-04,Precipitación,Ingenuo estacional,0.0,0.24
2025-08-05,Precipitación,Ingenuo estacional,0.0,0.24
2025-08-06,Precipitación,Ingenuo estacional,0.0,0.24
2025-08-07,Precipitación,Ingenuo estacional,0.0,0.24
2025-08-08,Precipitación,Ingenuo estacional,0.0,0.24
2025-08-09,Precipitación,Ingenuo estacional,0.0,0.24
2025-08-10,Precipitación,Ingenuo estacional,0.0,0.24
2025-08-11,Precipitación,Ingenuo estacional,0.0,0.24
2025-08-12,Precipitación,Ingenuo estacional,0.0,0.24
2025-08-13,Precipitación,Ingenuo estacional,0.0,0.24
2025-08-14,Precipitación,Ingenuo estacional,0.0,0.24
2025-08-15,Precipitación,Ingenuo estacional,0.0,0.24
2025-08-16,Precipitación,Ingenuo estacional,0.0,0.24
2025-08-17,Precipitación,Ingenuo estacional,0.01,0.24
2025-08-18,Precipitación,Ingenuo estacional,4.47,0.24
2025-08-19,Precipitación,Ingenuo estacional,80.17,0.24
2025-08-20,Precipitación,Ingenuo estacional,1.99,0.24
2025-08-21,Precipitación,Ingenuo estacional,0.0,0.24
2025-08-22,Precipitación,Ingenuo estacional,0.0,0.24
2025-08-23,Precipitación,Ingenuo estacional,0.0,0.24
2025-08-24,Precipitación,Ingenuo estacional,0.0,0.24
2025-08-25,Precipitación,Ingenuo estacional,0.0,0.24
2025-08-26,Precipitación,Ingenuo estacional,0.0,0.24
2025-08-27,Precipitación,Ingenuo estacional,0.0,0.24
2025-08-28,Precipitación,Ingenuo estacional,0.0,0.24
2025-08-29,Precipitación,Ingenuo estacional,0.0,0.24
2025-08-30,Precipitación,Ingenuo estacional,46.82,0.24
2025-08-31,Precipitación,Ingenuo estacional,49.0,0.24
2025-09-01,Precipitación,Ingenuo estacional,1.59,0.24
2025-09-02,Precipitación,Ingenuo estacional,0.22,0.24
2025-09-03,Precipitación,Ingenuo estacional,0.52,0.24
2025-09-04,Precipitación,Ingenuo estacional,0.0,0.24
2025-09-05,Precipitación,Ingenuo estacional,0.0,0.24
2025-09-06,Precipitación,Ingenuo estacional,0.0,0.24
2025-09-07,Precipitación,Ingenuo estacional,0.0,0.24
2025-09-08,Precipitación,Ingenuo estacional,0.0,0.24
2025-09-09,Precipitación,Ingenuo estacional,0.0,0.24
2025-09-10,Precipitación,Ingenuo estacional,0.0,0.24
2025-09-11,Precipitación,Ingenuo estacional,0.0,0.24
2025-09-12,Precipitación,Ingenuo estacional,0.0,0.24
2025-09-13,Precipitación,Ingenuo estacional,0.0,0.24
2025-09-14,Precipitación,Ingenuo estacional,0.47,0.24
2025-09-15,Precipitación,Ingenuo estacional,3.06,0.24
2025-09-16,Precipitación,Ingenuo estacional,0.33,0.24
2025-09-17,Precipitación,Ingenuo estacional,0.98,0.24
2025-09-18,Precipitación,Ingenuo estacional,0.86,0.24
2025-09-19,Precipitación,Ingenuo estacional,1.44,0.24
2025-09-20,Precipitación,Ingenuo estacional,16.04,0.24
2025-09-21,Precipitación,Ingenuo estacional,0.19,0.24
2025-09-22,Precipitación,Ingenuo estacional,0.0,0.24
2025-09-23,Precipitación,Ingenuo estacional,0.0,0.24
2025-09-24,Precipitación,Ingenuo estacional,0.0,0.24
2025-09-25,Precipitación,Ingenuo estacional,0.0,0.24
2025-09-26,Precipitación,Ingenuo estacional,0.01,0.24
2025-09-27,Precipitación,Ingenuo estacional,16.96,0.24
2025-09-28,Precipitación,Ingenuo estacional,0.06,0.24
2025-09-29,Precipitación,Ingenuo estacional,0.0,0.24
2025-09-30,Precipitación,Ingenuo estacional,0.0,0.24
2025-10-01,Precipitación,Ingenuo estacional,0.0,0.24
2025-10-02,Precipitación,Ingenuo estacional,0.0,0.24
2025-10-03,Precipitación,Ingenuo estacional,0.0,0.24
2025-10-04,Precipitación,Ingenuo estacional,0.1,0.24
2025-10-05,Precipitación,Ingenuo estacional,31.27,0.24
2025-10-06,Precipitación,Ingenuo estacional,0.02,0.24
2025-10-07,Precipitación,Ingenuo estacional,0.0,0.24
2025-10-08,Precipitación,Ingenuo estacional,0.0,0.24
2025-10-09,Precipitación,Ingenuo estacional,0.0,0.24
2025-10-10,Precipitación,Ingenuo estacional,0.0,0.24
2025-10-11,Precipitación,Ingenuo estacional,1.73,0.24
2025-10-12,Precipitación,Ingenuo estacional,0.0,0.24
2025-10-13,Precipitación,Ingenuo estacional,0.0,0.24
2025-10-14,Precipitación,Ingenuo estacional,0.0,0.24
2025-10-15,Precipitación,Ingenuo estacional,0.0,0.24
2025-10-16,Precipitación,Ingenuo estacional,0.24,0.24
2025-10-17,Precipitación,Ingenuo estacional,0.87,0.24
2025-10-18,Precipitación,Ingenuo estacional,0.01,0.24
2025-10-19,Precipitación,Ingenuo estacional,0.0,0.24
2025-10-20,Precipitación,Ingenuo estacional,0.0,0.24
2025-10-21,Precipitación,Ingenuo estacional,0.0,0.24
2025-10-22,Precipitación,Ingenuo estacional,0.0,0.24
2025-10-23,Precipitación,Ingenuo estacional,0.0,0.24
2025-10-24,Precipitación,Ingenuo estacional,1.62,0.24
2025-10-25,Precipitación,Ingenuo estacional,0.91,0.24
2025-10-26,Precipitación,Ingenuo estacional,0.0,0.24
2025-10-27,Precipitación,Ingenuo estacional,0.08,0.24
2025-10-28,Precipitación,Ingenuo estacional,0.1,0.24
2025-10-29,Precipitación,Ingenuo estacional,0.0,0.24
2025-10-30,Precipitación,Ingenuo estacional,0.0,0.24
2025-10-31,Precipitación,Ingenuo estacional,0.0,0.24
2025-11-01,Precipitación,Ingenuo estacional,0.0,0.24
2025-11-02,Precipitación,Ingenuo estacional,0.0,0.24
2025-11-03,Precipitación,Ingenuo estacional,2.67,0.24
2025-11-04,Precipitación,Ingenuo estacional,19.95,0.24
2025-11-05,Precipitación,Ingenuo estacional,0.32,0.24
2025-11-06,Precipitación,Ingenuo estacional,0.0,0.24
2025-11-07,Precipitación,Ingenuo estacional,18.9,0.24
2025-11-08,Precipitación,Ingenuo estacional,0.07,0.24
2025-11-09,Precipitación,Ingenuo estacional,0.0,0.24
2025-11-10,Precipitación,Ingenuo estacional,0.0,0.24
2025-11-11,Precipitación,Ingenuo estacional,4.07,0.24
2025-11-12,Precipitación,Ingenuo estacional,0.6,0.24
2025-11-13,Precipitación,Ingenuo estacional,0.19,0.24
2025-11-14,Precipitación,Ingenuo estacional,0.0,0.24
2025-11-15,Precipitación,Ingenuo estacional,4.88,0.24
2025-11-16,Precipitación,Ingenuo estacional,37.54,0.24
2025-11-17,Precipitación,Ingenuo estacional,0.0,0.24
2025-11-18,Precipitación,Ingenuo estacional,0.0,0.24
2025-11-19,Precipitación,Ingenuo estacional,0.0,0.24
2025-11-20,Precipitación,Ingenuo estacional,12.62,0.24
2025-11-21,Precipitación,Ingenuo estacional,0.13,0.24
2025-11-22,Precipitación,Ingenuo estacional,0.0,0.24
2025-11-23,Precipitación,Ingenuo estacional,0.0,0.24
2025-11-24,Precipitación,Ingenuo estacional,0.0,0.24
2025-11-25,Precipitación,Ingenuo estacional,0.0,0.24
2025-11-26,Precipitación,Ingenuo estacional,0.0,0.24
2025-11-27,Precipitación,Ingenuo estacional,0.63,0.24
2025-11-28,Precipitación,Ingenuo estacional,0.16,0.24
2025-11-29,Precipitación,Ingenuo estacional,5.06,0.24
2025-11-30,Precipitación,Ingenuo estacional,12.61,0.24
2025-12-01,Precipitación,Ingenuo estacional,0.47,0.24
2025-12-02,Precipitación,Ingenuo estacional,0.0,0.24
2025-12-03,Precipitación,Ingenuo estacional,0.0,0.24
2025-12-04,Precipitación,Ingenuo estacional,0.02,0.24
2025-12-05,Precipitación,Ingenuo estacional,0.0,0.24
2025-12-06,Precipitación,Ingenuo estacional,0.0,0.24
2025-12-07,Precipitación,Ingenuo estacional,0.05,0.24
2025-12-08,Precipitación,Ingenuo estacional,0.35,0.24
2025-12-09,Precipitación,Ingenuo estacional,0.71,0.24
2025-12-10,Precipitación,Ingenuo estacional,0.18,0.24
2025-12-11,Precipitación,Ingenuo estacional,2.55,0.24
2025-12-12,Precipitación,Ingenuo estacional,12.66,0.24
2025-12-13,Precipitación,Ingenuo estacional,0.0,0.24
2025-12-14,Precipitación,Ingenuo estacional,35.63,0.24
2025-12-15,Precipitación,Ingenuo estacional,1.35,0.24
2025-12-16,Precipitación,Ingenuo estacional,0.0,0.24
2025-12-17,Precipitación,Ingenuo estacional,0.0,0.24
2025-12-18,Precipitación,Ingenuo estacional,0.0,0.24
2025-12-19,Precipitación,Ingenuo estacional,0.0,0.24
2025-12-20,Precipitación,Ingenuo estacional,35.72,0.24
2025-12-21,Precipitación,Ingenuo estacional,4.42,0.24
2025-12-22,Precipitación,Ingenuo estacional,0.19,0.24
2025-12-23,Precipitación,Ingenuo estacional,0.01,0.24
2025-12-24,Precipitación,Ingenuo estacional,2.45,0.24
2025-12-25,Precipitación,Ingenuo estacional,1.49,0.24
2025-12-26,Precipitación,Ingenuo estacional,0.0,0.24
2025-12-27,Precipitación,Ingenuo estacional,0.7,0.24
2025-12-28,Precipitación,Ingenuo estacional,1.16,0.24
2025-12-29,Precipitación,Ingenuo estacional,0.45,0.24
2025-12-30,Precipitación,Ingenuo estacional,0.0,0.24
2025-12-31,Precipitación,Ingenuo estacional,0.0,0.24
2025-01-01,Precipitación,"ARIMA(1,1,1)",0.07,2.3032250491091735
2025-01-02,Precipitación,"ARIMA(1,1,1)",0.0,2.770112529703327
2025-01-03,Precipitación,"ARIMA(1,1,1)",0.0,2.8757645620057044
2025-01-04,Precipitación,"ARIMA(1,1,1)",0.0,2.899672574950103
2025-01-05,Precipitación,"ARIMA(1,1,1)",0.0,2.9050827224928746
2025-01-06,Precipitación,"ARIMA(1,1,1)",0.0,2.906306985525634
2025-01-07,Precipitación,"ARIMA(1,1,1)",0.0,2.9065840241759724
2025-01-08,Precipitación,"ARIMA(1,1,1)",0.0,2.9066467152903224
2025-01-09,Precipitación,"ARIMA(1,1,1)",0.0,2.906660901671225
2025-01-10,Precipitación,"ARIMA(1,1,1)",0.0,2.9066641119093135
2025-01-11,Precipitación,"ARIMA(1,1,1)",0.0,2.906664838354533
2025-01-12,Precipitación,"ARIMA(1,1,1)",0.0,2.9066650027419216
2025-01-13,Precipitación,"ARIMA(1,1,1)",0.0,2.9066650399411667
2025-01-14,Precipitación,"ARIMA(1,1,1)",0.0,2.906665048358989
2025-01-15,Precipitación,"ARIMA(1,1,1)",0.0,2.906665050263859
2025-01-16,Precipitación,"ARIMA(1,1,1)",0.04,2.9066650506949125
2025-01-17,Precipitación,"ARIMA(1,1,1)",1.56,2.906665050792456
2025-01-18,Precipitación,"ARIMA(1,1,1)",4.02,2.906665050814529
2025-01-19,Precipitación,"ARIMA(1,1,1)",7.67,2.906665050819524
2025-01-20,Precipitación,"ARIMA(1,1,1)",0.07,2.906665050820654
2025-01-21,Precipitación,"ARIMA(1,1,1)",0.0,2.90666505082091
2025-01-22,Precipitación,"ARIMA(1,1,1)",0.0,2.9066650508209677
2025-01-23,Precipitación,"ARIMA(1,1,1)",0.31,2.9066650508209806
2025-01-24,Precipitación,"ARIMA(1,1,1)",19.54,2.9066650508209837
2025-01-25,Precipitación,"ARIMA(1,1,1)",0.91,2.9066650508209846
2025-01-26,Precipitación,"ARIMA(1,1,1)",2.22,2.9066650508209846
2025-01-27,Precipitación,"ARIMA(1,1,1)",1.5,2.9066650508209846
2025-01-28,Precipitación,"ARIMA(1,1,1)",3.21,2.9066650508209846
2025-01-29,Precipitación,"ARIMA(1,1,1)",0.0,2.9066650508209846
2025-01-30,Precipitación,"ARIMA(1,1,1)",0.0,2.9066650508209846
2025-01-31,Precipitación,"ARIMA(1,1,1)",0.0,2.9066650508209846
2025-02-01,Precipitación,"ARIMA(1,1,1)",0.0,2.9066650508209846
2025-02-02,Precipitación,"ARIMA(1,1,1)",0.0,2.9066650508209846
2025-02-03,Precipitación,"ARIMA(1,1,1)",0.0,2.9066650508209846
2025-02-04,Precipitación,"ARIMA(1,1,1)",9.34,2.9066650508209846
2025-02-05,Precipitación,"ARIMA(1,1,1)",65.53,2.9066650508209846
2025-02-06,Precipitación,"ARIMA(1,1,1)",1.23,2.9066650508209846
2025-02-07,Precipitación,"ARIMA(1,1,1)",0.0,2.9066650508209846
2025-02-08,Precipitación,"ARIMA(1,1,1)",0.0,2.9066650508209846
2025-02-09,Precipitación,"ARIMA(1,1,1)",0.91,2.9066650508209846
2025-02-10,Precipitación,"ARIMA(1,1,1)",0.0,2.9066650508209846
2025-02-11,Precipitación,"ARIMA(1,1,1)",5.81,2.9066650508209846
2025-02-12,Precipitación,"ARIMA(1,1,1)",23.81,2.9066650508209846
2025-02-13,Precipitación,"ARIMA(1,1,1)",0.0,2.9066650508209846
2025-02-14,Precipitación,"ARIMA(1,1,1)",0.09,2.9066650508209846
2025-02-15,Precipitación,"ARIMA(1,1,1)",13.16,2.9066650508209846
2025-02-16,Precipitación,"ARIMA(1,1,1)",15.91,2.9066650508209846
2025-02-17,Precipitación,"ARIMA(1,1,1)",0.02,2.9066650508209846
2025-02-18,Precipitación,"ARIMA(1,1,1)",0.0,2.9066650508209846
2025-02-19,Precipitación,"ARIMA(1,1,1)",0.0,2.9066650508209846
2025-02-20,Precipitación,"ARIMA(1,1,1)",0.0,2.9066650508209846
2025-02-21,Precipitación,"ARIMA(1,1,1)",2.13,2.9066650508209846
2025-02-22,Precipitación,"ARIMA(1,1,1)",1.09,2.9066650508209846
2025-02-23,Precipitación,"ARIMA(1,1,1)",1.87,2.9066650508209846
2025-02-24,Precipitación,"ARIMA(1,1,1)",37.34,2.9066650508209846
2025-02-25,Precipitación,"ARIMA(1,1,1)",36.0,2.9066650508209846
2025-02-26,Precipitación,"ARIMA(1,1,1)",4.94,2.9066650508209846
2025-02-27,Precipitación,"ARIMA(1,1,1)",3.81,2.9066650508209846
2025-02-28,Precipitación,"ARIMA(1,1,1)",22.68,2.9066650508209846
2025-03-01,Precipitación,"ARIMA(1,1,1)",7.25,2.9066650508209846
2025-03-02,Precipitación,"ARIMA(1,1,1)",2.59,2.9066650508209846
2025-03-03,Precipitación,"ARIMA(1,1,1)",20.81,2.9066650508209846
2025-03-04,Precipitación,"ARIMA(1,1,1)",0.17,2.9066650508209846
2025-03-05,Precipitación,"ARIMA(1,1,1)",0.06,2.9066650508209846
2025-03-06,Precipitación,"ARIMA(1,1,1)",0.2,2.9066650508209846
2025-03-07,Precipitación,"ARIMA(1,1,1)",1.77,2.9066650508209846
2025-03-08,Precipitación,"ARIMA(1,1,1)",29.78,2.9066650508209846
2025-03-09,Precipitación,"ARIMA(1,1,1)",0.17,2.9066650508209846
2025-03-10,Precipitación,"ARIMA(1,1,1)",0.0,2.9066650508209846
2025-03-11,Precipitación,"ARIMA(1,1,1)",1.05,2.9066650508209846
2025-03-12,Precipitación,"ARIMA(1,1,1)",3.4,2.9066650508209846
2025-03-13,Precipitación,"ARIMA(1,1,1)",0.0,2.9066650508209846
2025-03-14,Precipitación,"ARIMA(1,1,1)",0.0,2.9066650508209846
2025-03-15,Precipitación,"ARIMA(1,1,1)",0.01,2.9066650508209846
2025-03-16,Precipitación,"ARIMA(1,1,1)",0.96,2.9066650508209846
2025-03-17,Precipitación,"ARIMA(1,1,1)",0.27,2.9066650508209846
2025-03-18,Precipitación,"ARIMA(1,1,1)",0.0,2.9066650508209846
2025-03-19,Precipitación,"ARIMA(1,1,1)",0.0,2.9066650508209846
2025-03-20,Precipitación,"ARIMA(1,1,1)",0.0,2.9066650508209846
2025-03-21,Precipitación,"ARIMA(1,1,1)",0.83,2.9066650508209846
2025-03-22,Precipitación,"ARIMA(1,1,1)",0.52,2.9066650508209846
2025-03-23,Precipitación,"ARIMA(1,1,1)",13.52,2.9066650508209846
2025-03-24,Precipitación,"ARIMA(1,1,1)",4.27,2.9066650508209846
2025-03-25,Precipitación,"ARIMA(1,1,1)",3.38,2.9066650508209846
2025-03-26,Precipitación,"ARIMA(1,1,1)",0.48,2.9066650508209846
2025-03-27,Precipitación,"ARIMA(1,1,1)",13.68,2.9066650508209846
2025-03-28,Precipitación,"ARIMA(1,1,1)",16.88,2.9066650508209846
2025-03-29,Precipitación,"ARIMA(1,1,1)",0.0,2.9066650508209846
2025-03-30,Precipitación,"ARIMA(1,1,1)",3.13,2.9066650508209846
2025-03-31,Precipitación,"ARIMA(1,1,1)",2.2,2.9066650508209846
2025-04-01,Precipitación,"ARIMA(1,1,1)",0.12,2.9066650508209846
2025-04-02,Precipitación,"ARIMA(1,1,1)",0.0,2.9066650508209846
2025-04-03,Precipitación,"ARIMA(1,1,1)",0.0,2.9066650508209846
2025-04-04,Precipitación,"ARIMA(1,1,1)",0.0,2.9066650508209846
2025-04-05,Precipitación,"ARIMA(1,1,1)",0.0,2.9066650508209846
2025-04-06,Precipitación,"ARIMA(1,1,1)",4.36,2.9066650508209846
2025-04-07,Precipitación,"ARIMA(1,1,1)",38.63,2.9066650508209846
2025-04-08,Precipitación,"ARIMA(1,1,1)",2.11,2.9066650508209846
2025-04-09,Precipitación,"ARIMA(1,1,1)",0.32,2.9066650508209846
2025-04-10,Precipitación,"ARIMA(1,1,1)",0.16,2.9066650508209846
2025-04-11,Precipitación,"ARIMA(1,1,1)",0.78,2.9066650508209846
2025-04-12,Precipitación,"ARIMA(1,1,1)",0.46,2.9066650508209846
2025-04-13,Precipitación,"ARIMA(1,1,1)",0.0,2.9066650508209846
2025-04-14,Precipitación,"ARIMA(1,1,1)",0.09,2.9066650508209846
2025-04-15,Precipitación,"ARIMA(1,1,1)",0.35,2.9066650508209846
2025-04-16,Precipitación,"ARIMA(1,1,1)",1.49,2.9066650508209846
2025-04-17,Precipitación,"ARIMA(1,1,1)",2.19,2.9066650508209846
2025-04-18,Precipitación,"ARIMA(1,1,1)",0.62,2.9066650508209846
2025-04-19,Precipitación,"ARIMA(1,1,1)",0.0,2.9066650508209846
2025-04-20,Precipitación,"ARIMA(1,1,1)",3.8,2.9066650508209846
2025-04-21,Precipitación,"ARIMA(1,1,1)",0.02,2.9066650508209846
2025-04-22,Precipitación,"ARIMA(1,1,1)",0.0,2.9066650508209846
2025-04-23,Precipitación,"ARIMA(1,1,1)",0.03,2.9066650508209846
2025-04-24,Precipitación,"ARIMA(1,1,1)",5.75,2.9066650508209846
2025-04-25,Precipitación,"ARIMA(1,1,1)",0.32,2.9066650508209846
2025-04-26,Precipitación,"ARIMA(1,1,1)",1.04,2.9066650508209846
2025-04-27,Precipitación,"ARIMA(1,1,1)",0.02,2.9066650508209846
2025-04-28,Precipitación,"ARIMA(1,1,1)",0.0,2.9066650508209846
2025-04-29,Precipitación,"ARIMA(1,1,1)",0.0,2.9066650508209846
2025-04-30,Precipitación,"ARIMA(1,1,1)",0.0,2.9066650508209846
2025-05-01,Precipitación,"ARIMA(1,1,1)",0.0,2.9066650508209846
2025-05-02,Precipitación,"ARIMA(1,1,1)",0.0,2.9066650508209846
2025-05-03,Precipitación,"ARIMA(1,1,1)",0.0,2.9066650508209846
2025-05-04,Precipitación,"ARIMA(1,1,1)",2.82,2.9066650508209846
2025-05-05,Precipitación,"ARIMA(1,1,1)",3.98,2.9066650508209846
2025-05-06,Precipitación,"ARIMA(1,1,1)",3.03,2.9066650508209846
2025-05-07,Precipitación,"ARIMA(1,1,1)",1.61,2.9066650508209846
2025-05-08,Precipitación,"ARIMA(1,1,1)",0.25,2.9066650508209846
2025-05-09,Precipitación,"ARIMA(1,1,1)",0.0,2.9066650508209846
2025-05-10,Precipitación,"ARIMA(1,1,1)",0.0,2.9066650508209846
2025-05-11,Precipitación,"ARIMA(1,1,1)",0.0,2.9066650508209846
2025-05-12,Precipitación,"ARIMA(1,1,1)",0.0,2.9066650508209846
2025-05-13,Precipitación,"ARIMA(1,1,1)",0.0,2.9066650508209846
2025-05-14,Precipitación,"ARIMA(1,1,1)",0.02,2.9066650508209846
2025-05-15,Precipitación,"ARIMA(1,1,1)",3.46,2.9066650508209846
2025-05-16,Precipitación,"ARIMA(1,1,1)",6.29,2.9066650508209846
2025-05-17,Precipitación,"ARIMA(1,1,1)",65.97,2.9066650508209846
2025-05-18,Precipitación,"ARIMA(1,1,1)",19.79,2.9066650508209846
2025-05-19,Precipitación,"ARIMA(1,1,1)",0.56,2.9066650508209846
2025-05-20,Precipitación,"ARIMA(1,1,1)",0.01,2.9066650508209846
2025-05-21,Precipitación,"ARIMA(1,1,1)",0.0,2.9066650508209846
2025-05-22,Precipitación,"ARIMA(1,1,1)",0.0,2.9066650508209846
2025-05-23,Precipitación,"ARIMA(1,1,1)",0.06,2.9066650508209846
2025-05-24,Precipitación,"ARIMA(1,1,1)",0.47,2.9066650508209846
2025-05-25,Precipitación,"ARIMA(1,1,1)",2.57,2.9066650508209846
2025-05-26,Precipitación,"ARIMA(1,1,1)",1.7,2.9066650508209846
2025-05-27,Precipitación,"ARIMA(1,1,1)",4.63,2.9066650508209846
2025-05-28,Precipitación,"ARIMA(1,1,1)",0.08,2.9066650508209846
2025-05-29,Precipitación,"ARIMA(1,1,1)",0.0,2.9066650508209846
2025-05-30,Precipitación,"ARIMA(1,1,1)",0.0,2.9066650508209846
2025-05-31,Precipitación,"ARIMA(1,1,1)",0.0,2.9066650508209846
2025-06-01,Precipitación,"ARIMA(1,1,1)",0.0,2.9066650508209846
2025-06-02,Precipitación,"ARIMA(1,1,1)",66.91,2.9066650508209846
2025-06-03,Precipitación,"ARIMA(1,1,1)",0.0,2.9066650508209846
2025-06-04,Precipitación,"ARIMA(1,1,1)",0.0,2.9066650508209846
2025-06-05,Precipitación,"ARIMA(1,1,1)",0.01,2.9066650508209846
2025-06-06,Precipitación,"ARIMA(1,1,1)",0.0,2.9066650508209846
2025-06-07,Precipitación,"ARIMA(1,1,1)",0.26,2.9066650508209846
2025-06-08,Precipitación,"ARIMA(1,1,1)",0.02,2.9066650508209846
2025-06-09,Precipitación,"ARIMA(1,1,1)",0.0,2.9066650508209846
2025-06-10,Precipitación,"ARIMA(1,1,1)",0.0,2.9066650508209846
2025-06-11,Precipitación,"ARIMA(1,1,1)",0.0,2.9066650508209846
2025-06-12,Precipitación,"ARIMA(1,1,1)",0.0,2.9066650508209846
2025-06-13,Precipitación,"ARIMA(1,1,1)",3.88,2.9066650508209846
2025-06-14,Precipitación,"ARIMA(1,1,1)",5.48,2.9066650508209846
2025-06-15,Precipitación,"ARIMA(1,1,1)",0.0,2.9066650508209846
2025-06-16,Precipitación,"ARIMA(1,1,1)",0.01,2.9066650508209846
2025-06-17,Precipitación,"ARIMA(1,1,1)",0.0,2.9066650508209846
2025-06-18,Precipitación,"ARIMA(1,1,1)",36.91,2.9066650508209846
2025-06-19,Precipitación,"ARIMA(1,1,1)",29.86,2.9066650508209846
2025-06-20,Precipitación,"ARIMA(1,1,1)",0.0,2.9066650508209846
2025-06-21,Precipitación,"ARIMA(1,1,1)",0.0,2.9066650508209846
2025-06-22,Precipitación,"ARIMA(1,1,1)",0.02,2.9066650508209846
2025-06-23,Precipitación,"ARIMA(1,1,1)",0.0,2.9066650508209846
2025-06-24,Precipitación,"ARIMA(1,1,1)",0.0,2.9066650508209846
2025-06-25,Precipitación,"ARIMA(1,1,1)",0.0,2.9066650508209846
2025-06-26,Precipitación,"ARIMA(1,1,1)",0.0,2.9066650508209846
2025-06-27,Precipitación,"ARIMA(1,1,1)",0.0,2.9066650508209846
2025-06-28,Precipitación,"ARIMA(1,1,1)",0.0,2.9066650508209846
2025-06-29,Precipitación,"ARIMA(1,1,1)",0.0,2.9066650508209846
2025-06-30,Precipitación,"ARIMA(1,1,1)",0.0,2.9066650508209846
2025-07-01,Precipitación,"ARIMA(1,1,1)",0.0,2.9066650508209846
2025-07-02,Precipitación,"ARIMA(1,1,1)",0.0,2.9066650508209846
2025-07-03,Precipitación,"ARIMA(1,1,1)",0.0,2.9066650508209846
2025-07-04,Precipitación,"ARIMA(1,1,1)",0.0,2.9066650508209846
2025-07-05,Precipitación,"ARIMA(1,1,1)",0.0,2.9066650508209846
2025-07-06,Precipitación,"ARIMA(1,1,1)",0.01,2.9066650508209846
2025-07-07,Precipitación,"ARIMA(1,1,1)",0.17,2.9066650508209846
2025-07-08,Precipitación,"ARIMA(1,1,1)",0.0,2.9066650508209846
2025-07-09,Precipitación,"ARIMA(1,1,1)",0.01,2.9066650508209846
2025-07-10,Precipitación,"ARIMA(1,1,1)",1.42,2.9066650508209846
2025-07-11,Precipitación,"ARIMA(1,1,1)",2.72,2.9066650508209846
2025-07-12,Precipitación,"ARIMA(1,1,1)",0.61,2.9066650508209846
2025-07-13,Precipitación,"ARIMA(1,1,1)",0.0,2.9066650508209846
2025-07-14,Precipitación,"ARIMA(1,1,1)",0.0,2.9066650508209846
2025-07-15,Precipitación,"ARIMA(1,1,1)",0.38,2.9066650508209846
2025-07-16,Precipitación,"ARIMA(1,1,1)",24.65,2.9066650508209846
2025-07-17,Precipitación,"ARIMA(1,1,1)",0.0,2.9066650508209846
2025-07-18,Precipitación,"ARIMA(1,1,1)",0.0,2.9066650508209846
2025-07-19,Precipitación,"ARIMA(1,1,1)",0.0,2.9066650508209846
2025-07-20,Precipitación,"ARIMA(1,1,1)",0.0,2.9066650508209846
2025-07-21,Precipitación,"ARIMA(1,1,1)",0.0,2.9066650508209846
2025-07-22,Precipitación,"ARIMA(1,1,1)",0.09,2.9066650508209846
2025-07-23,Precipitación,"ARIMA(1,1,1)",6.67,2.9066650508209846
2025-07-24,Precipitación,"ARIMA(1,1,1)",2.57,2.9066650508209846
2025-07-25,Precipitación,"ARIMA(1,1,1)",0.06,2.9066650508209846
2025-07-26,Precipitación,"ARIMA(1,1,1)",15.76,2.9066650508209846
2025-07-27,Precipitación,"ARIMA(1,1,1)",12.21,2.9066650508209846
2025-07-28,Precipitación,"ARIMA(1,1,1)",1.98,2.9066650508209846
2025-07-29,Precipitación,"ARIMA(1,1,1)",0.0,2.9066650508209846
2025-07-30,Precipitación,"ARIMA(1,1,1)",0.0,2.9066650508209846
2025-07-31,Precipitación,"ARIMA(1,1,1)",0.19,2.9066650508209846
2025-08-01,Precipitación,"ARIMA(1,1,1)",2.55,2.9066650508209846
2025-08-02,Precipitación,"ARIMA(1,1,1)",0.22,2.9066650508209846
2025-08-03,Precipitación,"ARIMA(1,1,1)",0.0,2.9066650508209846
2025-08-04,Precipitación,"ARIMA(1,1,1)",0.0,2.9066650508209846
2025-08-05,Precipitación,"ARIMA(1,1,1)",0.0,2.9066650508209846
2025-08-06,Precipitación,"ARIMA(1,1,1)",0.0,2.9066650508209846
2025-08-07,Precipitación,"ARIMA(1,1,1)",0.0,2.9066650508209846
2025-08-08,Precipitación,"ARIMA(1,1,1)",0.0,2.9066650508209846
2025-08-09,Precipitación,"ARIMA(1,1,1)",0.0,2.9066650508209846
2025-08-10,Precipitación,"ARIMA(1,1,1)",0.0,2.9066650508209846
2025-08-11,Precipitación,"ARIMA(1,1,1)",0.0,2.9066650508209846
2025-08-12,Precipitación,"ARIMA(1,1,1)",0.0,2.9066650508209846
2025-08-13,Precipitación,"ARIMA(1,1,1)",0.0,2.9066650508209846
2025-08-14,Precipitación,"ARIMA(1,1,1)",0.0,2.9066650508209846
2025-08-15,Precipitación,"ARIMA(1,1,1)",0.0,2.9066650508209846
2025-08-16,Precipitación,"ARIMA(1,1,1)",0.0,2.9066650508209846
2025-08-17,Precipitación,"ARIMA(1,1,1)",0.01,2.9066650508209846
2025-08-18,Precipitación,"ARIMA(1,1,1)",4.47,2.9066650508209846
2025-08-19,Precipitación,"ARIMA(1,1,1)",80.17,2.9066650508209846
2025-08-20,Precipitación,"ARIMA(1,1,1)",1.99,2.9066650508209846
2025-08-21,Precipitación,"ARIMA(1,1,1)",0.0,2.9066650508209846
2025-08-22,Precipitación,"ARIMA(1,1,1)",0.0,2.9066650508209846
2025-08-23,Precipitación,"ARIMA(1,1,1)",0.0,2.9066650508209846
2025-08-24,Precipitación,"ARIMA(1,1,1)",0.0,2.9066650508209846
2025-08-25,Precipitación,"ARIMA(1,1,1)",0.0,2.9066650508209846
2025-08-26,Precipitación,"ARIMA(1,1,1)",0.0,2.9066650508209846
2025-08-27,Precipitación,"ARIMA(1,1,1)",0.0,2.9066650508209846
2025-08-28,Precipitación,"ARIMA(1,1,1)",0.0,2.9066650508209846
2025-08-29,Precipitación,"ARIMA(1,1,1)",0.0,2.9066650508209846
2025-08-30,Precipitación,"ARIMA(1,1,1)",46.82,2.9066650508209846
2025-08-31,Precipitación,"ARIMA(1,1,1)",49.0,2.9066650508209846
2025-09-01,Precipitación,"ARIMA(1,1,1)",1.59,2.9066650508209846
2025-09-02,Precipitación,"ARIMA(1,1,1)",0.22,2.9066650508209846
2025-09-03,Precipitación,"ARIMA(1,1,1)",0.52,2.9066650508209846
2025-09-04,Precipitación,"ARIMA(1,1,1)",0.0,2.9066650508209846
2025-09-05,Precipitación,"ARIMA(1,1,1)",0.0,2.9066650508209846
2025-09-06,Precipitación,"ARIMA(1,1,1)",0.0,2.9066650508209846
2025-09-07,Precipitación,"ARIMA(1,1,1)",0.0,2.9066650508209846
2025-09-08,Precipitación,"ARIMA(1,1,1)",0.0,2.9066650508209846
2025-09-09,Precipitación,"ARIMA(1,1,1)",0.0,2.9066650508209846
2025-09-10,Precipitación,"ARIMA(1,1,1)",0.0,2.9066650508209846
2025-09-11,Precipitación,"ARIMA(1,1,1)",0.0,2.9066650508209846
2025-09-12,Precipitación,"ARIMA(1,1,1)",0.0,2.9066650508209846
2025-09-13,Precipitación,"ARIMA(1,1,1)",0.0,2.9066650508209846
2025-09-14,Precipitación,"ARIMA(1,1,1)",0.47,2.9066650508209846
2025-09-15,Precipitación,"ARIMA(1,1,1)",3.06,2.9066650508209846
2025-09-16,Precipitación,"ARIMA(1,1,1)",0.33,2.9066650508209846
2025-09-17,Precipitación,"ARIMA(1,1,1)",0.98,2.9066650508209846
2025-09-18,Precipitación,"ARIMA(1,1,1)",0.86,2.9066650508209846
2025-09-19,Precipitación,"ARIMA(1,1,1)",1.44,2.9066650508209846
2025-09-20,Precipitación,"ARIMA(1,1,1)",16.04,2.9066650508209846
2025-09-21,Precipitación,"ARIMA(1,1,1)",0.19,2.9066650508209846
2025-09-22,Precipitación,"ARIMA(1,1,1)",0.0,2.9066650508209846
2025-09-23,Precipitación,"ARIMA(1,1,1)",0.0,2.9066650508209846
2025-09-24,Precipitación,"ARIMA(1,1,1)",0.0,2.9066650508209846
2025-09-25,Precipitación,"ARIMA(1,1,1)",0.0,2.9066650508209846
2025-09-26,Precipitación,"ARIMA(1,1,1)",0.01,2.9066650508209846
2025-09-27,Precipitación,"ARIMA(1,1,1)",16.96,2.9066650508209846
2025-09-28,Precipitación,"ARIMA(1,1,1)",0.06,2.9066650508209846
2025-09-29,Precipitación,"ARIMA(1,1,1)",0.0,2.9066650508209846
2025-09-30,Precipitación,"ARIMA(1,1,1)",0.0,2.9066650508209846
2025-10-01,Precipitación,"ARIMA(1,1,1)",0.0,2.9066650508209846
2025-10-02,Precipitación,"ARIMA(1,1,1)",0.0,2.9066650508209846
2025-10-03,Precipitación,"ARIMA(1,1,1)",0.0,2.9066650508209846
2025-10-04,Precipitación,"ARIMA(1,1,1)",0.1,2.9066650508209846
2025-10-05,Precipitación,"ARIMA(1,1,1)",31.27,2.9066650508209846
2025-10-06,Precipitación,"ARIMA(1,1,1)",0.02,2.9066650508209846
2025-10-07,Precipitación,"ARIMA(1,1,1)",0.0,2.9066650508209846
2025-10-08,Precipitación,"ARIMA(1,1,1)",0.0,2.9066650508209846
2025-10-09,Precipitación,"ARIMA(1,1,1)",0.0,2.9066650508209846
2025-10-10,Precipitación,"ARIMA(1,1,1)",0.0,2.9066650508209846
2025-10-11,Precipitación,"ARIMA(1,1,1)",1.73,2.9066650508209846
2025-10-12,Precipitación,"ARIMA(1,1,1)",0.0,2.9066650508209846
2025-10-13,Precipitación,"ARIMA(1,1,1)",0.0,2.9066650508209846
2025-10-14,Precipitación,"ARIMA(1,1,1)",0.0,2.9066650508209846
2025-10-15,Precipitación,"ARIMA(1,1,1)",0.0,2.9066650508209846
2025-10-16,Precipitación,"ARIMA(1,1,1)",0.24,2.9066650508209846
2025-10-17,Precipitación,"ARIMA(1,1,1)",0.87,2.9066650508209846
2025-10-18,Precipitación,"ARIMA(1,1,1)",0.01,2.9066650508209846
2025-10-19,Precipitación,"ARIMA(1,1,1)",0.0,2.9066650508209846
2025-10-20,Precipitación,"ARIMA(1,1,1)",0.0,2.9066650508209846
2025-10-21,Precipitación,"ARIMA(1,1,1)",0.0,2.9066650508209846
2025-10-22,Precipitación,"ARIMA(1,1,1)",0.0,2.9066650508209846
2025-10-23,Precipitación,"ARIMA(1,1,1)",0.0,2.9066650508209846
2025-10-24,Precipitación,"ARIMA(1,1,1)",1.62,2.9066650508209846
2025-10-25,Precipitación,"ARIMA(1,1,1)",0.91,2.9066650508209846
2025-10-26,Precipitación,"ARIMA(1,1,1)",0.0,2.9066650508209846
2025-10-27,Precipitación,"ARIMA(1,1,1)",0.08,2.9066650508209846
2025-10-28,Precipitación,"ARIMA(1,1,1)",0.1,2.9066650508209846
2025-10-29,Precipitación,"ARIMA(1,1,1)",0.0,2.9066650508209846
2025-10-30,Precipitación,"ARIMA(1,1,1)",0.0,2.9066650508209846
2025-10-31,Precipitación,"ARIMA(1,1,1)",0.0,2.9066650508209846
2025-11-01,Precipitación,"ARIMA(1,1,1)",0.0,2.9066650508209846
2025-11-02,Precipitación,"ARIMA(1,1,1)",0.0,2.9066650508209846
2025-11-03,Precipitación,"ARIMA(1,1,1)",2.67,2.9066650508209846
2025-11-04,Precipitación,"ARIMA(1,1,1)",19.95,2.9066650508209846
2025-11-05,Precipitación,"ARIMA(1,1,1)",0.32,2.9066650508209846
2025-11-06,Precipitación,"ARIMA(1,1,1)",0.0,2.9066650508209846
2025-11-07,Precipitación,"ARIMA(1,1,1)",18.9,2.9066650508209846
2025-11-08,Precipitación,"ARIMA(1,1,1)",0.07,2.9066650508209846
2025-11-09,Precipitación,"ARIMA(1,1,1)",0.0,2.9066650508209846
2025-11-10,Precipitación,"ARIMA(1,1,1)",0.0,2.9066650508209846
2025-11-11,Precipitación,"ARIMA(1,1,1)",4.07,2.9066650508209846
2025-11-12,Precipitación,"ARIMA(1,1,1)",0.6,2.9066650508209846
2025-11-13,Precipitación,"ARIMA(1,1,1)",0.19,2.9066650508209846
2025-11-14,Precipitación,"ARIMA(1,1,1)",0.0,2.9066650508209846
2025-11-15,Precipitación,"ARIMA(1,1,1)",4.88,2.9066650508209846
2025-11-16,Precipitación,"ARIMA(1,1,1)",37.54,2.9066650508209846
2025-11-17,Precipitación,"ARIMA(1,1,1)",0.0,2.9066650508209846
2025-11-18,Precipitación,"ARIMA(1,1,1)",0.0,2.9066650508209846
2025-11-19,Precipitación,"ARIMA(1,1,1)",0.0,2.9066650508209846
2025-11-20,Precipitación,"ARIMA(1,1,1)",12.62,2.9066650508209846
2025-11-21,Precipitación,"ARIMA(1,1,1)",0.13,2.9066650508209846
2025-11-22,Precipitación,"ARIMA(1,1,1)",0.0,2.9066650508209846
2025-11-23,Precipitación,"ARIMA(1,1,1)",0.0,2.9066650508209846
2025-11-24,Precipitación,"ARIMA(1,1,1)",0.0,2.9066650508209846
2025-11-25,Precipitación,"ARIMA(1,1,1)",0.0,2.9066650508209846
2025-11-26,Precipitación,"ARIMA(1,1,1)",0.0,2.9066650508209846
2025-11-27,Precipitación,"ARIMA(1,1,1)",0.63,2.9066650508209846
2025-11-28,Precipitación,"ARIMA(1,1,1)",0.16,2.9066650508209846
2025-11-29,Precipitación,"ARIMA(1,1,1)",5.06,2.9066650508209846
2025-11-30,Precipitación,"ARIMA(1,1,1)",12.61,2.9066650508209846
2025-12-01,Precipitación,"ARIMA(1,1,1)",0.47,2.9066650508209846
2025-12-02,Precipitación,"ARIMA(1,1,1)",0.0,2.9066650508209846
2025-12-03,Precipitación,"ARIMA(1,1,1)",0.0,2.9066650508209846
2025-12-04,Precipitación,"ARIMA(1,1,1)",0.02,2.9066650508209846
2025-12-05,Precipitación,"ARIMA(1,1,1)",0.0,2.9066650508209846
2025-12-06,Precipitación,"ARIMA(1,1,1)",0.0,2.9066650508209846
2025-12-07,Precipitación,"ARIMA(1,1,1)",0.05,2.9066650508209846
2025-12-08,Precipitación,"ARIMA(1,1,1)",0.35,2.9066650508209846
2025-12-09,Precipitación,"ARIMA(1,1,1)",0.71,2.9066650508209846
2025-12-10,Precipitación,"ARIMA(1,1,1)",0.18,2.9066650508209846
2025-12-11,Precipitación,"ARIMA(1,1,1)",2.55,2.9066650508209846
2025-12-12,Precipitación,"ARIMA(1,1,1)",12.66,2.9066650508209846
2025-12-13,Precipitación,"ARIMA(1,1,1)",0.0,2.9066650508209846
2025-12-14,Precipitación,"ARIMA(1,1,1)",35.63,2.9066650508209846
2025-12-15,Precipitación,"ARIMA(1,1,1)",1.35,2.9066650508209846
2025-12-16,Precipitación,"ARIMA(1,1,1)",0.0,2.9066650508209846
2025-12-17,Precipitación,"ARIMA(1,1,1)",0.0,2.9066650508209846
2025-12-18,Precipitación,"ARIMA(1,1,1)",0.0,2.9066650508209846
2025-12-19,Precipitación,"ARIMA(1,1,1)",0.0,2.9066650508209846
2025-12-20,Precipitación,"ARIMA(1,1,1)",35.72,2.9066650508209846
2025-12-21,Precipitación,"ARIMA(1,1,1)",4.42,2.9066650508209846
2025-12-22,Precipitación,"ARIMA(1,1,1)",0.19,2.9066650508209846
2025-12-23,Precipitación,"ARIMA(1,1,1)",0.01,2.9066650508209846
2025-12-24,Precipitación,"ARIMA(1,1,1)",2.45,2.9066650508209846
2025-12-25,Precipitación,"ARIMA(1,1,1)",1.49,2.9066650508209846
2025-12-26,Precipitación,"ARIMA(1,1,1)",0.0,2.9066650508209846
2025-12-27,Precipitación,"ARIMA(1,1,1)",0.7,2.9066650508209846
2025-12-28,Precipitación,"ARIMA(1,1,1)",1.16,2.9066650508209846
2025-12-29,Precipitación,"ARIMA(1,1,1)",0.45,2.9066650508209846
2025-12-30,Precipitación,"ARIMA(1,1,1)",0.0,2.9066650508209846
2025-12-31,Precipitación,"ARIMA(1,1,1)",0.0,2.9066650508209846
2025-01-01,Precipitación,Suavizado exponencial,0.07,3.0631935827927808
2025-01-02,Precipitación,Suavizado exponencial,0.0,3.063301524099289
2025-01-03,Precipitación,Suavizado exponencial,0.0,3.0634089256992643
2025-01-04,Precipitación,Suavizado exponencial,0.0,3.0635157902912398
2025-01-05,Precipitación,Suavizado exponencial,0.0,3.0636221205602556
2025-01-06,Precipitación,Suavizado exponencial,0.0,3.0637279191779263
2025-01-07,Precipitación,Suavizado exponencial,0.0,3.0638331888025085
2025-01-08,Precipitación,Suavizado exponencial,0.0,3.063937932078968
2025-01-09,Precipitación,Suavizado exponencial,0.0,3.064042151639045
2025-01-10,Precipitación,Suavizado exponencial,0.0,3.0641458501013217
2025-01-11,Precipitación,Suavizado exponencial,0.0,3.064249030071287
2025-01-12,Precipitación,Suavizado exponencial,0.0,3.0643516941414024
2025-01-13,Precipitación,Suavizado exponencial,0.0,3.064453844891167
2025-01-14,Precipitación,Suavizado exponencial,0.0,3.064555484887183
2025-01-15,Precipitación,Suavizado exponencial,0.0,3.0646566166832194
2025-01-16,Precipitación,Suavizado exponencial,0.04,3.064757242820275
2025-01-17,Precipitación,Suavizado exponencial,1.56,3.064857365826646
2025-01-18,Precipitación,Suavizado exponencial,4.02,3.0649569882179843
2025-01-19,Precipitación,Suavizado exponencial,7.67,3.0650561124973663
2025-01-20,Precipitación,Suavizado exponencial,0.07,3.0651547411553515
2025-01-21,Precipitación,Suavizado exponencial,0.0,3.065252876670047
2025-01-22,Precipitación,Suavizado exponencial,0.0,3.0653505215071686
2025-01-23,Precipitación,Suavizado exponencial,0.31,3.0654476781201043
2025-01-24,Precipitación,Suavizado exponencial,19.54,3.065544348949976
2025-01-25,Precipitación,Suavizado exponencial,0.91,3.065640536425698
2025-01-26,Precipitación,Suavizado exponencial,2.22,3.0657362429640416
2025-01-27,Precipitación,Suavizado exponencial,1.5,3.065831470969693
2025-01-28,Precipitación,Suavizado exponencial,3.21,3.0659262228353166
2025-01-29,Precipitación,Suavizado exponencial,0.0,3.0660205009416117
2025-01-30,Precipitación,Suavizado exponencial,0.0,3.066114307657376
2025-01-31,Precipitación,Suavizado exponencial,0.0,3.066207645339561
2025-02-01,Precipitación,Suavizado exponencial,0.0,3.066300516333335
2025-02-02,Precipitación,Suavizado exponencial,0.0,3.06639292297214
2025-02-03,Precipitación,Suavizado exponencial,0.0,3.0664848675777514
2025-02-04,Precipitación,Suavizado exponencial,9.34,3.0665763524603347
2025-02-05,Precipitación,Suavizado exponencial,65.53,3.066667379918505
2025-02-06,Precipitación,Suavizado exponencial,1.23,3.066757952239384
2025-02-07,Precipitación,Suavizado exponencial,0.0,3.0668480716986593
2025-02-08,Precipitación,Suavizado exponencial,0.0,3.066937740560638
2025-02-09,Precipitación,Suavizado exponencial,0.91,3.0670269610783065
2025-02-10,Precipitación,Suavizado exponencial,0.0,3.067115735493387
2025-02-11,Precipitación,Suavizado exponencial,5.81,3.0672040660363917
2025-02-12,Precipitación,Suavizado exponencial,23.81,3.0672919549266817
2025-02-13,Precipitación,Suavizado exponencial,0.0,3.06737940437252
2025-02-14,Precipitación,Suavizado exponencial,0.09,3.0674664165711296
2025-02-15,Precipitación,Suavizado exponencial,13.16,3.067552993708746
2025-02-16,Precipitación,Suavizado exponencial,15.91,3.0676391379606742
2025-02-17,Precipitación,Suavizado exponencial,0.02,3.067724851491343
2025-02-18,Precipitación,Suavizado exponencial,0.0,3.0678101364543577
2025-02-19,Precipitación,Suavizado exponencial,0.0,3.067894994992558
2025-02-20,Precipitación,Suavizado exponencial,0.0,3.067979429238067
2025-02-21,Precipitación,Suavizado exponencial,2.13,3.068063441312349
2025-02-22,Precipitación,Suavizado exponencial,1.09,3.068147033326259
2025-02-23,Precipitación,Suavizado exponencial,1.87,3.0682302073800996
2025-02-24,Precipitación,Suavizado exponencial,37.34,3.068312965563671
2025-02-25,Precipitación,Suavizado exponencial,36.0,3.0683953099563244
2025-02-26,Precipitación,Suavizado exponencial,4.94,3.068477242627015
2025-02-27,Precipitación,Suavizado exponencial,3.81,3.068558765634352
2025-02-28,Precipitación,Suavizado exponencial,22.68,3.0686398810266518
2025-03-01,Precipitación,Suavizado exponencial,7.25,3.0687205908419903
2025-03-02,Precipitación,Suavizado exponencial,2.59,3.0688008971082525
2025-03-03,Precipitación,Suavizado exponencial,20.81,3.068880801843183
2025-03-04,Precipitación,Suavizado exponencial,0.17,3.0689603070544393
2025-03-05,Precipitación,Suavizado exponencial,0.06,3.0690394147396387
2025-03-06,Precipitación,Suavizado exponencial,0.2,3.0691181268864125
2025-03-07,Precipitación,Suavizado exponencial,1.77,3.0691964454724525
2025-03-08,Precipitación,Suavizado exponencial,29.78,3.069274372465562
2025-03-09,Precipitación,Suavizado exponencial,0.17,3.0693519098237063
2025-03-10,Precipitación,Suavizado exponencial,0.0,3.0694290594950595
2025-03-11,Precipitación,Suavizado exponencial,1.05,3.0695058234180563
2025-03-12,Precipitación,Suavizado exponencial,3.4,3.069582203521438
2025-03-13,Precipitación,Suavizado exponencial,0.0,3.0696582017243026
2025-03-14,Precipitación,Suavizado exponencial,0.0,3.069733819936153
2025-03-15,Precipitación,Suavizado exponencial,0.01,3.069809060056944
2025-03-16,Precipitación,Suavizado exponencial,0.96,3.069883923977131
2025-03-17,Precipitación,Suavizado exponencial,0.27,3.0699584135777176
2025-03-18,Precipitación,Suavizado exponencial,0.0,3.070032530730301
2025-03-19,Precipitación,Suavizado exponencial,0.0,3.0701062772971213
2025-03-20,Precipitación,Suavizado exponencial,0.0,3.0701796551311076
2025-03-21,Precipitación,Suavizado exponencial,0.83,3.070252666075924
2025-03-22,Precipitación,Suavizado exponencial,0.52,3.0703253119660165
2025-03-23,Precipitación,Suavizado exponencial,13.52,3.0703975946266584
2025-03-24,Precipitación,Suavizado exponencial,4.27,3.070469515873997
2025-03-25,Precipitación,Suavizado exponencial,3.38,3.0705410775150987
2025-03-26,Precipitación,Suavizado exponencial,0.48,3.0706122813479952
2025-03-27,Precipitación,Suavizado exponencial,13.68,3.0706831291617274
2025-03-28,Precipitación,Suavizado exponencial,16.88,3.0707536227363903
2025-03-29,Precipitación,Suavizado exponencial,0.0,3.0708237638431806
2025-03-30,Precipitación,Suavizado exponencial,3.13,3.0708935542444364
2025-03-31,Precipitación,Suavizado exponencial,2.2,3.0709629956936864
2025-04-01,Precipitación,Suavizado exponencial,0.12,3.0710320899356898
2025-04-02,Precipitación,Suavizado exponencial,0.0,3.0711008387064833
2025-04-03,Precipitación,Suavizado exponencial,0.0,3.0711692437334226
2025-04-04,Precipitación,Suavizado exponencial,0.0,3.0712373067352274
2025-04-05,Precipitación,Suavizado exponencial,0.0,3.071305029422023
2025-04-06,Precipitación,Suavizado exponencial,4.36,3.0713724134953853
2025-04-07,Precipitación,Suavizado exponencial,38.63,3.07143946064838
2025-04-08,Precipitación,Suavizado exponencial,2.11,3.07150617256561
2025-04-09,Precipitación,Suavizado exponencial,0.32,3.071572550923254
2025-04-10,Precipitación,Suavizado exponencial,0.16,3.0716385973891094
2025-04-11,Precipitación,Suavizado exponencial,0.78,3.071704313622636
2025-04-12,Precipitación,Suavizado exponencial,0.46,3.0717697012749947
2025-04-13,Precipitación,Suavizado exponencial,0.0,3.0718347619890918
2025-04-14,Precipitación,Suavizado exponencial,0.09,3.071899497399618
2025-04-15,Precipitación,Suavizado exponencial,0.35,3.071963909133092
2025-04-16,Precipitación,Suavizado exponencial,1.49,3.0720279988078985
2025-04-17,Precipitación,Suavizado exponencial,2.19,3.0720917680343307
2025-04-18,Precipitación,Suavizado exponencial,0.62,3.0721552184146312
2025-04-19,Precipitación,Suavizado exponencial,0.0,3.0722183515430297
2025-04-20,Precipitación,Suavizado exponencial,3.8,3.0722811690057865
2025-04-21,Precipitación,Suavizado exponencial,0.02,3.0723436723812294
2025-04-22,Precipitación,Suavizado exponencial,0.0,3.0724058632397955
2025-04-23,Precipitación,Suavizado exponencial,0.03,3.072467743144068
2025-04-24,Precipitación,Suavizado exponencial,5.75,3.07252931364882
2025-04-25,Precipitación,Suavizado exponencial,0.32,3.0725905763010477
2025-04-26,Precipitación,Suavizado exponencial,1.04,3.0726515326400143
2025-04-27,Precipitación,Suavizado exponencial,0.02,3.0727121841972864
2025-04-28,Precipitación,Suavizado exponencial,0.0,3.0727725324967716
2025-04-29,Precipitación,Suavizado exponencial,0.0,3.0728325790547597
2025-04-30,Precipitación,Suavizado exponencial,0.0,3.072892325379958
2025-05-01,Precipitación,Suavizado exponencial,0.0,3.0729517729735303
2025-05-02,Precipitación,Suavizado exponencial,0.0,3.0730109233291345
2025-05-03,Precipitación,Suavizado exponencial,0.0,3.0730697779329605
2025-05-04,Precipitación,Suavizado exponencial,2.82,3.0731283382637677
2025-05-05,Precipitación,Suavizado exponencial,3.98,3.073186605792921
2025-05-06,Precipitación,Suavizado exponencial,3.03,3.073244581984428
2025-05-07,Precipitación,Suavizado exponencial,1.61,3.0733022682949778
2025-05-08,Precipitación,Suavizado exponencial,0.25,3.073359666173975
2025-05-09,Precipitación,Suavizado exponencial,0.0,3.073416777063577
2025-05-10,Precipitación,Suavizado exponencial,0.0,3.073473602398731
2025-05-11,Precipitación,Suavizado exponencial,0.0,3.073530143607209
2025-05-12,Precipitación,Suavizado exponencial,0.0,3.0735864021096453
2025-05-13,Precipitación,Suavizado exponencial,0.0,3.0736423793195686
2025-05-14,Precipitación,Suavizado exponencial,0.02,3.073698076643443
2025-05-15,Precipitación,Suavizado exponencial,3.46,3.0737534954806978
2025-05-16,Precipitación,Suavizado exponencial,6.29,3.073808637223766
2025-05-17,Precipitación,Suavizado exponencial,65.97,3.073863503258119
2025-05-18,Precipitación,Suavizado exponencial,19.79,3.0739180949623006
2025-05-19,Precipitación,Suavizado exponencial,0.56,3.0739724137079607
2025-05-20,Precipitación,Suavizado exponencial,0.01,3.074026460859893
2025-05-21,Precipitación,Suavizado exponencial,0.0,3.0740802377760654
2025-05-22,Precipitación,Suavizado exponencial,0.0,3.074133745807657
2025-05-23,Precipitación,Suavizado exponencial,0.06,3.0741869862990905
2025-05-24,Precipitación,Suavizado exponencial,0.47,3.0742399605880673
2025-05-25,Precipitación,Suavizado exponencial,2.57,3.074292670005599
2025-05-26,Precipitación,Suavizado exponencial,1.7,3.0743451158760426
2025-05-27,Precipitación,Suavizado exponencial,4.63,3.0743972995171345
2025-05-28,Precipitación,Suavizado exponencial,0.08,3.0744492222400206
2025-05-29,Precipitación,Suavizado exponencial,0.0,3.0745008853492926
2025-05-30,Precipitación,Suavizado exponencial,0.0,3.074552290143018
2025-05-31,Precipitación,Suavizado exponencial,0.0,3.0746034379127747
2025-06-01,Precipitación,Suavizado exponencial,0.0,3.074654329943683
2025-06-02,Precipitación,Suavizado exponencial,66.91,3.0747049675144362
2025-06-03,Precipitación,Suavizado exponencial,0.0,3.074755351897336
2025-06-04,Precipitación,Suavizado exponencial,0.0,3.0748054843583215
2025-06-05,Precipitación,Suavizado exponencial,0.01,3.0748553661570015
2025-06-06,Precipitación,Suavizado exponencial,0.0,3.0749049985466885
2025-06-07,Precipitación,Suavizado exponencial,0.26,3.074954382774427
2025-06-08,Precipitación,Suavizado exponencial,0.02,3.075003520081027
2025-06-09,Precipitación,Suavizado exponencial,0.0,3.0750524117010936
2025-06-10,Precipitación,Suavizado exponencial,0.0,3.07510105886306
2025-06-11,Precipitación,Suavizado exponencial,0.0,3.0751494627892164
2025-06-12,Precipitación,Suavizado exponencial,0.0,3.0751976246957424
2025-06-13,Precipitación,Suavizado exponencial,3.88,3.0752455457927357
2025-06-14,Precipitación,Suavizado exponencial,5.48,3.0752932272842437
2025-06-15,Precipitación,Suavizado exponencial,0.0,3.0753406703682944
2025-06-16,Precipitación,Suavizado exponencial,0.01,3.075387876236925
2025-06-17,Precipitación,Suavizado exponencial,0.0,3.075434846076212
2025-06-18,Precipitación,Suavizado exponencial,36.91,3.0754815810663034
2025-06-19,Precipitación,Suavizado exponencial,29.86,3.0755280823814437
2025-06-20,Precipitación,Suavizado exponencial,0.0,3.075574351190008
2025-06-21,Precipitación,Suavizado exponencial,0.0,3.07562038865453
2025-06-22,Precipitación,Suavizado exponencial,0.02,3.0756661959317295
2025-06-23,Precipitación,Suavizado exponencial,0.0,3.0757117741725426
2025-06-24,Precipitación,Suavizado exponencial,0.0,3.075757124522152
2025-06-25,Precipitación,Suavizado exponencial,0.0,3.075802248120013
2025-06-26,Precipitación,Suavizado exponencial,0.0,3.075847146099885
2025-06-27,Precipitación,Suavizado exponencial,0.0,3.0758918195898572
2025-06-28,Precipitación,Suavizado exponencial,0.0,3.07593626971238
2025-06-29,Precipitación,Suavizado exponencial,0.0,3.07598049758429
2025-06-30,Precipitación,Suavizado exponencial,0.0,3.0760245043168406
2025-07-01,Precipitación,Suavizado exponencial,0.0,3.076068291015728
2025-07-02,Precipitación,Suavizado exponencial,0.0,3.076111858781122
2025-07-03,Precipitación,Suavizado exponencial,0.0,3.076155208707688
2025-07-04,Precipitación,Suavizado exponencial,0.0,3.0761983418846213
2025-07-05,Precipitación,Suavizado exponencial,0.0,3.0762412593956703
2025-07-06,Precipitación,Suavizado exponencial,0.01,3.0762839623191636
2025-07-07,Precipitación,Suavizado exponencial,0.17,3.0763264517280398
2025-07-08,Precipitación,Suavizado exponencial,0.0,3.0763687286898715
2025-07-09,Precipitación,Suavizado exponencial,0.01,3.076410794266894
2025-07-10,Precipitación,Suavizado exponencial,1.42,3.076452649516032
2025-07-11,Precipitación,Suavizado exponencial,2.72,3.0764942954889234
2025-07-12,Precipitación,Suavizado exponencial,0.61,3.0765357332319505
2025-07-13,Precipitación,Suavizado exponencial,0.0,3.076576963786263
2025-07-14,Precipitación,Suavizado exponencial,0.0,3.0766179881878033
2025-07-15,Precipitación,Suavizado exponencial,0.38,3.076658807467336
2025-07-16,Precipitación,Suavizado exponencial,24.65,3.0766994226504716
2025-07-17,Precipitación,Suavizado exponencial,0.0,3.0767398347576913
2025-07-18,Precipitación,Suavizado exponencial,0.0,3.0767800448043747
2025-07-19,Precipitación,Suavizado exponencial,0.0,3.076820053800825
2025-07-20,Precipitación,Suavizado exponencial,0.0,3.0768598627522925
2025-07-21,Precipitación,Suavizado exponencial,0.0,3.076899472659003
2025-07-22,Precipitación,Suavizado exponencial,0.09,3.07693888451618
2025-07-23,Precipitación,Suavizado exponencial,6.67,3.0769780993140707
2025-07-24,Precipitación,Suavizado exponencial,2.57,3.0770171180379724
2025-07-25,Precipitación,Suavizado exponencial,0.06,3.0770559416682546
2025-07-26,Precipitación,Suavizado exponencial,15.76,3.077094571180385
2025-07-27,Precipitación,Suavizado exponencial,12.21,3.0771330075449552
2025-07-28,Precipitación,Suavizado exponencial,1.98,3.077171251727702
2025-07-29,Precipitación,Suavizado exponencial,0.0,3.0772093046895357
2025-07-30,Precipitación,Suavizado exponencial,0.0,3.07724716738656
2025-07-31,Precipitación,Suavizado exponencial,0.19,3.077284840770099
2025-08-01,Precipitación,Suavizado exponencial,2.55,3.0773223257867204
2025-08-02,Precipitación,Suavizado exponencial,0.22,3.0773596233782587
2025-08-03,Precipitación,Suavizado exponencial,0.0,3.0773967344818396
2025-08-04,Precipitación,Suavizado exponencial,0.0,3.077433660029902
2025-08-05,Precipitación,Suavizado exponencial,0.0,3.0774704009502245
2025-08-06,Precipitación,Suavizado exponencial,0.0,3.0775069581659453
2025-08-07,Precipitación,Suavizado exponencial,0.0,3.0775433325955874
2025-08-08,Precipitación,Suavizado exponencial,0.0,3.0775795251530815
2025-08-09,Precipitación,Suavizado exponencial,0.0,3.077615536747788
2025-08-10,Precipitación,Suavizado exponencial,0.0,3.077651368284521
2025-08-11,Precipitación,Suavizado exponencial,0.0,3.0776870206635705
2025-08-12,Precipitación,Suavizado exponencial,0.0,3.0777224947807245
2025-08-13,Precipitación,Suavizado exponencial,0.0,3.0777577915272927
2025-08-14,Precipitación,Suavizado exponencial,0.0,3.0777929117901284
2025-08-15,Precipitación,Suavizado exponencial,0.0,3.0778278564516492
2025-08-16,Precipitación,Suavizado exponencial,0.0,3.077862626389863
2025-08-17,Precipitación,Suavizado exponencial,0.01,3.0778972224783856
2025-08-18,Precipitación,Suavizado exponencial,4.47,3.0779316455864656
2025-08-19,Precipitación,Suavizado exponencial,80.17,3.077965896579005
2025-08-20,Precipitación,Suavizado exponencial,1.99,3.0779999763165824
2025-08-21,Precipitación,Suavizado exponencial,0.0,3.078033885655471
2025-08-22,Precipitación,Suavizado exponencial,0.0,3.078067625447666
2025-08-23,Precipitación,Suavizado exponencial,0.0,3.0781011965408993
2025-08-24,Precipitación,Suavizado exponencial,0.0,3.0781345997786667
2025-08-25,Precipitación,Suavizado exponencial,0.0,3.0781678360002456
2025-08-26,Precipitación,Suavizado exponencial,0.0,3.078200906040716
2025-08-27,Precipitación,Suavizado exponencial,0.0,3.0782338107309846
2025-08-28,Precipitación,Suavizado exponencial,0.0,3.0782665508978013
2025-08-29,Precipitación,Suavizado exponencial,0.0,3.0782991273637843
2025-08-30,Precipitación,Suavizado exponencial,46.82,3.0783315409474374
2025-08-31,Precipitación,Suavizado exponencial,49.0,3.078363792463172
2025-09-01,Precipitación,Suavizado exponencial,1.59,3.078395882721328
2025-09-02,Precipitación,Suavizado exponencial,0.22,3.078427812528193
2025-09-03,Precipitación,Suavizado exponencial,0.52,3.0784595826860244
2025-09-04,Precipitación,Suavizado exponencial,0.0,3.078491193993066
2025-09-05,Precipitación,Suavizado exponencial,0.0,3.078522647243573
2025-09-06,Precipitación,Suavizado exponencial,0.0,3.078553943227827
2025-09-07,Precipitación,Suavizado exponencial,0.0,3.0785850827321597
2025-09-08,Precipitación,Suavizado exponencial,0.0,3.0786160665389706
2025-09-09,Precipitación,Suavizado exponencial,0.0,3.078646895426748
2025-09-10,Precipitación,Suavizado exponencial,0.0,3.078677570170086
2025-09-11,Precipitación,Suavizado exponencial,0.0,3.0787080915397076
2025-09-12,Precipitación,Suavizado exponencial,0.0,3.078738460302481
2025-09-13,Precipitación,Suavizado exponencial,0.0,3.0787686772214404
2025-09-14,Precipitación,Suavizado exponencial,0.47,3.0787987430558053
2025-09-15,Precipitación,Suavizado exponencial,3.06,3.078828658560998
2025-09-16,Precipitación,Suavizado exponencial,0.33,3.078858424488665
2025-09-17,Precipitación,Suavizado exponencial,0.98,3.0788880415866933
2025-09-18,Precipitación,Suavizado exponencial,0.86,3.078917510599232
2025-09-19,Precipitación,Suavizado exponencial,1.44,3.0789468322667077
2025-09-20,Precipitación,Suavizado exponencial,16.04,3.078976007325846
2025-09-21,Precipitación,Suavizado exponencial,0.19,3.0790050365096886
2025-09-22,Precipitación,Suavizado exponencial,0.0,3.0790339205476123
2025-09-23,Precipitación,Suavizado exponencial,0.0,3.079062660165346
2025-09-24,Precipitación,Suavizado exponencial,0.0,3.0790912560849915
2025-09-25,Precipitación,Suavizado exponencial,0.0,3.079119709025038
2025-09-26,Precipitación,Suavizado exponencial,0.01,3.079148019700385
2025-09-27,Precipitación,Suavizado exponencial,16.96,3.079176188822355
2025-09-28,Precipitación,Suavizado exponencial,0.06,3.0792042170987153
2025-09-29,Precipitación,Suavizado exponencial,0.0,3.0792321052336935
2025-09-30,Precipitación,Suavizado exponencial,0.0,3.0792598539279967
2025-10-01,Precipitación,Suavizado exponencial,0.0,3.079287463878829
2025-10-02,Precipitación,Suavizado exponencial,0.0,3.0793149357799066
2025-10-03,Precipitación,Suavizado exponencial,0.0,3.079342270321479
2025-10-04,Precipitación,Suavizado exponencial,0.1,3.0793694681903436
2025-10-05,Precipitación,Suavizado exponencial,31.27,3.0793965300698636
2025-10-06,Precipitación,Suavizado exponencial,0.02,3.0794234566399865
2025-10-07,Precipitación,Suavizado exponencial,0.0,3.0794502485772584
2025-10-08,Precipitación,Suavizado exponencial,0.0,3.079476906554844
2025-10-09,Precipitación,Suavizado exponencial,0.0,3.0795034312425416
2025-10-10,Precipitación,Suavizado exponencial,0.0,3.079529823306801
2025-10-11,Precipitación,Suavizado exponencial,1.73,3.079556083410739
2025-10-12,Precipitación,Suavizado exponencial,0.0,3.079582212214157
2025-10-13,Precipitación,Suavizado exponencial,0.0,3.079608210373558
2025-10-14,Precipitación,Suavizado exponencial,0.0,3.079634078542162
2025-10-15,Precipitación,Suavizado exponencial,0.0,3.0796598173699232
2025-10-16,Precipitación,Suavizado exponencial,0.24,3.079685427503546
2025-10-17,Precipitación,Suavizado exponencial,0.87,3.0797109095865
2025-10-18,Precipitación,Suavizado exponencial,0.01,3.079736264259039
2025-10-19,Precipitación,Suavizado exponencial,0.0,3.079761492158216
2025-10-20,Precipitación,Suavizado exponencial,0.0,3.079786593917897
2025-10-21,Precipitación,Suavizado exponencial,0.0,3.079811570168779
2025-10-22,Precipitación,Suavizado exponencial,0.0,3.0798364215384075
2025-10-23,Precipitación,Suavizado exponencial,0.0,3.079861148651187
2025-10-24,Precipitación,Suavizado exponencial,1.62,3.079885752128403
2025-10-25,Precipitación,Suavizado exponencial,0.91,3.079910232588233
2025-10-26,Precipitación,Suavizado exponencial,0.0,3.079934590645764
2025-10-27,Precipitación,Suavizado exponencial,0.08,3.079958826913007
2025-10-28,Precipitación,Suavizado exponencial,0.1,3.0799829419989138
2025-10-29,Precipitación,Suavizado exponencial,0.0,3.0800069365093914
2025-10-30,Precipitación,Suavizado exponencial,0.0,3.0800308110473162
2025-10-31,Precipitación,Suavizado exponencial,0.0,3.0800545662125516
2025-11-01,Precipitación,Suavizado exponencial,0.0,3.080078202601961
2025-11-02,Precipitación,Suavizado exponencial,0.0,3.080101720809423
2025-11-03,Precipitación,Suavizado exponencial,2.67,3.080125121425848
2025-11-04,Precipitación,Suavizado exponencial,19.95,3.0801484050391905
2025-11-05,Precipitación,Suavizado exponencial,0.32,3.0801715722344665
2025-11-06,Precipitación,Suavizado exponencial,0.0,3.080194623593766
2025-11-07,Precipitación,Suavizado exponencial,18.9,3.080217559696269
2025-11-08,Precipitación,Suavizado exponencial,0.07,3.0802403811182595
2025-11-09,Precipitación,Suavizado exponencial,0.0,3.0802630884331403
2025-11-10,Precipitación,Suavizado exponencial,0.0,3.0802856822114464
2025-11-11,Precipitación,Suavizado exponencial,4.07,3.080308163020861
2025-11-12,Precipitación,Suavizado exponencial,0.6,3.080330531426229
2025-11-13,Precipitación,Suavizado exponencial,0.19,3.0803527879895696
2025-11-14,Precipitación,Suavizado exponencial,0.0,3.0803749332700936
2025-11-15,Precipitación,Suavizado exponencial,4.88,3.080396967824215
2025-11-16,Precipitación,Suavizado exponencial,37.54,3.0804188922055658
2025-11-17,Precipitación,Suavizado exponencial,0.0,3.08044070696501
2025-11-18,Precipitación,Suavizado exponencial,0.0,3.0804624126506566
2025-11-19,Precipitación,Suavizado exponencial,0.0,3.0804840098078756
2025-11-20,Precipitación,Suavizado exponencial,12.62,3.080505498979308
2025-11-21,Precipitación,Suavizado exponencial,0.13,3.0805268807048836
2025-11-22,Precipitación,Suavizado exponencial,0.0,3.080548155521831
2025-11-23,Precipitación,Suavizado exponencial,0.0,3.0805693239646934
2025-11-24,Precipitación,Suavizado exponencial,0.0,3.080590386565342
2025-11-25,Precipitación,Suavizado exponencial,0.0,3.080611343852987
2025-11-26,Precipitación,Suavizado exponencial,0.0,3.0806321963541943
2025-11-27,Precipitación,Suavizado exponencial,0.63,3.080652944592895
2025-11-28,Precipitación,Suavizado exponencial,0.16,3.0806735890904027
2025-11-29,Precipitación,Suavizado exponencial,5.06,3.0806941303654227
2025-11-30,Precipitación,Suavizado exponencial,12.61,3.0807145689340674
2025-12-01,Precipitación,Suavizado exponencial,0.47,3.080734905309869
2025-12-02,Precipitación,Suavizado exponencial,0.0,3.0807551400037916
2025-12-03,Precipitación,Suavizado exponencial,0.0,3.0807752735242446
2025-12-04,Precipitación,Suavizado exponencial,0.02,3.080795306377095
2025-12-05,Precipitación,Suavizado exponencial,0.0,3.0808152390656818
2025-12-06,Precipitación,Suavizado exponencial,0.0,3.0808350720908253
2025-12-07,Precipitación,Suavizado exponencial,0.05,3.080854805950843
2025-12-08,Precipitación,Suavizado exponencial,0.35,3.0808744411415607
2025-12-09,Precipitación,Suavizado exponencial,0.71,3.080893978156325
2025-12-10,Precipitación,Suavizado exponencial,0.18,3.080913417486015
2025-12-11,Precipitación,Suavizado exponencial,2.55,3.0809327596190568
2025-12-12,Precipitación,Suavizado exponencial,12.66,3.0809520050414334
2025-12-13,Precipitación,Suavizado exponencial,0.0,3.0809711542366984
2025-12-14,Precipitación,Suavizado exponencial,35.63,3.0809902076859865
2025-12-15,Precipitación,Suavizado exponencial,1.35,3.0810091658680285
2025-12-16,Precipitación,Suavizado exponencial,0.0,3.0810280292591603
2025-12-17,Precipitación,Suavizado exponencial,0.0,3.0810467983333365
2025-12-18,Precipitación,Suavizado exponencial,0.0,3.0810654735621417
2025-12-19,Precipitación,Suavizado exponencial,0.0,3.081084055414803
2025-12-20,Precipitación,Suavizado exponencial,35.72,3.081102544358201
2025-12-21,Precipitación,Suavizado exponencial,4.42,3.081120940856882
2025-12-22,Precipitación,Suavizado exponencial,0.19,3.0811392453730693
2025-12-23,Precipitación,Suavizado exponencial,0.01,3.081157458366676
2025-12-24,Precipitación,Suavizado exponencial,2.45,3.0811755802953145
2025-12-25,Precipitación,Suavizado exponencial,1.49,3.0811936116143097
2025-12-26,Precipitación,Suavizado exponencial,0.0,3.0812115527767103
2025-12-27,Precipitación,Suavizado exponencial,0.7,3.0812294042332984
2025-12-28,Precipitación,Suavizado exponencial,1.16,3.081247166432604
2025-12-29,Precipitación,Suavizado exponencial,0.45,3.081264839820913
2025-12-30,Precipitación,Suavizado exponencial,0.0,3.0812824248422803
2025-12-31,Precipitación,Suavizado exponencial,0.0,3.0812999219385406
