fecha,serie,conjunto,observado,prediccion,error
2023-01-31,Viajes MBTB,Training,4047.0,3772.7103763735413,274.2896236264587
2023-02-01,Viajes MBTB,Training,3787.0,3857.387134886584,-70.38713488658414
2023-02-02,Viajes MBTB,Training,3965.0,3801.823703039659,163.176296960341
2023-02-03,Viajes MBTB,Training,3958.0,3306.0625863255746,651.9374136744254
2023-02-04,Viajes MBTB,Training,3117.0,3101.3559771240143,15.644022875985684
2023-02-05,Viajes MBTB,Training,3079.0,2940.5449445784266,138.45505542157343
2023-02-06,Viajes MBTB,Training,4084.0,4081.5788384715383,2.421161528461653
2023-02-07,Viajes MBTB,Training,4100.0,4211.748596728304,-111.74859672830371
2023-02-08,Viajes MBTB,Training,4326.0,4159.98607632933,166.01392367067
2023-02-09,Viajes MBTB,Training,4087.0,4198.1197866659295,-111.1197866659295
2023-02-10,Viajes MBTB,Training,3759.0,3742.0202955611758,16.97970443882423
2023-02-11,Viajes MBTB,Training,2647.0,3311.2499746111266,-664.2499746111266
2023-02-12,Viajes MBTB,Training,2412.0,3025.289904232471,-613.2899042324711
2023-02-13,Viajes MBTB,Training,3373.0,3985.1917515933383,-612.1917515933383
2023-02-14,Viajes MBTB,Training,4095.0,3966.9241133478026,128.07588665219737
2023-02-15,Viajes MBTB,Training,4236.0,4006.936255801149,229.06374419885105
2023-02-16,Viajes MBTB,Training,3461.0,4019.720615510102,-558.7206155101021
2023-02-17,Viajes MBTB,Training,3259.0,3484.460207889273,-225.46020788927308
2023-02-18,Viajes MBTB,Training,2937.0,2894.911671912788,42.088328087212176
2023-02-19,Viajes MBTB,Training,2943.0,2743.5040560093776,199.49594399062244
2023-02-20,Viajes MBTB,Training,2735.0,3862.3952588426405,-1127.3952588426405
2023-02-21,Viajes MBTB,Training,2756.0,3818.940748483312,-1062.9407484833118
2023-02-22,Viajes MBTB,Training,4336.0,3626.486167171471,709.5138328285288
2023-02-23,Viajes MBTB,Training,3598.0,3639.6594523084777,-41.65945230847774
2023-02-24,Viajes MBTB,Training,4227.0,3240.705938662598,986.2940613374021
2023-02-25,Viajes MBTB,Training,3116.0,2931.130857498535,184.86914250146492
2023-02-26,Viajes MBTB,Training,2978.0,2821.4743820117283,156.52561798827173
2023-02-27,Viajes MBTB,Training,4230.0,3775.497082412354,454.50291758764615
2023-02-28,Viajes MBTB,Training,3969.0,4045.8022375134797,-76.80223751347967
2023-03-01,Viajes MBTB,Training,3933.0,4244.9446057043415,-311.9446057043415
2023-03-02,Viajes MBTB,Training,3859.0,3975.129163176668,-116.12916317666804
2023-03-03,Viajes MBTB,Training,3836.0,3683.4296554628127,152.57034453718734
2023-03-04,Viajes MBTB,Training,2784.0,3130.7075100277398,-346.7075100277398
2023-03-05,Viajes MBTB,Training,2493.0,2911.8409362338953,-418.84093623389526
2023-03-06,Viajes MBTB,Training,3754.0,3779.914691406408,-25.91469140640811
2023-03-07,Viajes MBTB,Training,4105.0,3902.90349722421,202.0965027757902
2023-03-08,Viajes MBTB,Training,3891.0,4133.099981566869,-242.09998156686925
2023-03-09,Viajes MBTB,Training,3990.0,3891.7678105344494,98.23218946555062
2023-03-10,Viajes MBTB,Training,3653.0,3670.1858235651525,-17.185823565152532
2023-03-11,Viajes MBTB,Training,2470.0,3031.9799362738754,-561.9799362738754
2023-03-12,Viajes MBTB,Training,2300.0,2754.8124174998443,-454.8124174998443
2023-03-13,Viajes MBTB,Training,3509.0,3645.7081287603905,-136.70812876039054
2023-03-14,Viajes MBTB,Training,3642.0,3767.2918422615553,-125.2918422615553
2023-03-15,Viajes MBTB,Training,3705.0,3891.025915429945,-186.02591542994514
2023-03-16,Viajes MBTB,Training,3752.0,3689.3092689139276,62.69073108607245
2023-03-17,Viajes MBTB,Training,3688.0,3450.7641542102533,237.2358457897467
2023-03-18,Viajes MBTB,Training,3132.0,2811.553025537285,320.44697446271493
2023-03-19,Viajes MBTB,Training,2289.0,2716.5956242908187,-427.5956242908187
2023-03-20,Viajes MBTB,Training,3713.0,3632.7371715406257,80.2628284593743
2023-03-21,Viajes MBTB,Training,1170.0,3797.9163964743907,-2627.9163964743907
2023-03-22,Viajes MBTB,Training,3063.0,3397.209923161744,-334.209923161744
2023-03-23,Viajes MBTB,Training,3640.0,3185.0142754068884,454.9857245931116
2023-03-24,Viajes MBTB,Training,2549.0,3044.1438130851757,-495.1438130851757
2023-03-25,Viajes MBTB,Training,2494.0,2264.134161248458,229.86583875154201
2023-03-26,Viajes MBTB,Training,3068.0,2088.1090523414578,979.8909476585422
2023-03-27,Viajes MBTB,Training,3641.0,3329.200614623773,311.79938537622684
2023-03-28,Viajes MBTB,Training,4111.0,3323.7809471572996,787.2190528427004
2023-03-29,Viajes MBTB,Training,3394.0,3769.217173001188,-375.2171730011878
2023-03-30,Viajes MBTB,Training,3817.0,3606.2468149676783,210.75318503232165
2023-03-31,Viajes MBTB,Training,3836.0,3346.23368594655,489.76631405345006
2023-04-01,Viajes MBTB,Training,3082.0,2820.1630732121703,261.8369267878297
2023-04-02,Viajes MBTB,Training,2829.0,2713.785871602261,115.21412839773893
2023-04-03,Viajes MBTB,Training,2992.0,3740.722798176097,-748.7227981760971
2023-04-04,Viajes MBTB,Training,3957.0,3556.444181719272,400.5558182807281
2023-04-05,Viajes MBTB,Training,4179.0,3847.7623392840605,331.23766071593946
2023-04-06,Viajes MBTB,Training,3177.0,3868.261666718405,-691.2616667184052
2023-04-07,Viajes MBTB,Training,2882.0,3447.2199377594816,-565.2199377594816
2023-04-08,Viajes MBTB,Training,2950.0,2695.1217004696086,254.87829953039136
2023-04-09,Viajes MBTB,Training,2482.0,2579.0471080967395,-97.04710809673952
2023-04-10,Viajes MBTB,Training,4027.0,3503.5913685469404,523.4086314530596
2023-04-11,Viajes MBTB,Training,4253.0,3651.110693117732,601.8893068822681
2023-04-12,Viajes MBTB,Training,2779.0,3984.216939467401,-1205.216939467401
2023-04-13,Viajes MBTB,Training,4000.0,3622.247823875713,377.75217612428696
2023-04-14,Viajes MBTB,Training,3823.0,3419.843898535937,403.1561014640629
2023-04-15,Viajes MBTB,Training,2838.0,2915.2163028888726,-77.21630288887263
2023-04-16,Viajes MBTB,Training,2461.0,2711.4391593591636,-250.43915935916357
2023-04-17,Viajes MBTB,Training,3719.0,3643.6076570992273,75.39234290077275
2023-04-18,Viajes MBTB,Training,3318.0,3710.5660778370852,-392.56607783708523
2023-04-19,Viajes MBTB,Training,4293.0,3729.8462079875435,563.1537920124565
2023-04-20,Viajes MBTB,Training,3829.0,3817.9827578306285,11.017242169371457
2023-04-21,Viajes MBTB,Training,3718.0,3546.932922626467,171.0670773735328
2023-04-22,Viajes MBTB,Training,2763.0,2968.7240841110174,-205.72408411101742
2023-04-23,Viajes MBTB,Training,2740.0,2726.9412797511495,13.058720248850477
2023-04-24,Viajes MBTB,Training,3666.0,3730.2339943039747,-64.23399430397467
2023-04-25,Viajes MBTB,Training,3350.0,3741.0099171345014,-391.0099171345014
2023-04-26,Viajes MBTB,Training,4025.0,3814.140951494492,210.85904850550787
2023-04-27,Viajes MBTB,Training,4196.0,3803.498302638515,392.5016973614852
2023-04-28,Viajes MBTB,Training,4256.0,3620.4487081876523,635.5512918123477
2023-04-29,Viajes MBTB,Training,3198.0,3116.5285583488526,81.47144165114742
2023-04-30,Viajes MBTB,Training,2129.0,2944.3134819783827,-815.3134819783827
2023-05-01,Viajes MBTB,Training,2241.0,3772.4215524008378,-1531.4215524008378
2023-05-02,Viajes MBTB,Training,3916.0,3462.2492999336628,453.75070006633723
2023-05-03,Viajes MBTB,Training,4009.0,3739.3292916632454,269.6707083367546
2023-05-04,Viajes MBTB,Training,4145.0,3753.870851384663,391.1291486153368
2023-05-05,Viajes MBTB,Training,1468.0,3589.1238606118736,-2121.1238606118736
2023-05-06,Viajes MBTB,Training,1928.0,2495.275004326637,-567.2750043266369
2023-05-07,Viajes MBTB,Training,2908.0,2139.3397789639566,768.6602210360434
2023-05-08,Viajes MBTB,Training,3839.0,3245.805409392072,593.1945906079281
2023-05-09,Viajes MBTB,Training,4008.0,3463.102060940603,544.8979390593968
2023-05-10,Viajes MBTB,Training,4002.0,3753.8085000150904,248.19149998490957
2023-05-11,Viajes MBTB,Training,3794.0,3772.8276297132256,21.172370286774367
2023-05-12,Viajes MBTB,Training,3780.0,3399.619150332148,380.3808496678521
2023-05-13,Viajes MBTB,Training,3025.0,2879.617926193825,145.38207380617496
2023-05-14,Viajes MBTB,Training,3028.0,2735.796014500773,292.2039854992272
2023-05-15,Viajes MBTB,Training,3894.0,3743.4167494695607,150.58325053043927
2023-05-16,Viajes MBTB,Training,4042.0,3873.6408002759827,168.35919972401734
2023-05-17,Viajes MBTB,Training,3980.0,4077.582790104012,-97.58279010401202
2023-05-18,Viajes MBTB,Training,3987.0,4016.742782181862,-29.742782181861912
2023-05-19,Viajes MBTB,Training,2418.0,3651.957444746444,-1233.9574447464438
2023-05-20,Viajes MBTB,Training,2695.0,2793.4919829549053,-98.49198295490532
2023-05-21,Viajes MBTB,Training,1757.0,2608.465704106216,-851.465704106216
2023-05-22,Viajes MBTB,Training,3533.0,3376.9666901718633,156.03330982813668
2023-05-23,Viajes MBTB,Training,3737.0,3510.8117843320156,226.18821566798442
2023-05-24,Viajes MBTB,Training,1276.0,3715.1855708562916,-2439.1855708562916
2023-05-25,Viajes MBTB,Training,1114.0,3176.760518370575,-2062.760518370575
2023-05-26,Viajes MBTB,Training,2152.0,2336.6243111435333,-184.6243111435333
2023-05-27,Viajes MBTB,Training,2282.0,1736.0019400919064,545.9980599080936
2023-05-28,Viajes MBTB,Training,2176.0,1644.828429960459,531.1715700395409
2023-05-29,Viajes MBTB,Training,2935.0,2736.3103984214667,198.68960157853326
2023-05-30,Viajes MBTB,Training,3543.0,2883.0081533380044,659.9918466619956
2023-05-31,Viajes MBTB,Training,3533.0,3053.1483579330434,479.85164206695663
2023-06-01,Viajes MBTB,Training,3665.0,3106.4522248119774,558.5477751880226
2023-06-02,Viajes MBTB,Training,3593.0,2870.9682359734993,722.0317640265007
2023-06-03,Viajes MBTB,Training,2861.0,2488.4728118365233,372.5271881634767
2023-06-04,Viajes MBTB,Training,2463.0,2366.854401729229,96.14559827077119
2023-06-05,Viajes MBTB,Training,3052.0,3359.0710870888165,-307.0710870888165
2023-06-06,Viajes MBTB,Training,3529.0,3424.608509582757,104.39149041724295
2023-06-07,Viajes MBTB,Training,3595.0,3479.1104629947204,115.88953700527964
2023-06-08,Viajes MBTB,Training,3763.0,3465.981366833787,297.018633166213
2023-06-09,Viajes MBTB,Training,3328.0,3189.4923423342198,138.50765766578024
2023-06-10,Viajes MBTB,Training,2565.0,2678.5256376882635,-113.52563768826349
2023-06-11,Viajes MBTB,Training,2037.0,2448.397986872589,-411.3979868725892
2023-06-12,Viajes MBTB,Training,2867.0,3320.039851354105,-453.03985135410494
2023-06-13,Viajes MBTB,Training,4569.0,3370.6567467141285,1198.3432532858715
2023-06-14,Viajes MBTB,Training,3170.0,3650.738389599668,-480.73838959966815
2023-06-15,Viajes MBTB,Training,3365.0,3524.145264906871,-159.14526490687103
2023-06-16,Viajes MBTB,Training,3115.0,3150.1613567622762,-35.16135676227623
2023-06-17,Viajes MBTB,Training,2336.0,2594.0030606471014,-258.0030606471014
2023-06-18,Viajes MBTB,Training,1830.0,2320.9472741167892,-490.94727411678923
2023-06-19,Viajes MBTB,Training,1719.0,3171.3133563549545,-1452.3133563549545
2023-06-20,Viajes MBTB,Training,2296.0,3081.1084398480343,-785.1084398480343
2023-06-21,Viajes MBTB,Training,2943.0,2896.3638785684507,46.63612143154933
2023-06-22,Viajes MBTB,Training,4312.0,2886.946881411172,1425.053118588828
2023-06-23,Viajes MBTB,Training,2985.0,2840.761296447619,144.23870355238114
2023-06-24,Viajes MBTB,Training,1838.0,2311.431041906868,-473.4310419068679
2023-06-25,Viajes MBTB,Training,2395.0,1981.9999034404548,413.0000965595452
2023-06-26,Viajes MBTB,Training,2902.0,2975.861556845899,-73.86155684589903
2023-06-27,Viajes MBTB,Training,2525.0,3182.6466286533214,-657.6466286533214
2023-06-28,Viajes MBTB,Training,3203.0,3050.659611055648,152.34038894435207
2023-06-29,Viajes MBTB,Training,2930.0,3117.69785031854,-187.69785031854008
2023-06-30,Viajes MBTB,Training,2949.0,2702.5659337238594,246.43406627614058
2023-07-01,Viajes MBTB,Training,2461.0,2171.1233988601743,289.87660113982565
2023-07-02,Viajes MBTB,Training,2142.0,2028.268453625858,113.731546374142
2023-07-03,Viajes MBTB,Training,3201.0,2945.3717935092104,255.62820649078958
2023-07-04,Viajes MBTB,Training,3577.0,3196.925046319676,380.07495368032414
2023-07-05,Viajes MBTB,Training,3212.0,3302.914188611585,-90.9141886115849
2023-07-06,Viajes MBTB,Training,2414.0,3308.4680312811206,-894.4680312811206
2023-07-07,Viajes MBTB,Training,3050.0,2763.826796493485,286.17320350651516
2023-07-08,Viajes MBTB,Training,1647.0,2244.1743732876294,-597.1743732876294
2023-07-09,Viajes MBTB,Training,1939.0,1915.3745120481242,23.62548795187581
2023-07-10,Viajes MBTB,Training,2664.0,2820.1562343999467,-156.1562343999467
2023-07-11,Viajes MBTB,Training,2215.0,2993.8221480334582,-778.8221480334582
2023-07-12,Viajes MBTB,Training,574.0,2848.165770945162,-2274.165770945162
2023-07-13,Viajes MBTB,Training,2173.0,2377.112186929598,-204.112186929598
2023-07-14,Viajes MBTB,Training,2331.0,2010.2260226388144,320.77397736118564
2023-07-15,Viajes MBTB,Training,1805.0,1467.5068639493343,337.4931360506657
2023-07-16,Viajes MBTB,Training,2140.0,1347.1111478353837,792.8888521646163
2023-07-17,Viajes MBTB,Training,2310.0,2403.219624769711,-93.21962476971112
2023-07-18,Viajes MBTB,Training,2467.0,2566.3325704980407,-99.3325704980407
2023-07-19,Viajes MBTB,Training,2351.0,2501.3268463237473,-150.3268463237473
2023-07-20,Viajes MBTB,Training,2610.0,2521.3029936722587,88.69700632774129
2023-07-21,Viajes MBTB,Training,2663.0,2231.3937833541663,431.6062166458337
2023-07-22,Viajes MBTB,Training,2217.0,1714.3774410221445,502.62255897785553
2023-07-23,Viajes MBTB,Training,2084.0,1645.7188679046808,438.2811320953192
2023-07-24,Viajes MBTB,Training,2180.0,2604.449148054444,-424.44914805444387
2023-07-25,Viajes MBTB,Training,2074.0,2698.832470295092,-624.8324702950922
2023-07-26,Viajes MBTB,Training,2471.0,2523.916188773848,-52.91618877384781
2023-07-27,Viajes MBTB,Training,2623.0,2571.0181937737657,51.98180622623431
2023-07-28,Viajes MBTB,Training,2813.0,2285.9711924156672,527.0288075843328
2023-07-29,Viajes MBTB,Training,2286.0,1793.8823642813056,492.1176357186944
2023-07-30,Viajes MBTB,Training,2350.0,1723.8960167721589,626.1039832278411
2023-07-31,Viajes MBTB,Training,2979.0,2695.5324934797377,283.4675065202623
2023-08-01,Viajes MBTB,Training,3316.0,2925.3010295848576,390.6989704151424
2023-08-02,Viajes MBTB,Training,3172.0,2972.756065190314,199.24393480968592
2023-08-03,Viajes MBTB,Training,3010.0,3074.560061461086,-64.5600614610862
2023-08-04,Viajes MBTB,Training,3149.0,2781.72942181998,367.27057818002004
2023-08-05,Viajes MBTB,Training,2395.0,2259.512416864183,135.4875831358172
2023-08-06,Viajes MBTB,Training,2555.0,2124.2801809862804,430.71981901371964
2023-08-07,Viajes MBTB,Training,2853.0,3049.0898849102346,-196.08988491023456
2023-08-08,Viajes MBTB,Training,2906.0,3185.9669243562244,-279.96692435622435
2023-08-09,Viajes MBTB,Training,2881.0,3092.681982906054,-211.68198290605415
2023-08-10,Viajes MBTB,Training,2707.0,3103.3990952169834,-396.39909521698337
2023-08-11,Viajes MBTB,Training,2907.0,2756.099045662631,150.90095433736906
2023-08-12,Viajes MBTB,Training,1901.0,2184.7191658274887,-283.7191658274887
2023-08-13,Viajes MBTB,Training,2108.0,1973.5454331394299,134.45456686057014
2023-08-14,Viajes MBTB,Training,2882.0,2821.026465031477,60.97353496852293
2023-08-15,Viajes MBTB,Training,3291.0,3006.645970024472,284.3540299755282
2023-08-16,Viajes MBTB,Training,3367.0,3029.090387106604,337.9096128933961
2023-08-17,Viajes MBTB,Training,2422.0,3145.1342498550102,-723.1342498550102
2023-08-18,Viajes MBTB,Training,2483.0,2745.3818862057183,-262.3818862057183
2023-08-19,Viajes MBTB,Training,1982.0,2077.138933967727,-95.1389339677271
2023-08-20,Viajes MBTB,Training,1911.0,1915.5651504224193,-4.565150422419265
2023-08-21,Viajes MBTB,Training,2096.0,2733.236698760217,-637.2366987602172
2023-08-22,Viajes MBTB,Training,2780.0,2783.0738543660887,-3.0738543660886535
2023-08-23,Viajes MBTB,Training,3075.0,2750.0561214498302,324.94387855016976
2023-08-24,Viajes MBTB,Training,2924.0,2833.6987539871716,90.30124601282841
2023-08-25,Viajes MBTB,Training,2707.0,2609.5813001178763,97.41869988212375
2023-08-26,Viajes MBTB,Training,2043.0,2018.2639975867505,24.73600241324948
2023-08-27,Viajes MBTB,Training,1990.0,1883.173382636072,106.82661736392811
2023-08-28,Viajes MBTB,Training,2673.0,2705.210831088077,-32.21083108807716
2023-08-29,Viajes MBTB,Training,3128.0,2893.5186743129107,234.48132568708934
2023-08-30,Viajes MBTB,Training,3180.0,2918.6261269139495,261.3738730860505
2023-08-31,Viajes MBTB,Training,3193.0,2984.377364858713,208.622635141287
2023-09-01,Viajes MBTB,Training,3536.0,2785.1842048933945,750.8157951066055
2023-09-02,Viajes MBTB,Training,1547.0,2325.9270458146743,-778.9270458146743
2023-09-03,Viajes MBTB,Training,643.0,2029.0561665189864,-1386.0561665189864
2023-09-04,Viajes MBTB,Training,2641.0,2542.2325019669506,98.76749803304938
2023-09-05,Viajes MBTB,Training,3006.0,2764.802433814225,241.19756618577503
2023-09-06,Viajes MBTB,Training,2756.0,2793.435976601347,-37.43597660134719
2023-09-07,Viajes MBTB,Training,2822.0,2798.153617337939,23.846382662060932
2023-09-08,Viajes MBTB,Training,3032.0,2577.666862252399,454.3331377476011
2023-09-09,Viajes MBTB,Training,2339.0,2018.7765514802727,320.2234485197273
2023-09-10,Viajes MBTB,Training,2963.0,1925.649916676788,1037.350083323212
2023-09-11,Viajes MBTB,Training,2491.0,2967.914285110005,-476.91428511000504
2023-09-12,Viajes MBTB,Training,2981.0,3077.130001877045,-96.13000187704483
2023-09-13,Viajes MBTB,Training,3249.0,3030.5009256930975,218.49907430690246
2023-09-14,Viajes MBTB,Training,3217.0,3089.064200970056,127.93579902994406
2023-09-15,Viajes MBTB,Training,3148.0,2901.850945307808,246.14905469219184
2023-09-16,Viajes MBTB,Training,2691.0,2299.3782955927218,391.62170440727823
2023-09-17,Viajes MBTB,Training,1908.0,2241.8606027265055,-333.8606027265055
2023-09-18,Viajes MBTB,Training,2916.0,2968.5990941270393,-52.59909412703928
2023-09-19,Viajes MBTB,Training,2997.0,3172.2181219889217,-175.21812198892167
2023-09-20,Viajes MBTB,Training,2599.0,3117.3280098144883,-518.3280098144883
2023-09-21,Viajes MBTB,Training,3053.0,3024.058964900148,28.941035099851888
2023-09-22,Viajes MBTB,Training,2915.0,2820.5276714017423,94.47232859825772
2023-09-23,Viajes MBTB,Training,2086.0,2192.209713900299,-106.209713900299
2023-09-24,Viajes MBTB,Training,2169.0,2015.7208139366057,153.27918606339426
2023-09-25,Viajes MBTB,Training,2763.0,2847.6929669823817,-84.69296698238168
2023-09-26,Viajes MBTB,Training,2966.0,3041.2290953399197,-75.2290953399197
2023-09-27,Viajes MBTB,Training,3434.0,2996.9071597729326,437.0928402270674
2023-09-28,Viajes MBTB,Training,3378.0,3110.4635543572485,267.53644564275146
2023-09-29,Viajes MBTB,Training,3407.0,2957.541579425,449.4584205750002
2023-09-30,Viajes MBTB,Training,2523.0,2397.077331579046,125.92266842095387
2023-10-01,Viajes MBTB,Training,2482.0,2274.2323595113485,207.76764048865152
2023-10-02,Viajes MBTB,Training,3209.0,3112.0992420740617,96.90075792593825
2023-10-03,Viajes MBTB,Training,2436.0,3342.5966326786347,-906.5966326786347
2023-10-04,Viajes MBTB,Training,3287.0,3140.928521718638,146.07147828136203
2023-10-05,Viajes MBTB,Training,3397.0,3193.031594651703,203.96840534829698
2023-10-06,Viajes MBTB,Training,3234.0,3033.1413898595374,200.8586101404626
2023-10-07,Viajes MBTB,Training,2823.0,2415.9849740652567,407.01502593474333
2023-10-08,Viajes MBTB,Training,2499.0,2353.216515953696,145.78348404630378
2023-10-09,Viajes MBTB,Training,3252.0,3176.6344596417534,75.36554035824656
2023-10-10,Viajes MBTB,Training,3325.0,3378.354005913631,-53.35400591363123
2023-10-11,Viajes MBTB,Training,2467.0,3372.6262759793426,-905.6262759793426
2023-10-12,Viajes MBTB,Training,3273.0,3211.936413409934,61.063586590065825
2023-10-13,Viajes MBTB,Training,2277.0,3023.8591747481273,-746.8591747481273
2023-10-14,Viajes MBTB,Training,2403.0,2219.1072579393353,183.89274206066466
2023-10-15,Viajes MBTB,Training,2024.0,2106.212119162389,-82.21211916238917
2023-10-16,Viajes MBTB,Training,1838.0,2881.9809784844865,-1043.9809784844865
2023-10-17,Viajes MBTB,Training,3121.0,2851.9952547518797,269.00474524812034
2023-10-18,Viajes MBTB,Training,3026.0,2891.339664883858,134.66033511614205
2023-10-19,Viajes MBTB,Training,3300.0,2962.1357638535173,337.86423614648265
2023-10-20,Viajes MBTB,Training,3303.0,2811.40042371008,491.59957628992015
2023-10-21,Viajes MBTB,Training,2289.0,2278.5049257808178,10.495074219182243
2023-10-22,Viajes MBTB,Training,1664.0,2124.5486243189994,-460.5486243189994
2023-10-23,Viajes MBTB,Training,1811.0,2799.8247723423447,-988.8247723423447
2023-10-24,Viajes MBTB,Training,2890.0,2807.093554992145,82.90644500785493
2023-10-25,Viajes MBTB,Training,3420.0,2806.5851321118703,613.4148678881297
2023-10-26,Viajes MBTB,Training,3391.0,2980.7210226707866,410.2789773292134
2023-10-27,Viajes MBTB,Training,2952.0,2850.0268706683355,101.9731293316645
2023-10-28,Viajes MBTB,Training,2641.0,2228.438523346292,412.5614766537078
2023-10-29,Viajes MBTB,Training,2372.0,2145.679842198051,226.32015780194888
2023-10-30,Viajes MBTB,Training,2453.0,2947.1002564769838,-494.10025647698376
2023-10-31,Viajes MBTB,Training,2240.0,3075.6031442233425,-835.6031442233425
2023-11-01,Viajes MBTB,Training,982.0,2899.986674004131,-1917.9866740041311
2023-11-02,Viajes MBTB,Training,727.0,2554.957730592258,-1827.957730592258
2023-11-03,Viajes MBTB,Training,2431.0,1961.7281508077415,469.2718491922585
2023-11-04,Viajes MBTB,Training,2305.0,1422.8444220647277,882.1555779352723
2023-11-05,Viajes MBTB,Training,2558.0,1433.213841248748,1124.786158751252
2023-11-06,Viajes MBTB,Training,3247.0,2403.131130554164,843.868869445836
2023-11-07,Viajes MBTB,Training,3077.0,2795.085485514421,281.9145144855788
2023-11-08,Viajes MBTB,Training,3339.0,2819.53325877901,519.4667412209901
2023-11-09,Viajes MBTB,Training,3479.0,2965.8873665168367,513.1126334831633
2023-11-10,Viajes MBTB,Training,1844.0,2894.4914027918558,-1050.4914027918558
2023-11-11,Viajes MBTB,Training,2485.0,2056.5743284476985,428.42567155230154
2023-11-12,Viajes MBTB,Training,2169.0,1983.752116235597,185.247883764403
2023-11-13,Viajes MBTB,Training,2936.0,2760.3757034454507,175.62429655454935
2023-11-14,Viajes MBTB,Training,3345.0,3007.1350031006036,337.8649968993964
2023-11-15,Viajes MBTB,Training,2885.0,3049.5424130376014,-164.54241303760136
2023-11-16,Viajes MBTB,Training,3260.0,3058.241064983277,201.75893501672317
2023-11-17,Viajes MBTB,Training,2518.0,2891.0825185302865,-373.0825185302865
2023-11-18,Viajes MBTB,Training,2273.0,2219.4560533725403,53.54394662745972
2023-11-19,Viajes MBTB,Training,2710.0,2066.6304443944296,643.3695556055704
2023-11-20,Viajes MBTB,Training,1906.0,2937.5801367032373,-1031.5801367032373
2023-11-21,Viajes MBTB,Training,2662.0,2941.7597283866476,-279.75972838664757
2023-11-22,Viajes MBTB,Training,3127.0,2848.6069036990198,278.39309630098023
2023-11-23,Viajes MBTB,Training,3226.0,2955.007210688811,270.992789311189
2023-11-24,Viajes MBTB,Training,3117.0,2790.48396333827,326.51603666173014
2023-11-25,Viajes MBTB,Training,2392.0,2269.3954072731813,122.60459272681874
2023-11-26,Viajes MBTB,Training,2341.0,2143.2999899800748,197.70001001992523
2023-11-27,Viajes MBTB,Training,3026.0,2890.4960809470053,135.50391905299466
2023-11-28,Viajes MBTB,Training,3007.0,3144.71165797991,-137.7116579799099
2023-11-29,Viajes MBTB,Training,3106.0,3091.179529687175,14.82047031282491
2023-11-30,Viajes MBTB,Training,3152.0,3144.7779343513544,7.222065648645639
2023-12-01,Viajes MBTB,Training,1846.0,2928.7018832999056,-1082.7018832999056
2023-12-02,Viajes MBTB,Training,2491.0,2116.7437746137516,374.2562253862484
2023-12-03,Viajes MBTB,Training,2408.0,2044.1594633726295,363.8405366273705
2023-12-04,Viajes MBTB,Training,4136.0,2824.8659556698876,1311.1340443301124
2023-12-05,Viajes MBTB,Training,2426.0,3314.348341956438,-888.3483419564382
2023-12-06,Viajes MBTB,Training,3144.0,3109.9054982976786,34.094501702321395
2023-12-07,Viajes MBTB,Training,3310.0,3167.3268524028585,142.67314759714145
2023-12-08,Viajes MBTB,Training,2541.0,2956.4415667403996,-415.4415667403996
2023-12-09,Viajes MBTB,Training,2151.0,2306.407572900056,-155.40757290005604
2023-12-10,Viajes MBTB,Training,2309.0,2126.988729440692,182.01127055930783
2023-12-11,Viajes MBTB,Training,3139.0,2891.184537446597,247.815462553403
2023-12-12,Viajes MBTB,Training,2989.0,3124.1558009839478,-135.15580098394776
2023-12-13,Viajes MBTB,Training,2569.0,3088.6624138668817,-519.6624138668817
2023-12-14,Viajes MBTB,Training,3132.0,3035.236647478283,96.76335252171702
2023-12-15,Viajes MBTB,Training,2839.0,2804.2622765625906,34.737723437409386
2023-12-16,Viajes MBTB,Training,2266.0,2249.7851332300274,16.21486676997256
2023-12-17,Viajes MBTB,Training,1085.0,2111.5682407298086,-1026.5682407298086
2023-12-18,Viajes MBTB,Training,1230.0,2630.65023387199,-1400.6502338719902
2023-12-19,Viajes MBTB,Training,2438.0,2520.0276487970123,-82.02764879701226
2023-12-20,Viajes MBTB,Training,3077.0,2487.2534194653854,589.7465805346146
2023-12-21,Viajes MBTB,Training,3193.0,2670.694599298589,522.3054007014111
2023-12-22,Viajes MBTB,Training,3050.0,2525.824386824903,524.1756131750972
2023-12-23,Viajes MBTB,Training,2193.0,2071.020941908209,121.9790580917911
2023-12-24,Viajes MBTB,Training,1379.0,1933.8956257719476,-554.8956257719476
2023-12-25,Viajes MBTB,Training,1164.0,2538.0476429037526,-1374.0476429037526
2023-12-26,Viajes MBTB,Training,2815.0,2452.9907734603903,362.0092265396097
2023-12-27,Viajes MBTB,Training,3088.0,2523.788643991687,564.211356008313
2023-12-28,Viajes MBTB,Training,2795.0,2703.067848861804,91.93215113819588
2023-12-29,Viajes MBTB,Training,2640.0,2472.356983102183,167.64301689781678
2023-12-30,Viajes MBTB,Training,2241.0,1938.8888765759525,302.1111234240475
2023-12-31,Viajes MBTB,Training,1579.0,1825.9154638864775,-246.91546388647748
2024-01-01,Viajes MBTB,Training,1179.0,2475.2328386124464,-1296.2328386124464
2024-01-02,Viajes MBTB,Training,2643.0,2433.891125412223,209.10887458777688
2024-01-03,Viajes MBTB,Training,2886.0,2478.755378820276,407.24462117972416
2024-01-04,Viajes MBTB,Training,2866.0,2619.1509997264857,246.84900027351432
2024-01-05,Viajes MBTB,Training,2895.0,2421.9014782881577,473.0985217118423
2024-01-06,Viajes MBTB,Training,1637.0,1954.0204055373256,-317.0204055373256
2024-01-07,Viajes MBTB,Training,1906.0,1705.1595964709518,200.84040352904822
2024-01-08,Viajes MBTB,Training,2872.0,2425.435283338591,446.56471666140897
2024-01-09,Viajes MBTB,Training,2909.0,2763.603698663804,145.39630133619585
2024-01-10,Viajes MBTB,Training,2855.0,2799.96224716104,55.03775283895993
2024-01-11,Viajes MBTB,Training,3090.0,2866.947920848617,223.05207915138317
2024-01-12,Viajes MBTB,Training,3099.0,2670.014292978264,428.98570702173583
2024-01-13,Viajes MBTB,Training,2272.0,2180.164551551159,91.8354484488409
2024-01-14,Viajes MBTB,Training,1908.0,2023.3819448520478,-115.38194485204781
2024-01-15,Viajes MBTB,Training,3127.0,2684.280749742275,442.719250257725
2024-01-16,Viajes MBTB,Training,1793.0,3017.81111095706,-1224.81111095706
2024-01-17,Viajes MBTB,Training,3197.0,2773.0110400561016,423.9889599438984
2024-01-18,Viajes MBTB,Training,2880.0,2918.73572317645,-38.73572317644994
2024-01-19,Viajes MBTB,Training,2633.0,2672.9334062301696,-39.93340623016957
2024-01-20,Viajes MBTB,Training,2469.0,2082.666647094323,386.3333529056772
2024-01-21,Viajes MBTB,Training,2446.0,1982.6242793422537,463.37572065774634
2024-01-22,Viajes MBTB,Training,3102.0,2771.4649898305374,330.53501016946257
2024-01-23,Viajes MBTB,Training,3183.0,3053.5779379798028,129.42206202019725
2024-01-24,Viajes MBTB,Training,3461.0,3110.7946435919184,350.20535640808157
2024-01-25,Viajes MBTB,Training,3233.0,3234.6480553761476,-1.6480553761475676
2024-01-26,Viajes MBTB,Training,3218.0,2996.2657365361297,221.73426346387032
2024-01-27,Viajes MBTB,Training,2452.0,2467.046521457446,-15.046521457446033
2024-01-28,Viajes MBTB,Training,2466.0,2287.802438410606,178.1975615893939
2024-01-29,Viajes MBTB,Training,3048.0,3017.669793460402,30.33020653959784
2024-01-30,Viajes MBTB,Training,2984.0,3236.0590879412657,-252.05908794126572
2024-01-31,Viajes MBTB,Training,2851.0,3219.6992328173,-368.69923281730007
2024-02-01,Viajes MBTB,Training,2830.0,3191.6833465393383,-361.68334653933834
2024-02-02,Viajes MBTB,Training,2862.0,2883.6967045135693,-21.69670451356933
2024-02-03,Viajes MBTB,Training,2079.0,2301.3523790628424,-222.35237906284237
2024-02-04,Viajes MBTB,Training,1754.0,2083.0218295490376,-329.02182954903765
2024-02-05,Viajes MBTB,Training,2660.0,2707.2429875685684,-47.242987568568424
2024-02-06,Viajes MBTB,Training,2610.0,2904.956147890834,-294.956147890834
2024-02-07,Viajes MBTB,Training,2487.0,2876.8863703766706,-389.8863703766706
2024-02-08,Viajes MBTB,Training,2642.0,2843.3503918867104,-201.35039188671044
2024-02-09,Viajes MBTB,Training,1859.0,2572.762245958124,-713.7622459581239
2024-02-10,Viajes MBTB,Training,2043.0,1845.4113427226018,197.58865727739817
2024-02-11,Viajes MBTB,Training,1951.0,1710.2335818650176,240.76641813498236
2024-02-12,Viajes MBTB,Training,1055.0,2454.603269364938,-1399.6032693649381
2024-02-13,Viajes MBTB,Training,2005.0,2371.4685426577253,-366.46854265772527
2024-02-14,Viajes MBTB,Training,2907.0,2326.1403814658133,580.8596185341867
2024-02-15,Viajes MBTB,Training,3068.0,2492.829485570087,575.170514429913
2024-02-16,Viajes MBTB,Training,3345.0,2371.4190076252216,973.5809923747784
2024-02-17,Viajes MBTB,Training,2228.0,2001.9329962747092,226.06700372529076
2024-02-18,Viajes MBTB,Training,2111.0,1873.8621551595506,237.13784484044936
2024-02-19,Viajes MBTB,Training,2922.0,2590.6701288235827,331.3298711764173
2024-02-20,Viajes MBTB,Training,2953.0,2873.916582526204,79.08341747379609
2024-02-21,Viajes MBTB,Training,2989.0,2934.352525651685,54.64747434831497
2024-02-22,Viajes MBTB,Training,2857.0,2995.446465171331,-138.44646517133106
2024-02-23,Viajes MBTB,Training,2027.0,2736.923514340701,-709.9235143407009
2024-02-24,Viajes MBTB,Training,2269.0,2014.2250020509923,254.77499794900768
2024-02-25,Viajes MBTB,Training,875.0,1892.9942373690114,-1017.9942373690114
2024-02-26,Viajes MBTB,Training,2032.0,2355.5730493268047,-323.5730493268047
2024-02-27,Viajes MBTB,Training,2826.0,2501.928003617198,324.0719963828019
2024-02-28,Viajes MBTB,Training,2871.0,2612.2965729021125,258.70342709788747
2024-02-29,Viajes MBTB,Training,2898.0,2712.051356729767,185.94864327023288
2024-03-01,Viajes MBTB,Training,2934.0,2509.8729038534766,424.1270961465234
2024-03-02,Viajes MBTB,Training,1723.0,2032.4059392572533,-309.4059392572533
2024-03-03,Viajes MBTB,Training,2169.0,1775.853850573255,393.14614942674507
2024-03-04,Viajes MBTB,Training,2893.0,2534.8474012200354,358.1525987799646
2024-03-05,Viajes MBTB,Training,3191.0,2830.015238277777,360.9847617222231
2024-03-06,Viajes MBTB,Training,3241.0,2947.94270902224,293.0572909777602
2024-03-07,Viajes MBTB,Training,3504.0,3054.397832325001,449.6021676749988
2024-03-08,Viajes MBTB,Training,2664.0,2910.5841339431145,-246.58413394311447
2024-03-09,Viajes MBTB,Training,2445.0,2285.5661862226816,159.4338137773184
2024-03-10,Viajes MBTB,Training,1905.0,2135.2509124049743,-230.25091240497431
2024-03-11,Viajes MBTB,Training,2187.0,2767.5440279201675,-580.5440279201675
2024-03-12,Viajes MBTB,Training,2686.0,2872.092367615877,-186.0923676158768
2024-03-13,Viajes MBTB,Training,2253.0,2878.3382872917477,-625.3382872917477
2024-03-14,Viajes MBTB,Training,872.0,2800.5998799944077,-1928.5998799944077
2024-03-15,Viajes MBTB,Training,1980.0,2161.168494031585,-181.16849403158494
2024-03-16,Viajes MBTB,Training,1181.0,1555.2104296422901,-374.21042964229014
2024-03-17,Viajes MBTB,Training,1675.0,1289.9874019380864,385.01259806191365
2024-03-18,Viajes MBTB,Training,2717.0,2041.7786654573804,675.2213345426196
2024-03-19,Viajes MBTB,Training,2624.0,2407.302345974861,216.69765402513895
2024-03-20,Viajes MBTB,Training,2007.0,2488.2654876899046,-481.2654876899046
2024-03-21,Viajes MBTB,Training,2826.0,2417.361258049449,408.63874195055087
2024-03-22,Viajes MBTB,Training,2830.0,2276.844136251543,553.1558637484568
2024-03-23,Viajes MBTB,Training,2120.0,1817.3300649110759,302.66993508892415
2024-03-24,Viajes MBTB,Training,1851.0,1701.2033696126496,149.79663038735043
2024-03-25,Viajes MBTB,Training,3185.0,2410.645158496869,774.354841503131
2024-03-26,Viajes MBTB,Training,3776.0,2791.4403250455753,984.5596749544247
2024-03-27,Viajes MBTB,Training,2999.0,3019.1603478969464,-20.160347896946405
2024-03-28,Viajes MBTB,Training,2412.0,3054.7701298964193,-642.7701298964193
2024-03-29,Viajes MBTB,Training,1885.0,2702.974203415417,-817.9742034154169
2024-03-30,Viajes MBTB,Training,1918.0,1961.1983810262323,-43.198381026232255
2024-03-31,Viajes MBTB,Training,1097.0,1773.074000817996,-676.074000817996
2024-04-01,Viajes MBTB,Training,1408.0,2323.7474551333617,-915.7474551333617
2024-04-02,Viajes MBTB,Training,1773.0,2364.7802627559063,-591.7802627559063
2024-04-03,Viajes MBTB,Training,1516.0,2258.0842888697694,-742.0842888697694
2024-04-04,Viajes MBTB,Training,2694.0,2136.5810634106415,557.4189365893585
2024-04-05,Viajes MBTB,Training,2944.0,2025.3291043551799,918.6708956448201
2024-04-06,Viajes MBTB,Training,1760.0,1647.6264953641667,112.37350463583334
2024-04-07,Viajes MBTB,Training,1975.0,1481.4495869613338,493.5504130386662
2024-04-08,Viajes MBTB,Training,2846.0,2265.4873943356297,580.5126056643703
2024-04-09,Viajes MBTB,Training,2912.0,2614.3475302161496,297.6524697838504
2024-04-10,Viajes MBTB,Training,2450.0,2685.319247212566,-235.3192472125661
2024-04-11,Viajes MBTB,Training,2588.0,2684.6748540152616,-96.67485401526164
2024-04-12,Viajes MBTB,Training,1648.0,2446.9478473113613,-798.9478473113613
2024-04-13,Viajes MBTB,Training,550.0,1709.0100027870262,-1159.0100027870262
2024-04-14,Viajes MBTB,Training,697.0,1289.0887308123295,-592.0887308123295
2024-04-15,Viajes MBTB,Training,621.0,1854.036223117892,-1233.036223117892
2024-04-16,Viajes MBTB,Training,2166.0,1829.8346370520153,336.1653629479847
2024-04-17,Viajes MBTB,Training,2776.0,1901.6837012114859,874.3162987885141
2024-04-18,Viajes MBTB,Training,2819.0,2129.094665895488,689.9053341045119
2024-04-19,Viajes MBTB,Training,3894.0,2041.3239609742682,1852.6760390257318
2024-04-20,Viajes MBTB,Training,2152.0,1837.382516900716,314.6174830992841
2024-04-21,Viajes MBTB,Training,1523.0,1723.5018270702874,-200.5018270702874
2024-04-22,Viajes MBTB,Training,2115.0,2357.3435171372266,-242.34351713722663
2024-04-23,Viajes MBTB,Training,2407.0,2554.893788502195,-147.8937885021951
2024-04-24,Viajes MBTB,Training,2578.0,2536.732481491751,41.26751850824894
2024-04-25,Viajes MBTB,Training,2252.0,2593.88916907556,-341.88916907555995
2024-04-26,Viajes MBTB,Training,1836.0,2314.3842422588987,-478.38424225889867
2024-04-27,Viajes MBTB,Training,1821.0,1617.1943448266823,203.80565517331775
2024-04-28,Viajes MBTB,Training,1860.0,1474.0795813441405,385.9204186558595
2024-04-29,Viajes MBTB,Training,2237.0,2226.5824477651104,10.417552234889627
2024-04-30,Viajes MBTB,Training,2332.0,2476.427837085499,-144.42783708549905
2024-05-01,Viajes MBTB,Training,1236.0,2461.2563338315035,-1225.2563338315035
2024-05-02,Viajes MBTB,Training,2385.0,2254.213020048118,130.78697995188213
2024-05-03,Viajes MBTB,Training,2337.0,2068.3299803980817,268.6700196019183
2024-05-04,Viajes MBTB,Training,1710.0,1532.2049095589864,177.7950904410136
2024-05-05,Viajes MBTB,Training,993.0,1386.9152088114681,-393.9152088114681
2024-05-06,Viajes MBTB,Training,2286.0,1975.8002357209427,310.19976427905726
2024-05-07,Viajes MBTB,Training,2365.0,2284.7207477664983,80.27925223350167
2024-05-08,Viajes MBTB,Training,2039.0,2299.6820884540857,-260.6820884540857
2024-05-09,Viajes MBTB,Training,2355.0,2305.4423054789345,49.557694521065514
2024-05-10,Viajes MBTB,Training,2458.0,2105.309816847354,352.6901831526461
2024-05-11,Viajes MBTB,Training,1743.0,1585.8275257015289,157.17247429847112
2024-05-12,Viajes MBTB,Training,1174.0,1428.7970144374372,-254.79701443743716
2024-05-13,Viajes MBTB,Training,2051.0,2054.853046579213,-3.853046579212787
2024-05-14,Viajes MBTB,Training,2243.0,2297.2599764143897,-54.25997641438971
2024-05-15,Viajes MBTB,Training,2322.0,2280.1837074596356,41.81629254036443
2024-05-16,Viajes MBTB,Training,2345.0,2351.3606920873185,-6.360692087318512
2024-05-17,Viajes MBTB,Training,2162.0,2144.196017406139,17.803982593860837
2024-05-18,Viajes MBTB,Training,1544.0,1554.5502121904344,-10.550212190434422
2024-05-19,Viajes MBTB,Training,1295.0,1357.961223408036,-62.96122340803595
2024-05-20,Viajes MBTB,Training,2089.0,2025.9730440891533,63.02695591084671
2024-05-21,Viajes MBTB,Training,2209.0,2281.3414499606197,-72.34144996061968
2024-05-22,Viajes MBTB,Training,2066.0,2261.7440121565805,-195.74401215658054
2024-05-23,Viajes MBTB,Training,1742.0,2283.8346008017097,-541.8346008017097
2024-05-24,Viajes MBTB,Training,1916.0,1967.5800859876174,-51.580085987617394
2024-05-25,Viajes MBTB,Training,1207.0,1363.4187884925338,-156.41878849253385
2024-05-26,Viajes MBTB,Training,1107.0,1136.2542474654645,-29.25424746546446
2024-05-27,Viajes MBTB,Training,1811.0,1812.6975880798245,-1.697588079824527
2024-05-28,Viajes MBTB,Training,2056.0,2053.1652791659276,2.8347208340724137
2024-05-29,Viajes MBTB,Training,2082.0,2047.034979335334,34.9650206646661
2024-05-30,Viajes MBTB,Training,2184.0,2110.999037863571,73.00096213642883
2024-05-31,Viajes MBTB,Training,2255.0,1925.5345599861846,329.4654400138154
2024-06-01,Viajes MBTB,Training,1726.0,1397.6558468124515,328.3441531875485
2024-06-02,Viajes MBTB,Training,1069.0,1270.8490286458111,-201.84902864581113
2024-06-03,Viajes MBTB,Training,1903.0,1912.3022487372973,-9.302248737297305
2024-06-04,Viajes MBTB,Training,1962.0,2151.274933222292,-189.27493322229202
2024-06-05,Viajes MBTB,Training,2029.0,2106.332301385022,-77.33230138502222
2024-06-06,Viajes MBTB,Training,2270.0,2147.968151107495,122.03184889250497
2024-06-07,Viajes MBTB,Training,2336.0,1976.1789030463779,359.82109695362215
2024-06-08,Viajes MBTB,Training,1602.0,1455.3796663991716,146.62033360082842
2024-06-09,Viajes MBTB,Training,1512.0,1285.244655412446,226.75534458755396
2024-06-10,Viajes MBTB,Training,2252.0,2016.2975692317636,235.70243076823635
2024-06-11,Viajes MBTB,Training,2160.0,2302.9197491229675,-142.91974912296746
2024-06-12,Viajes MBTB,Training,2219.0,2268.420083443441,-49.420083443440944
2024-06-13,Viajes MBTB,Training,2383.0,2318.20263764412,64.79736235588007
2024-06-14,Viajes MBTB,Training,2167.0,2138.210913118307,28.789086881693038
2024-06-15,Viajes MBTB,Training,1910.0,1547.9316540949196,362.0683459050804
2024-06-16,Viajes MBTB,Training,1176.0,1423.275585127934,-247.27558512793394
2024-06-17,Viajes MBTB,Training,1108.0,2058.164601501201,-950.1646015012011
2024-06-18,Viajes MBTB,Training,2116.0,2098.128586828065,17.87141317193482
2024-06-19,Viajes MBTB,Training,2309.0,2097.3382575735704,211.66174242642956
2024-06-20,Viajes MBTB,Training,1380.0,2201.831990516943,-821.8319905169428
2024-06-21,Viajes MBTB,Training,1073.0,1840.3918050003767,-767.3918050003767
2024-06-22,Viajes MBTB,Training,1024.0,1091.8651946792434,-67.86519467924336
2024-06-23,Viajes MBTB,Training,1089.0,872.308982063212,216.69101793678794
2024-06-24,Viajes MBTB,Training,1903.0,1592.2809079146273,310.7190920853727
2024-06-25,Viajes MBTB,Training,1780.0,1899.9041277175172,-119.90412771751721
2024-06-26,Viajes MBTB,Training,2101.0,1873.4953900276187,227.50460997238133
2024-06-27,Viajes MBTB,Training,2089.0,1968.4131308911042,120.58686910889583
2024-06-28,Viajes MBTB,Training,2064.0,1798.0483945273552,265.9516054726448
2024-06-29,Viajes MBTB,Training,1435.0,1267.669287816419,167.330712183581
2024-06-30,Viajes MBTB,Training,1154.0,1099.6731895992023,54.32681040079774
2024-07-01,Viajes MBTB,Training,1872.0,1788.224939845885,83.77506015411495
2024-07-02,Viajes MBTB,Training,2210.0,2044.7914065562086,165.20859344379141
2024-07-03,Viajes MBTB,Training,2116.0,2080.762418732477,35.23758126752318
2024-07-04,Viajes MBTB,Training,2128.0,2135.6285363180673,-7.62853631806729
2024-07-05,Viajes MBTB,Training,1941.0,1941.2404697206975,-0.24046972069754702
2024-07-06,Viajes MBTB,Training,1027.0,1355.912395290268,-328.912395290268
2024-07-07,Viajes MBTB,Training,988.0,1085.5241284179356,-97.52412841793557
2024-07-08,Viajes MBTB,Training,1567.0,1743.5603153984187,-176.56031539841865
2024-07-09,Viajes MBTB,Training,933.0,1948.1730534697256,-1015.1730534697256
2024-07-10,Viajes MBTB,Training,1577.0,1741.7469577251638,-164.74695772516384
2024-07-11,Viajes MBTB,Training,1595.0,1755.3135625767898,-160.31356257678976
2024-07-12,Viajes MBTB,Training,1761.0,1529.8003644585508,231.1996355414492
2024-07-13,Viajes MBTB,Training,1285.0,987.6115293667912,297.38847063320884
2024-07-14,Viajes MBTB,Training,1092.0,847.2053974380216,244.79460256197842
2024-07-15,Viajes MBTB,Training,1650.0,1573.9491058530657,76.0508941469343
2024-07-16,Viajes MBTB,Training,1825.0,1819.2882514605817,5.711748539418295
2024-07-17,Viajes MBTB,Training,1946.0,1829.4528500709598,116.54714992904019
2024-07-18,Viajes MBTB,Training,1674.0,1900.1325254587848,-226.1325254587848
2024-07-19,Viajes MBTB,Training,1715.0,1665.6395295109833,49.360470489016734
2024-07-20,Viajes MBTB,Training,789.0,1087.717019290938,-298.71701929093797
2024-07-21,Viajes MBTB,Training,871.0,825.6002441783429,45.399755821657095
2024-07-22,Viajes MBTB,Training,1780.0,1510.13995817596,269.8600418240401
2024-07-23,Viajes MBTB,Training,1524.0,1794.4106307205716,-270.4106307205716
2024-07-24,Viajes MBTB,Training,1838.0,1749.5264994062354,88.47350059376458
2024-07-25,Viajes MBTB,Training,2170.0,1810.5534746800736,359.4465253199264
2024-07-26,Viajes MBTB,Training,2162.0,1698.5144242287888,463.4855757712112
2024-07-27,Viajes MBTB,Training,1639.0,1201.0530866387385,437.9469133612615
2024-07-28,Viajes MBTB,Training,1016.0,1092.9429303907862,-76.94293039078616
2024-07-29,Viajes MBTB,Training,1778.0,1755.3097850269198,22.690214973080174
2024-07-30,Viajes MBTB,Training,1823.0,1983.1855269799053,-160.18552697990526
2024-07-31,Viajes MBTB,Training,1859.0,1964.5152834480161,-105.51528344801613
2024-08-01,Viajes MBTB,Training,2044.0,1989.4267502220314,54.57324977796861
2024-08-02,Viajes MBTB,Training,2110.0,1817.2632268600764,292.73677313992357
2024-08-03,Viajes MBTB,Training,1280.0,1285.7487887283157,-5.748788728315731
2024-08-04,Viajes MBTB,Training,1263.0,1081.8326184768964,181.1673815231036
2024-08-05,Viajes MBTB,Training,1862.0,1797.951715243667,64.04828475633303
2024-08-06,Viajes MBTB,Training,1680.0,2032.1370495900774,-352.13704959007737
2024-08-07,Viajes MBTB,Training,1883.0,1974.5090783161857,-91.50907831618565
2024-08-08,Viajes MBTB,Training,1095.0,2003.9512975058417,-908.9512975058417
2024-08-09,Viajes MBTB,Training,1755.0,1637.9215396633058,117.0784603366942
2024-08-10,Viajes MBTB,Training,1317.0,1067.6664369711107,249.33356302888933
2024-08-11,Viajes MBTB,Training,1313.0,918.0549481499598,394.94505185004016
2024-08-12,Viajes MBTB,Training,1810.0,1676.9046322266804,133.0953677733196
2024-08-13,Viajes MBTB,Training,1984.0,1920.4127281123283,63.587271887671704
2024-08-14,Viajes MBTB,Training,2078.0,1949.9488850189518,128.05111498104816
2024-08-15,Viajes MBTB,Training,2051.0,2014.338324203044,36.66167579695593
2024-08-16,Viajes MBTB,Training,1863.0,1851.4682832489657,11.53171675103431
2024-08-17,Viajes MBTB,Training,1182.0,1261.509514981861,-79.509514981861
2024-08-18,Viajes MBTB,Training,1124.0,1047.0244597190676,76.97554028093236
2024-08-19,Viajes MBTB,Training,1594.0,1738.775195292607,-144.7751952926069
2024-08-20,Viajes MBTB,Training,1060.0,1925.0098642454363,-865.0098642454363
2024-08-21,Viajes MBTB,Training,1195.0,1765.7210187477276,-570.7210187477276
2024-08-22,Viajes MBTB,Training,1471.0,1686.58529879363,-215.58529879363005
2024-08-23,Viajes MBTB,Training,1685.0,1471.9767738986795,213.02322610132046
2024-08-24,Viajes MBTB,Training,971.0,922.1429759157714,48.857024084228556
2024-08-25,Viajes MBTB,Training,1058.0,735.4655824667328,322.5344175332672
2024-08-26,Viajes MBTB,Training,1862.0,1474.9993761790986,387.0006238209014
2024-08-27,Viajes MBTB,Training,2071.0,1761.1997376265613,309.8002623734387
2024-08-28,Viajes MBTB,Training,2071.0,1843.302692644039,227.6973073559609
2024-08-29,Viajes MBTB,Training,2145.0,1930.0548251406583,214.9451748593417
2024-08-30,Viajes MBTB,Training,831.0,1807.8596790742918,-976.8596790742918
2024-08-31,Viajes MBTB,Training,740.0,1013.5381228784,-273.53812287840003
2024-09-01,Viajes MBTB,Training,1259.0,764.2804543685846,494.7195456314154
2024-09-02,Viajes MBTB,Training,1968.0,1540.5024967004922,427.4975032995078
2024-09-03,Viajes MBTB,Training,2191.0,1834.9998013166005,356.0001986833995
2024-09-04,Viajes MBTB,Training,2122.0,1926.3247797920733,195.6752202079267
2024-09-05,Viajes MBTB,Training,2222.0,2006.9053508301067,215.09464916989327
2024-09-06,Viajes MBTB,Training,2096.0,1871.5948792350655,224.4051207649345
2024-09-07,Viajes MBTB,Training,1726.0,1328.4827223621692,397.51727763783083
2024-09-08,Viajes MBTB,Training,1612.0,1224.487864154427,387.5121358455731
2024-09-09,Viajes MBTB,Training,2075.0,1979.18728595418,95.81271404582003
2024-09-10,Viajes MBTB,Training,2037.0,2206.0900502317054,-169.0900502317054
2024-09-11,Viajes MBTB,Training,1922.0,2189.1397172821257,-267.13971728212573
2024-09-12,Viajes MBTB,Training,2122.0,2175.83914502012,-53.83914502012021
2024-09-13,Viajes MBTB,Training,2085.0,1986.1949339850146,98.80506601498541
2024-09-14,Viajes MBTB,Training,1779.0,1419.90499551841,359.09500448158997
2024-09-15,Viajes MBTB,Training,1596.0,1308.8420244337667,287.1579755662333
2024-09-16,Viajes MBTB,Training,2163.0,2040.6501520141153,122.34984798588471
2024-09-17,Viajes MBTB,Training,2202.0,2270.2234679471885,-68.22346794718851
2024-09-18,Viajes MBTB,Training,2241.0,2272.3954945544797,-31.395494554479683
2024-09-19,Viajes MBTB,Training,2041.0,2309.038067117594,-268.038067117594
2024-09-20,Viajes MBTB,Training,2228.0,2077.221465037193,150.77853496280704
2024-09-21,Viajes MBTB,Training,1577.0,1524.6939148452816,52.3060851547184
2024-09-22,Viajes MBTB,Training,1741.0,1350.9519366040684,390.04806339593165
2024-09-23,Viajes MBTB,Training,2175.0,2102.610522814207,72.38947718579311
2024-09-24,Viajes MBTB,Training,2402.0,2320.1388617024168,81.86113829758324
2024-09-25,Viajes MBTB,Training,2369.0,2353.2251937542655,15.774806245734453
2024-09-26,Viajes MBTB,Training,2613.0,2396.815804160865,216.1841958391351
2024-09-27,Viajes MBTB,Training,2599.0,2267.958857960456,331.04114203954396
2024-09-28,Viajes MBTB,Training,2325.0,1751.520112611232,573.479887388768
2024-09-29,Viajes MBTB,Training,2644.0,1688.1072754436807,955.8927245563193
2024-09-30,Viajes MBTB,Training,2387.0,2552.7875020351225,-165.78750203512254
2024-10-01,Viajes MBTB,Training,2844.0,2721.906564393912,122.09343560608795
2024-10-02,Viajes MBTB,Training,2854.0,2762.676370810656,91.32362918934405
2024-10-03,Viajes MBTB,Training,2969.0,2823.9358550993493,145.06414490065072
2024-10-04,Viajes MBTB,Training,2906.0,2682.297411331803,223.70258866819722
2024-10-05,Viajes MBTB,Training,2775.0,2147.3378108601432,627.6621891398568
2024-10-06,Viajes MBTB,Training,2739.0,2100.414804051805,638.5851959481952
2024-10-07,Viajes MBTB,Training,1546.0,2890.220515616938,-1344.220515616938
2024-10-08,Viajes MBTB,Training,2925.0,2821.295629746584,103.70437025341607
2024-10-09,Viajes MBTB,Training,2547.0,2858.25791408949,-311.25791408949
2024-10-10,Viajes MBTB,Training,2764.0,2838.054207432575,-74.05420743257491
2024-10-11,Viajes MBTB,Training,3175.0,2652.83100104281,522.1689989571901
2024-10-12,Viajes MBTB,Training,1174.0,2183.7165186268157,-1009.7165186268157
2024-10-13,Viajes MBTB,Training,978.0,1803.6562358523688,-825.6562358523688
2024-10-14,Viajes MBTB,Training,1413.0,2274.416726141144,-861.416726141144
2024-10-15,Viajes MBTB,Training,2947.0,2316.7118207348817,630.2881792651183
2024-10-16,Viajes MBTB,Training,3205.0,2457.054184557926,747.945815442074
2024-10-17,Viajes MBTB,Training,1112.0,2655.1156591524987,-1543.1156591524987
2024-10-18,Viajes MBTB,Training,3208.0,2175.960515145065,1032.039484854935
2024-10-19,Viajes MBTB,Training,3176.0,1795.7515070448974,1380.2484929551026
2024-10-20,Viajes MBTB,Training,2530.0,1903.7791857183356,626.2208142816644
2024-10-21,Viajes MBTB,Training,2872.0,2669.049143987936,202.95085601206392
2024-10-22,Viajes MBTB,Training,2429.0,2942.766304685158,-513.766304685158
2024-10-23,Viajes MBTB,Training,914.0,2851.956207386212,-1937.956207386212
2024-10-24,Viajes MBTB,Training,2738.0,2478.6164194654943,259.38358053450565
2024-10-25,Viajes MBTB,Training,2565.0,2391.7005301371964,173.29946986280356
2024-10-26,Viajes MBTB,Training,2865.0,1841.9684729039989,1023.0315270960011
2024-10-27,Viajes MBTB,Training,3178.0,1871.9663284588773,1306.0336715411227
2024-10-28,Viajes MBTB,Training,3195.0,2773.038701426003,421.9612985739968
2024-10-29,Viajes MBTB,Training,3232.0,3084.3923163952327,147.60768360476732
2024-10-30,Viajes MBTB,Training,3093.0,3112.6692846768256,-19.669284676825555
2024-10-31,Viajes MBTB,Training,3165.0,3150.14195361612,14.85804638387981
2024-11-01,Viajes MBTB,Training,2866.0,3012.934729189487,-146.93472918948692
2024-11-02,Viajes MBTB,Training,2295.0,2407.080011610524,-112.0800116105238
2024-11-03,Viajes MBTB,Training,2998.0,2210.2750227833694,787.7249772166306
2024-11-04,Viajes MBTB,Training,2173.0,2999.03455347726,-826.03455347726
2024-11-05,Viajes MBTB,Training,3139.0,3053.4323808503345,85.56761914966546
2024-11-06,Viajes MBTB,Training,2882.0,3067.616134096678,-185.6161340966778
2024-11-07,Viajes MBTB,Training,3176.0,3071.499449743426,104.50055025657412
2024-11-08,Viajes MBTB,Training,3180.0,2950.9591375522373,229.04086244776272
2024-11-09,Viajes MBTB,Training,2743.0,2421.9780730321427,321.0219269678573
2024-11-10,Viajes MBTB,Training,2775.0,2322.676097639265,452.3239023607348
2024-11-11,Viajes MBTB,Training,2671.0,3027.9742494264965,-356.9742494264965
2024-11-12,Viajes MBTB,Training,3199.0,3185.8359467610376,13.164053238962424
2024-11-13,Viajes MBTB,Training,3429.0,3182.6241129883765,246.3758870116235
2024-11-14,Viajes MBTB,Training,3098.0,3277.360273932924,-179.36027393292397
2024-11-15,Viajes MBTB,Training,2916.0,3100.3269244950775,-184.3269244950775
2024-11-16,Viajes MBTB,Training,2507.0,2488.3243401623413,18.675659837658714
2024-11-17,Viajes MBTB,Training,1645.0,2329.2368916716523,-684.2368916716523
2024-11-18,Viajes MBTB,Training,2517.0,2795.0010776496392,-278.0010776496392
2024-11-19,Viajes MBTB,Training,2703.0,2972.0270003540945,-269.0270003540945
2024-11-20,Viajes MBTB,Training,3132.0,2913.559015958254,218.4409840417461
2024-11-21,Viajes MBTB,Training,2930.0,2998.771812525279,-68.77181252527907
2024-11-22,Viajes MBTB,Training,3002.0,2843.906345438442,158.0936545615582
2024-11-23,Viajes MBTB,Training,2513.0,2303.5261987228378,209.47380127716224
2024-11-24,Viajes MBTB,Training,2123.0,2176.3448190199515,-53.3448190199515
2024-11-25,Viajes MBTB,Training,2473.0,2773.701215607363,-300.7012156073629
2024-11-26,Viajes MBTB,Training,2939.0,2945.608763879804,-6.608763879803973
2024-11-27,Viajes MBTB,Training,2375.0,2945.1110435894125,-570.1110435894125
2024-11-28,Viajes MBTB,Training,2381.0,2866.7777344407295,-485.77773444072955
2024-11-29,Viajes MBTB,Training,2779.0,2628.8640657778647,150.13593422213535
2024-11-30,Viajes MBTB,Training,2292.0,2087.697238281706,204.30276171829382
2024-12-01,Viajes MBTB,Training,1960.0,1957.225400029225,2.7745999707749434
2024-12-02,Viajes MBTB,Training,2973.0,2563.472451468361,409.5275485316388
2024-12-03,Viajes MBTB,Training,3001.0,2882.8074393462744,118.19256065372565
2024-12-04,Viajes MBTB,Training,2987.0,2902.1715437897824,84.82845621021761
2024-12-05,Viajes MBTB,Training,2979.0,2957.325127027532,21.674872972468165
2024-12-06,Viajes MBTB,Training,2481.0,2828.4340299339897,-347.4340299339897
2024-12-07,Viajes MBTB,Training,2331.0,2186.459528146247,144.54047185375293
2024-12-08,Viajes MBTB,Training,2690.0,2042.2098375521562,647.7901624478438
2024-12-09,Viajes MBTB,Training,2740.0,2784.2772852443823,-44.277285244382256
2024-12-10,Viajes MBTB,Training,2947.0,3008.838071314406,-61.83807131440608
2024-12-11,Viajes MBTB,Training,2866.0,2991.3284406530474,-125.32844065304744
2024-12-12,Viajes MBTB,Training,2690.0,3003.091055015809,-313.09105501580916
2024-12-13,Viajes MBTB,Training,3025.0,2802.2102916251106,222.78970837488941
2024-12-14,Viajes MBTB,Training,1885.0,2280.897306052013,-395.89730605201294
2024-12-15,Viajes MBTB,Training,2581.0,2031.4397284763222,549.5602715236778
2024-12-16,Viajes MBTB,Training,2820.0,2747.970208696439,72.02979130356107
2024-12-17,Viajes MBTB,Training,3005.0,2996.0301539193583,8.969846080641673
2024-12-18,Viajes MBTB,Training,2357.0,2992.23977028619,-635.2397702861899
2024-12-19,Viajes MBTB,Training,3006.0,2897.740285364276,108.25971463572387
2024-12-20,Viajes MBTB,Training,2816.0,2787.5536422083574,28.44635779164264
2024-12-21,Viajes MBTB,Training,1608.0,2220.9492183431485,-612.9492183431485
2024-12-22,Viajes MBTB,Training,2593.0,1935.5407952696276,657.4592047303724
2024-12-23,Viajes MBTB,Training,2916.0,2670.5900209151014,245.40997908489862
2024-12-24,Viajes MBTB,Training,1641.0,2953.598380506583,-1312.598380506583
2024-12-25,Viajes MBTB,Training,1481.0,2673.578625374434,-1192.578625374434
2024-12-26,Viajes MBTB,Training,2848.0,2471.156004952842,376.84399504715793
2024-12-27,Viajes MBTB,Training,2730.0,2415.2869207243884,314.71307927561156
2024-12-28,Viajes MBTB,Training,2269.0,1901.0279941302758,367.97200586972417
2024-12-29,Viajes MBTB,Training,2664.0,1827.0265649753885,836.9734350246115
2024-12-30,Viajes MBTB,Training,2791.0,2596.080779732025,194.9192202679751
2024-12-31,Viajes MBTB,Training,1701.0,2854.305884744096,-1153.3058847440961
2025-01-01,Viajes MBTB,Testing,1316.0,2605.408867402565,-1289.4088674025652
2025-01-02,Viajes MBTB,Testing,2357.0,2659.3496682651557,-302.34966826515574
2025-01-03,Viajes MBTB,Testing,2612.0,2526.6389928782014,85.3610071217986
2025-01-04,Viajes MBTB,Testing,2130.0,1949.2197836117618,180.78021638823816
2025-01-05,Viajes MBTB,Testing,2625.0,1805.1936402085712,819.8063597914288
2025-01-06,Viajes MBTB,Testing,2927.0,2398.7463201168193,528.2536798831807
2025-01-07,Viajes MBTB,Testing,2752.0,2604.7250452965245,147.2749547034755
2025-01-08,Viajes MBTB,Testing,2641.0,2600.1689591359723,40.83104086402773
2025-01-09,Viajes MBTB,Testing,2715.0,2654.109759998563,60.89024000143718
2025-01-10,Viajes MBTB,Testing,2668.0,2521.3990846116085,146.6009153883915
2025-01-11,Viajes MBTB,Testing,2215.0,1943.9798753451687,271.0201246548313
2025-01-12,Viajes MBTB,Testing,2418.0,1799.9537319419783,618.0462680580217
2025-01-13,Viajes MBTB,Testing,2894.0,2393.506411850226,500.49358814977404
2025-01-14,Viajes MBTB,Testing,2867.0,2599.485137029931,267.51486297006886
2025-01-15,Viajes MBTB,Testing,2791.0,2594.929050869379,196.0709491306211
2025-01-16,Viajes MBTB,Testing,2609.0,2648.8698517319694,-39.86985173196945
2025-01-17,Viajes MBTB,Testing,2618.0,2516.159176345015,101.84082365498489
2025-01-18,Viajes MBTB,Testing,2071.0,1938.7399670785753,132.26003292142468
2025-01-19,Viajes MBTB,Testing,1974.0,1794.713823675385,179.2861763246151
2025-01-20,Viajes MBTB,Testing,3173.0,2388.2665035836326,784.7334964163674
2025-01-21,Viajes MBTB,Testing,3082.0,2594.2452287633378,487.75477123666224
2025-01-22,Viajes MBTB,Testing,3082.0,2589.6891426027855,492.3108573972145
2025-01-23,Viajes MBTB,Testing,2954.0,2643.629943465376,310.3700565346239
2025-01-24,Viajes MBTB,Testing,2672.0,2510.9192680784217,161.08073192157826
2025-01-25,Viajes MBTB,Testing,2271.0,1933.500058811982,337.49994118801806
2025-01-26,Viajes MBTB,Testing,2110.0,1789.4739154087915,320.5260845912085
2025-01-27,Viajes MBTB,Testing,2952.0,2383.026595317039,568.9734046829608
2025-01-28,Viajes MBTB,Testing,2849.0,2589.0053204967444,259.9946795032556
2025-01-29,Viajes MBTB,Testing,3223.0,2584.449234336192,638.5507656638079
2025-01-30,Viajes MBTB,Testing,3218.0,2638.3900351987827,579.6099648012173
2025-01-31,Viajes MBTB,Testing,3377.0,2505.6793598118284,871.3206401881716
2025-02-01,Viajes MBTB,Testing,2427.0,1928.2601505453886,498.73984945461143
2025-02-02,Viajes MBTB,Testing,2490.0,1784.2340071421982,705.7659928578018
2025-02-03,Viajes MBTB,Testing,2828.0,2377.786687050446,450.21331294955417
2025-02-04,Viajes MBTB,Testing,2338.0,2583.765412230151,-245.76541223015101
2025-02-05,Viajes MBTB,Testing,1368.0,2579.209326069599,-1211.2093260695988
2025-02-06,Viajes MBTB,Testing,3233.0,2633.1501269321893,599.8498730678107
2025-02-07,Viajes MBTB,Testing,3099.0,2500.439451545235,598.560548454765
2025-02-08,Viajes MBTB,Testing,2199.0,1923.0202422787952,275.9797577212048
2025-02-09,Viajes MBTB,Testing,2200.0,1778.9940988756048,421.0059011243952
2025-02-10,Viajes MBTB,Testing,2609.0,2372.5467787838525,236.45322121614754
2025-02-11,Viajes MBTB,Testing,2341.0,2578.5255039635576,-237.52550396355764
2025-02-12,Viajes MBTB,Testing,2121.0,2573.9694178030054,-452.9694178030054
2025-02-13,Viajes MBTB,Testing,3196.0,2627.910218665596,568.089781334404
2025-02-14,Viajes MBTB,Testing,2726.0,2495.1995432786416,230.8004567213584
2025-02-15,Viajes MBTB,Testing,2146.0,1917.7803340122018,228.21966598779818
2025-02-16,Viajes MBTB,Testing,1597.0,1773.7541906090114,-176.7541906090114
2025-02-17,Viajes MBTB,Testing,3014.0,2367.306870517259,646.6931294827409
2025-02-18,Viajes MBTB,Testing,3241.0,2573.2855956969643,667.7144043030357
2025-02-19,Viajes MBTB,Testing,3234.0,2568.729509536412,665.270490463588
2025-02-20,Viajes MBTB,Testing,3187.0,2622.6703103990026,564.3296896009974
2025-02-21,Viajes MBTB,Testing,3082.0,2489.9596350120482,592.0403649879518
2025-02-22,Viajes MBTB,Testing,2109.0,1912.5404257456084,196.45957425439155
2025-02-23,Viajes MBTB,Testing,2217.0,1768.514282342418,448.485717657582
2025-02-24,Viajes MBTB,Testing,2579.0,2362.0669622506657,216.9330377493343
2025-02-25,Viajes MBTB,Testing,1897.0,2568.045687430371,-671.0456874303709
2025-02-26,Viajes MBTB,Testing,2856.0,2563.4896012698186,292.51039873018135
2025-02-27,Viajes MBTB,Testing,3166.0,2617.430402132409,548.5695978675908
2025-02-28,Viajes MBTB,Testing,2425.0,2484.719726745455,-59.719726745454864
2025-03-01,Viajes MBTB,Testing,2292.0,1907.300517479015,384.69948252098493
2025-03-02,Viajes MBTB,Testing,1308.0,1763.2743740758247,-455.27437407582465
2025-03-03,Viajes MBTB,Testing,1818.0,2356.8270539840723,-538.8270539840723
2025-03-04,Viajes MBTB,Testing,2132.0,2562.8057791637775,-430.8057791637775
2025-03-05,Viajes MBTB,Testing,2675.0,2558.2496930032253,116.75030699677473
2025-03-06,Viajes MBTB,Testing,2628.0,2612.190493865816,15.809506134184176
2025-03-07,Viajes MBTB,Testing,2665.0,2479.4798184788615,185.5201815211385
2025-03-08,Viajes MBTB,Testing,1460.0,1902.0606092124217,-442.0606092124217
2025-03-09,Viajes MBTB,Testing,2887.0,1758.0344658092313,1128.9655341907687
2025-03-10,Viajes MBTB,Testing,3225.0,2351.587145717479,873.412854282521
2025-03-11,Viajes MBTB,Testing,2920.0,2557.565870897184,362.43412910281586
2025-03-12,Viajes MBTB,Testing,2730.0,2553.009784736632,176.9902152633681
2025-03-13,Viajes MBTB,Testing,3183.0,2606.9505855992224,576.0494144007776
2025-03-14,Viajes MBTB,Testing,3238.0,2474.239910212268,763.7600897877319
2025-03-15,Viajes MBTB,Testing,2459.0,1896.8207009458283,562.1792990541717
2025-03-16,Viajes MBTB,Testing,2742.0,1752.794557542638,989.2054424573621
2025-03-17,Viajes MBTB,Testing,3019.0,2346.3472374508856,672.6527625491144
2025-03-18,Viajes MBTB,Testing,3085.0,2552.3259626305908,532.6740373694092
2025-03-19,Viajes MBTB,Testing,3156.0,2547.7698764700385,608.2301235299615
2025-03-20,Viajes MBTB,Testing,3295.0,2601.710677332629,693.2893226673709
2025-03-21,Viajes MBTB,Testing,3229.0,2469.0000019456747,759.9999980543253
2025-03-22,Viajes MBTB,Testing,2968.0,1891.580792679235,1076.419207320765
2025-03-23,Viajes MBTB,Testing,2195.0,1747.5546492760445,447.44535072395547
2025-03-24,Viajes MBTB,Testing,1624.0,2341.107329184292,-717.1073291842922
2025-03-25,Viajes MBTB,Testing,3232.0,2547.0860543639974,684.9139456360026
2025-03-26,Viajes MBTB,Testing,3288.0,2542.529968203445,745.4700317965548
2025-03-27,Viajes MBTB,Testing,2610.0,2596.4707690660357,13.5292309339643
2025-03-28,Viajes MBTB,Testing,2544.0,2463.7600936790814,80.23990632091864
2025-03-29,Viajes MBTB,Testing,2707.0,1886.3408844126416,820.6591155873584
2025-03-30,Viajes MBTB,Testing,2506.0,1742.3147410094512,763.6852589905488
2025-03-31,Viajes MBTB,Testing,2516.0,2335.867420917699,180.13257908230116
2025-04-01,Viajes MBTB,Testing,2920.0,2541.846146097404,378.153853902596
2025-04-02,Viajes MBTB,Testing,2708.0,2537.290059936852,170.70994006314822
2025-04-03,Viajes MBTB,Testing,3325.0,2591.2308607994423,733.7691392005577
2025-04-04,Viajes MBTB,Testing,2987.0,2458.520185412488,528.479814587512
2025-04-05,Viajes MBTB,Testing,2547.0,1881.1009761460482,665.8990238539518
2025-04-06,Viajes MBTB,Testing,1990.0,1737.0748327428578,252.92516725714222
2025-04-07,Viajes MBTB,Testing,783.0,2330.6275126511055,-1547.6275126511055
2025-04-08,Viajes MBTB,Testing,2073.0,2536.6062378308106,-463.60623783081064
2025-04-09,Viajes MBTB,Testing,2541.0,2532.0501516702584,8.949848329741599
2025-04-10,Viajes MBTB,Testing,2728.0,2585.990952532849,142.00904746715105
2025-04-11,Viajes MBTB,Testing,3260.0,2453.2802771458946,806.7197228541054
2025-04-12,Viajes MBTB,Testing,2591.0,1875.8610678794548,715.1389321205452
2025-04-13,Viajes MBTB,Testing,3534.0,1731.8349244762644,1802.1650755237356
2025-04-14,Viajes MBTB,Testing,3090.0,2325.387604384512,764.6123956154879
2025-04-15,Viajes MBTB,Testing,3093.0,2531.3663295642173,561.6336704357827
2025-04-16,Viajes MBTB,Testing,3309.0,2526.810243403665,782.189756596335
2025-04-17,Viajes MBTB,Testing,2817.0,2580.7510442662556,236.24895573374442
2025-04-18,Viajes MBTB,Testing,2116.0,2448.0403688793012,-332.04036887930124
2025-04-19,Viajes MBTB,Testing,3873.0,1870.6211596128614,2002.3788403871386
2025-04-20,Viajes MBTB,Testing,1141.0,1726.595016209671,-585.595016209671
2025-04-21,Viajes MBTB,Testing,2996.0,2320.1476961179187,675.8523038820813
2025-04-22,Viajes MBTB,Testing,3235.0,2526.126421297624,708.8735787023761
2025-04-23,Viajes MBTB,Testing,2568.0,2521.5703351370717,46.42966486292835
2025-04-24,Viajes MBTB,Testing,2818.0,2575.511135999662,242.4888640003378
2025-04-25,Viajes MBTB,Testing,3127.0,2442.800460612708,684.1995393872921
2025-04-26,Viajes MBTB,Testing,2509.0,1865.381251346268,643.6187486537319
2025-04-27,Viajes MBTB,Testing,2781.0,1721.3551079430777,1059.6448920569223
2025-04-28,Viajes MBTB,Testing,3127.0,2314.9077878513253,812.0922121486747
2025-04-29,Viajes MBTB,Testing,3355.0,2520.8865130310305,834.1134869689695
2025-04-30,Viajes MBTB,Testing,3355.0,2516.3304268704783,838.6695731295217
2025-05-01,Viajes MBTB,Testing,2074.0,2570.271227733069,-496.2712277330688
2025-05-02,Viajes MBTB,Testing,2969.0,2437.5605523461145,531.4394476538855
2025-05-03,Viajes MBTB,Testing,2898.0,1860.1413430796747,1037.8586569203253
2025-05-04,Viajes MBTB,Testing,2781.0,1716.1151996764843,1064.8848003235157
2025-05-05,Viajes MBTB,Testing,2595.0,2309.667879584732,285.33212041526804
2025-05-06,Viajes MBTB,Testing,4067.0,2515.646604764437,1551.3533952355629
2025-05-07,Viajes MBTB,Testing,3032.0,2511.090518603885,520.9094813961151
2025-05-08,Viajes MBTB,Testing,3092.0,2565.0313194664755,526.9686805335245
2025-05-09,Viajes MBTB,Testing,3205.0,2432.320644079521,772.6793559204789
2025-05-10,Viajes MBTB,Testing,2883.0,1854.9014348130813,1028.0985651869187
2025-05-11,Viajes MBTB,Testing,2970.0,1710.875291409891,1259.124708590109
2025-05-12,Viajes MBTB,Testing,3200.0,2304.4279713181386,895.5720286818614
2025-05-13,Viajes MBTB,Testing,3290.0,2510.4066964978438,779.5933035021562
2025-05-14,Viajes MBTB,Testing,3222.0,2505.8506103372915,716.1493896627085
2025-05-15,Viajes MBTB,Testing,3353.0,2559.791411199882,793.2085888001179
2025-05-16,Viajes MBTB,Testing,2875.0,2427.0807358129277,447.91926418707226
2025-05-17,Viajes MBTB,Testing,1420.0,1849.661526546488,-429.66152654648795
2025-05-18,Viajes MBTB,Testing,2108.0,1705.6353831432975,402.36461685670247
2025-05-19,Viajes MBTB,Testing,1888.0,2299.188063051545,-411.1880630515452
2025-05-20,Viajes MBTB,Testing,2824.0,2505.1667882312504,318.8332117687496
2025-05-21,Viajes MBTB,Testing,2885.0,2500.610702070698,384.38929792930185
2025-05-22,Viajes MBTB,Testing,2980.0,2554.5515029332887,425.4484970667113
2025-05-23,Viajes MBTB,Testing,2771.0,2421.8408275463344,349.15917245366563
2025-05-24,Viajes MBTB,Testing,1914.0,1844.4216182798946,69.57838172010543
2025-05-25,Viajes MBTB,Testing,2257.0,1700.3954748767042,556.6045251232958
2025-05-26,Viajes MBTB,Testing,2072.0,2293.948154784952,-221.94815478495184
2025-05-27,Viajes MBTB,Testing,1999.0,2499.926879964657,-500.926879964657
2025-05-28,Viajes MBTB,Testing,2448.0,2495.370793804105,-47.37079380410478
2025-05-29,Viajes MBTB,Testing,2438.0,2549.3115946666953,-111.31159466669533
2025-05-30,Viajes MBTB,Testing,2590.0,2416.600919279741,173.399080720259
2025-05-31,Viajes MBTB,Testing,2082.0,1839.1817100133012,242.8182899866988
2025-06-01,Viajes MBTB,Testing,2099.0,1695.1555666101108,403.8444333898892
2025-06-02,Viajes MBTB,Testing,2618.0,2288.7082465183585,329.29175348164154
2025-06-03,Viajes MBTB,Testing,2801.0,2494.6869716980636,306.31302830193636
2025-06-04,Viajes MBTB,Testing,2651.0,2490.1308855375114,160.8691144624886
2025-06-05,Viajes MBTB,Testing,2795.0,2544.071686400102,250.92831359989805
2025-06-06,Viajes MBTB,Testing,2652.0,2411.3610110131476,240.63898898685238
2025-06-07,Viajes MBTB,Testing,1760.0,1833.9418017467078,-73.94180174670782
2025-06-08,Viajes MBTB,Testing,2186.0,1689.9156583435174,496.0843416564826
2025-06-09,Viajes MBTB,Testing,2553.0,2283.468338251765,269.5316617482349
2025-06-10,Viajes MBTB,Testing,2700.0,2489.4470634314703,210.55293656852973
2025-06-11,Viajes MBTB,Testing,2584.0,2484.890977270918,99.10902272908197
2025-06-12,Viajes MBTB,Testing,2503.0,2538.8317781335086,-35.83177813350858
2025-06-13,Viajes MBTB,Testing,2335.0,2406.1211027465542,-71.12110274655424
2025-06-14,Viajes MBTB,Testing,1452.0,1828.7018934801144,-376.70189348011445
2025-06-15,Viajes MBTB,Testing,1723.0,1684.675750076924,38.32424992307597
2025-06-16,Viajes MBTB,Testing,997.0,2278.2284299851717,-1281.2284299851717
2025-06-17,Viajes MBTB,Testing,2342.0,2484.207155164877,-142.2071551648769
2025-06-18,Viajes MBTB,Testing,2557.0,2479.6510690043247,77.34893099567535
2025-06-19,Viajes MBTB,Testing,2616.0,2533.591869866915,82.4081301330848
2025-06-20,Viajes MBTB,Testing,2037.0,2400.881194479961,-363.88119447996087
2025-06-21,Viajes MBTB,Testing,1965.0,1823.461985213521,141.53801478647893
2025-06-22,Viajes MBTB,Testing,1666.0,1679.4358418103307,-13.435841810330658
2025-06-23,Viajes MBTB,Testing,1716.0,2272.9885217185783,-556.9885217185783
2025-06-24,Viajes MBTB,Testing,2114.0,2478.9672468982835,-364.9672468982835
2025-06-25,Viajes MBTB,Testing,2276.0,2474.4111607377313,-198.41116073773128
2025-06-26,Viajes MBTB,Testing,2407.0,2528.351961600322,-121.35196160032183
2025-06-27,Viajes MBTB,Testing,2371.0,2395.6412862133675,-24.641286213367493
2025-06-28,Viajes MBTB,Testing,1721.0,1818.2220769469277,-97.2220769469277
2025-06-29,Viajes MBTB,Testing,1836.0,1674.1959335437373,161.80406645626272
2025-06-30,Viajes MBTB,Testing,1815.0,2267.748613451985,-452.74861345198497
2025-07-01,Viajes MBTB,Testing,2033.0,2473.72733863169,-440.72733863169015
2025-07-02,Viajes MBTB,Testing,2104.0,2469.171252471138,-365.1712524711379
2025-07-03,Viajes MBTB,Testing,2129.0,2523.1120533337285,-394.11205333372845
2025-07-04,Viajes MBTB,Testing,2368.0,2390.401377946774,-22.40137794677412
2025-07-05,Viajes MBTB,Testing,1945.0,1812.9821686803343,132.01783131966567
2025-07-06,Viajes MBTB,Testing,2166.0,1668.956025277144,497.0439747228561
2025-07-07,Viajes MBTB,Testing,2507.0,2262.5087051853916,244.4912948146084
2025-07-08,Viajes MBTB,Testing,2608.0,2468.4874303650968,139.51256963490323
2025-07-09,Viajes MBTB,Testing,2345.0,2463.9313442045445,-118.93134420454453
2025-07-10,Viajes MBTB,Testing,2532.0,2517.872145067135,14.12785493286492
2025-07-11,Viajes MBTB,Testing,2597.0,2385.1614696801807,211.83853031981926
2025-07-12,Viajes MBTB,Testing,2198.0,1807.742260413741,390.25773958625905
2025-07-13,Viajes MBTB,Testing,2708.0,1663.7161170105505,1044.2838829894495
2025-07-14,Viajes MBTB,Testing,2591.0,2257.268796918798,333.7312030812018
2025-07-15,Viajes MBTB,Testing,2786.0,2463.2475220985034,322.7524779014966
2025-07-16,Viajes MBTB,Testing,932.0,2458.691435937951,-1526.6914359379512
2025-07-17,Viajes MBTB,Testing,2435.0,2512.6322368005417,-77.6322368005417
2025-07-18,Viajes MBTB,Testing,2662.0,2379.9215614135874,282.07843858641263
2025-07-19,Viajes MBTB,Testing,2320.0,1802.5023521471476,517.4976478528524
2025-07-20,Viajes MBTB,Testing,2567.0,1658.4762087439572,908.5237912560428
2025-07-21,Viajes MBTB,Testing,2660.0,2252.028888652205,407.97111134779516
2025-07-22,Viajes MBTB,Testing,2523.0,2458.00761383191,64.99238616808998
2025-07-23,Viajes MBTB,Testing,1804.0,2453.451527671358,-649.4515276713578
2025-07-24,Viajes MBTB,Testing,2432.0,2507.3923285339483,-75.39232853394833
2025-07-25,Viajes MBTB,Testing,2361.0,2374.681653146994,-13.681653146993995
2025-07-26,Viajes MBTB,Testing,1175.0,1797.2624438805542,-622.2624438805542
2025-07-27,Viajes MBTB,Testing,518.0,1653.2363004773638,-1135.2363004773638
2025-07-28,Viajes MBTB,Testing,2366.0,2246.7889803856115,119.21101961438853
2025-07-29,Viajes MBTB,Testing,2498.0,2452.7677055653166,45.232294434683354
2025-07-30,Viajes MBTB,Testing,2655.0,2448.2116194047644,206.7883805952356
2025-07-31,Viajes MBTB,Testing,2664.0,2502.152420267355,161.84757973264504
2025-08-01,Viajes MBTB,Testing,2325.0,2369.4417448804006,-44.44174488040062
2025-08-02,Viajes MBTB,Testing,2525.0,1792.0225356139608,732.9774643860392
2025-08-03,Viajes MBTB,Testing,2632.0,1647.9963922107704,984.0036077892296
2025-08-04,Viajes MBTB,Testing,2616.0,2241.549072119018,374.4509278809819
2025-08-05,Viajes MBTB,Testing,2738.0,2447.5277972987233,290.47220270127673
2025-08-06,Viajes MBTB,Testing,2852.0,2442.971711138171,409.02828886182897
2025-08-07,Viajes MBTB,Testing,2842.0,2496.9125120007616,345.0874879992384
2025-08-08,Viajes MBTB,Testing,2687.0,2364.2018366138072,322.79816338619275
2025-08-09,Viajes MBTB,Testing,2460.0,1786.7826273473675,673.2173726526325
2025-08-10,Viajes MBTB,Testing,2733.0,1642.756483944177,1090.243516055823
2025-08-11,Viajes MBTB,Testing,2611.0,2236.3091638524247,374.6908361475753
2025-08-12,Viajes MBTB,Testing,2823.0,2442.28788903213,380.7121109678701
2025-08-13,Viajes MBTB,Testing,2690.0,2437.7318028715777,252.26819712842234
2025-08-14,Viajes MBTB,Testing,2664.0,2491.672603734168,172.3273962658318
2025-08-15,Viajes MBTB,Testing,2307.0,2358.961928347214,-51.96192834721387
2025-08-16,Viajes MBTB,Testing,1856.0,1781.542719080774,74.45728091922592
2025-08-17,Viajes MBTB,Testing,2292.0,1637.5165756775837,654.4834243224163
2025-08-18,Viajes MBTB,Testing,1997.0,2231.0692555858313,-234.06925558583134
2025-08-19,Viajes MBTB,Testing,298.0,2437.0479807655365,-2139.0479807655365
2025-08-20,Viajes MBTB,Testing,2465.0,2432.4918946049843,32.50810539501572
2025-08-21,Viajes MBTB,Testing,2722.0,2486.432695467575,235.56730453242517
2025-08-22,Viajes MBTB,Testing,2456.0,2353.7220200806205,102.2779799193795
2025-08-23,Viajes MBTB,Testing,2047.0,1776.3028108141807,270.6971891858193
2025-08-24,Viajes MBTB,Testing,2775.0,1632.2766674109903,1142.7233325890097
2025-08-25,Viajes MBTB,Testing,2811.0,2225.829347319238,585.170652680762
2025-08-26,Viajes MBTB,Testing,2956.0,2431.808072498943,524.1919275010569
2025-08-27,Viajes MBTB,Testing,3014.0,2427.251986338391,586.7480136616091
2025-08-28,Viajes MBTB,Testing,2746.0,2481.1927872009815,264.80721279901854
2025-08-29,Viajes MBTB,Testing,2645.0,2348.482111814027,296.5178881859729
2025-08-30,Viajes MBTB,Testing,1194.0,1771.0629025475873,-577.0629025475873
2025-08-31,Viajes MBTB,Testing,346.0,1627.036759144397,-1281.036759144397
2025-09-01,Viajes MBTB,Testing,2120.0,2220.5894390526446,-100.5894390526446
2025-09-02,Viajes MBTB,Testing,2375.0,2426.56816423235,-51.56816423234977
2025-09-03,Viajes MBTB,Testing,2631.0,2422.0120780717975,208.98792192820247
2025-09-04,Viajes MBTB,Testing,2393.0,2475.952878934388,-82.95287893438808
2025-09-05,Viajes MBTB,Testing,2533.0,2343.2422035474337,189.75779645256625
2025-09-06,Viajes MBTB,Testing,2210.0,1765.822994280994,444.17700571900605
2025-09-07,Viajes MBTB,Testing,2088.0,1621.7968508778035,466.20314912219646
2025-09-08,Viajes MBTB,Testing,2605.0,2215.349530786051,389.6504692139488
2025-09-09,Viajes MBTB,Testing,2864.0,2421.3282559657564,442.6717440342436
2025-09-10,Viajes MBTB,Testing,3006.0,2416.772169805204,589.2278301947958
2025-09-11,Viajes MBTB,Testing,3067.0,2470.7129706677947,596.2870293322053
2025-09-12,Viajes MBTB,Testing,2856.0,2338.0022952808404,517.9977047191596
2025-09-13,Viajes MBTB,Testing,2419.0,1760.5830860144006,658.4169139855994
2025-09-14,Viajes MBTB,Testing,2918.0,1616.5569426112102,1301.4430573887898
2025-09-15,Viajes MBTB,Testing,2323.0,2210.109622519458,112.89037748054216
2025-09-16,Viajes MBTB,Testing,2948.0,2416.088347699163,531.911652300837
2025-09-17,Viajes MBTB,Testing,2903.0,2411.532261538611,491.4677384613892
2025-09-18,Viajes MBTB,Testing,2942.0,2465.4730624012013,476.52693759879867
2025-09-19,Viajes MBTB,Testing,2416.0,2332.762387014247,83.237612985753
2025-09-20,Viajes MBTB,Testing,1679.0,1755.3431777478072,-76.3431777478072
2025-09-21,Viajes MBTB,Testing,2104.0,1611.3170343446168,492.6829656553832
2025-09-22,Viajes MBTB,Testing,3811.0,2204.8697142528645,1606.1302857471355
2025-09-23,Viajes MBTB,Testing,2765.0,2410.8484394325696,354.15156056743035
2025-09-24,Viajes MBTB,Testing,3011.0,2406.2923532720174,604.7076467279826
2025-09-25,Viajes MBTB,Testing,2811.0,2460.233154134608,350.76684586539204
2025-09-26,Viajes MBTB,Testing,2751.0,2327.5224787476536,423.4775212523464
2025-09-27,Viajes MBTB,Testing,1415.0,1750.1032694812138,-335.10326948121383
2025-09-28,Viajes MBTB,Testing,2859.0,1606.0771260780234,1252.9228739219766
2025-09-29,Viajes MBTB,Testing,2771.0,2199.629805986271,571.3701940137289
2025-09-30,Viajes MBTB,Testing,2789.0,2405.6085311659763,383.3914688340237
2025-10-01,Viajes MBTB,Testing,3140.0,2401.052445005424,738.947554994576
2025-10-02,Viajes MBTB,Testing,3091.0,2454.9932458680146,636.0067541319854
2025-10-03,Viajes MBTB,Testing,2982.0,2322.2825704810602,659.7174295189398
2025-10-04,Viajes MBTB,Testing,2557.0,1744.8633612146205,812.1366387853795
2025-10-05,Viajes MBTB,Testing,1596.0,1600.83721781143,-4.837217811430037
2025-10-06,Viajes MBTB,Testing,2751.0,2194.3898977196777,556.6101022803223
2025-10-07,Viajes MBTB,Testing,2971.0,2400.368622899383,570.6313771006171
2025-10-08,Viajes MBTB,Testing,3162.0,2395.8125367388307,766.1874632611693
2025-10-09,Viajes MBTB,Testing,3675.0,2449.753337601421,1225.2466623985788
2025-10-10,Viajes MBTB,Testing,2642.0,2317.042662214467,324.9573377855331
2025-10-11,Viajes MBTB,Testing,2228.0,1739.623452948027,488.3765470519729
2025-10-12,Viajes MBTB,Testing,2057.0,1595.5973095448367,461.40269045516334
2025-10-13,Viajes MBTB,Testing,3074.0,2189.1499894530843,884.8500105469157
2025-10-14,Viajes MBTB,Testing,3303.0,2395.1287146327895,907.8712853672105
2025-10-15,Viajes MBTB,Testing,3327.0,2390.5726284722373,936.4273715277627
2025-10-16,Viajes MBTB,Testing,3249.0,2444.513429334828,804.4865706651722
2025-10-17,Viajes MBTB,Testing,2423.0,2311.8027539478735,111.1972460521265
2025-10-18,Viajes MBTB,Testing,2709.0,1734.3835446814337,974.6164553185663
2025-10-19,Viajes MBTB,Testing,2415.0,1590.3574012782433,824.6425987217567
2025-10-20,Viajes MBTB,Testing,2830.0,2183.910081186491,646.089918813509
2025-10-21,Viajes MBTB,Testing,3171.0,2389.888806366196,781.1111936338039
2025-10-22,Viajes MBTB,Testing,3183.0,2385.332720205644,797.6672797943561
2025-10-23,Viajes MBTB,Testing,3087.0,2439.2735210682345,647.7264789317655
2025-10-24,Viajes MBTB,Testing,1061.0,2306.56284568128,-1245.5628456812801
2025-10-25,Viajes MBTB,Testing,2127.0,1729.1436364148403,397.85636358515967
2025-10-26,Viajes MBTB,Testing,4284.0,1585.11749301165,2698.88250698835
2025-10-27,Viajes MBTB,Testing,2410.0,2178.6701729198976,231.3298270801024
2025-10-28,Viajes MBTB,Testing,2330.0,2384.648898099603,-54.648898099602775
2025-10-29,Viajes MBTB,Testing,2873.0,2380.0928119390505,492.90718806094947
2025-10-30,Viajes MBTB,Testing,2887.0,2434.033612801641,452.9663871983589
2025-10-31,Viajes MBTB,Testing,2995.0,2301.3229374146867,693.6770625853133
2025-11-01,Viajes MBTB,Testing,2614.0,1723.903728148247,890.096271851753
2025-11-02,Viajes MBTB,Testing,2995.0,1579.8775847450565,1415.1224152549435
2025-11-03,Viajes MBTB,Testing,2993.0,2173.430264653304,819.5697353466958
2025-11-04,Viajes MBTB,Testing,2298.0,2379.4089898330094,-81.4089898330094
2025-11-05,Viajes MBTB,Testing,3011.0,2374.852903672457,636.1470963275428
2025-11-06,Viajes MBTB,Testing,2655.0,2428.7937045350477,226.2062954649523
2025-11-07,Viajes MBTB,Testing,939.0,2296.0830291480934,-1357.0830291480934
2025-11-08,Viajes MBTB,Testing,2340.0,1718.6638198816536,621.3361801183464
2025-11-09,Viajes MBTB,Testing,2984.0,1574.6376764784632,1409.3623235215368
2025-11-10,Viajes MBTB,Testing,3122.0,2168.190356386711,953.8096436132892
2025-11-11,Viajes MBTB,Testing,2885.0,2374.169081566416,510.830918433584
2025-11-12,Viajes MBTB,Testing,2724.0,2369.612995405864,354.3870045941362
2025-11-13,Viajes MBTB,Testing,3207.0,2423.5537962684543,783.4462037315457
2025-11-14,Viajes MBTB,Testing,2962.0,2290.8431208815,671.1568791185
2025-11-15,Viajes MBTB,Testing,2488.0,1713.4239116150602,774.5760883849398
2025-11-16,Viajes MBTB,Testing,2151.0,1569.3977682118698,581.6022317881302
2025-11-17,Viajes MBTB,Testing,2951.0,2162.9504481201175,788.0495518798825
2025-11-18,Viajes MBTB,Testing,2979.0,2368.9291732998227,610.0708267001773
2025-11-19,Viajes MBTB,Testing,3118.0,2364.3730871392704,753.6269128607296
2025-11-20,Viajes MBTB,Testing,2322.0,2418.313888001861,-96.31388800186096
2025-11-21,Viajes MBTB,Testing,2519.0,2285.6032126149066,233.39678738509338
2025-11-22,Viajes MBTB,Testing,2470.0,1708.1840033484668,761.8159966515332
2025-11-23,Viajes MBTB,Testing,3121.0,1564.1578599452764,1556.8421400547236
2025-11-24,Viajes MBTB,Testing,2712.0,2157.710539853524,554.2894601464759
2025-11-25,Viajes MBTB,Testing,3054.0,2363.6892650332293,690.3107349667707
2025-11-26,Viajes MBTB,Testing,3019.0,2359.133178872677,659.866821127323
2025-11-27,Viajes MBTB,Testing,3101.0,2413.0739797352676,687.9260202647324
2025-11-28,Viajes MBTB,Testing,2609.0,2280.3633043483132,328.63669565168675
2025-11-29,Viajes MBTB,Testing,2100.0,1702.9440950818735,397.05590491812654
2025-11-30,Viajes MBTB,Testing,2562.0,1558.917951678683,1003.082048321317
2025-12-01,Viajes MBTB,Testing,2593.0,2152.4706315869307,440.5293684130693
2025-12-02,Viajes MBTB,Testing,3025.0,2358.449356766636,666.5506432333641
2025-12-03,Viajes MBTB,Testing,2944.0,2353.8932706060837,590.1067293939163
2025-12-04,Viajes MBTB,Testing,2981.0,2407.834071468674,573.1659285313258
2025-12-05,Viajes MBTB,Testing,2708.0,2275.12339608172,432.8766039182801
2025-12-06,Viajes MBTB,Testing,2273.0,1697.70418681528,575.2958131847199
2025-12-07,Viajes MBTB,Testing,2569.0,1553.6780434120897,1015.3219565879103
2025-12-08,Viajes MBTB,Testing,2175.0,2147.2307233203373,27.769276679662653
2025-12-09,Viajes MBTB,Testing,3036.0,2353.2094485000425,682.7905514999575
2025-12-10,Viajes MBTB,Testing,2564.0,2348.6533623394903,215.3466376605097
2025-12-11,Viajes MBTB,Testing,2114.0,2402.594163202081,-288.59416320208084
2025-12-12,Viajes MBTB,Testing,2851.0,2269.8834878151265,581.1165121848735
2025-12-13,Viajes MBTB,Testing,2242.0,1692.4642785486867,549.5357214513133
2025-12-14,Viajes MBTB,Testing,1924.0,1548.4381351454963,375.5618648545037
2025-12-15,Viajes MBTB,Testing,2665.0,2141.990815053744,523.009184946256
2025-12-16,Viajes MBTB,Testing,3058.0,2347.969540233449,710.0304597665508
2025-12-17,Viajes MBTB,Testing,3049.0,2343.413454072897,705.5865459271031
2025-12-18,Viajes MBTB,Testing,2975.0,2397.3542549354875,577.6457450645125
2025-12-19,Viajes MBTB,Testing,2866.0,2264.643579548533,601.3564204514669
2025-12-20,Viajes MBTB,Testing,1722.0,1687.2243702820933,34.77562971790667
2025-12-21,Viajes MBTB,Testing,2454.0,1543.198226878903,910.8017731210971
2025-12-22,Viajes MBTB,Testing,2791.0,2136.7509067871506,654.2490932128494
2025-12-23,Viajes MBTB,Testing,2788.0,2342.729631966856,445.2703680331442
2025-12-24,Viajes MBTB,Testing,1746.0,2338.1735458063035,-592.1735458063035
2025-12-25,Viajes MBTB,Testing,1397.0,2392.114346668894,-995.1143466688941
2025-12-26,Viajes MBTB,Testing,2585.0,2259.4036712819398,325.59632871806025
2025-12-27,Viajes MBTB,Testing,2145.0,1681.9844620155,463.01553798450004
2025-12-28,Viajes MBTB,Testing,2365.0,1537.9583186123095,827.0416813876905
2025-12-29,Viajes MBTB,Testing,2548.0,2131.510998520557,416.4890014794428
2025-12-30,Viajes MBTB,Testing,2624.0,2337.4897237002624,286.5102762997376
2025-12-31,Viajes MBTB,Testing,1605.0,2332.93363753971,-727.9336375397102
2024-01-31,Temperatura,Training,31.65,30.919473659786327,0.7305263402136717
2024-02-01,Temperatura,Training,32.07,30.657418802830986,1.4125811971690148
2024-02-02,Temperatura,Training,32.43,30.125853919469765,2.3041460805302343
2024-02-03,Temperatura,Training,32.67,29.817693087607694,2.852306912392308
2024-02-04,Temperatura,Training,29.03,30.058120930922566,-1.0281209309225652
2024-02-05,Temperatura,Training,32.03,29.88766378962805,2.142336210371951
2024-02-06,Temperatura,Training,34.32,32.86493256824082,1.4550674317591827
2024-02-07,Temperatura,Training,35.3,34.564226905829294,0.7357730941707032
2024-02-08,Temperatura,Training,35.5,34.07066929579198,1.42933070420802
2024-02-09,Temperatura,Training,28.25,34.25870586709554,-6.008705867095543
2024-02-10,Temperatura,Training,27.66,29.935860988109663,-2.275860988109663
2024-02-11,Temperatura,Training,29.23,30.205740261871107,-0.9757402618711062
2024-02-12,Temperatura,Training,24.44,31.276998028156015,-6.836998028156014
2024-02-13,Temperatura,Training,17.82,20.957648628928194,-3.1376486289281935
2024-02-14,Temperatura,Training,19.21,17.043692473555666,2.166307526444335
2024-02-15,Temperatura,Training,22.1,21.950650600772178,0.1493493992278232
2024-02-16,Temperatura,Training,24.29,18.364544625865456,5.925455374134543
2024-02-17,Temperatura,Training,25.4,16.120610699832678,9.27938930016732
2024-02-18,Temperatura,Training,25.96,24.962779214386675,0.9972207856133259
2024-02-19,Temperatura,Training,26.15,26.93486690364162,-0.7848669036416211
2024-02-20,Temperatura,Training,26.73,27.335268983296785,-0.605268983296785
2024-02-21,Temperatura,Training,28.2,28.67309340010289,-0.4730934001028899
2024-02-22,Temperatura,Training,28.66,28.809751478882987,-0.1497514788829868
2024-02-23,Temperatura,Training,21.74,25.06579532351046,-3.3257953235104623
2024-02-24,Temperatura,Training,23.8,24.91570742957151,-1.1157074295715077
2024-02-25,Temperatura,Training,21.77,25.831045611787445,-4.061045611787446
2024-02-26,Temperatura,Training,23.7,21.943012574803834,1.756987425196165
2024-02-27,Temperatura,Training,25.05,24.63662878080045,0.41337121919955067
2024-02-28,Temperatura,Training,26.7,28.393897559413222,-1.693897559413223
2024-02-29,Temperatura,Training,26.87,27.798592209496885,-0.9285922094968839
2024-03-01,Temperatura,Training,26.31,27.590555638193326,-1.2805556381933272
2024-03-02,Temperatura,Training,26.63,26.88337828783945,-0.2533782878394497
2024-03-03,Temperatura,Training,19.65,28.614573923845104,-8.964573923845105
2024-03-04,Temperatura,Training,20.18,23.13847855189823,-2.9584785518982315
2024-03-05,Temperatura,Training,20.33,22.124613824784603,-1.794613824784605
2024-03-06,Temperatura,Training,21.36,21.670226291777258,-0.31022629177725847
2024-03-07,Temperatura,Training,23.53,23.70823003078122,-0.17823003078121857
2024-03-08,Temperatura,Training,25.86,26.148350757019774,-0.2883507570197743
2024-03-09,Temperatura,Training,26.54,28.316018080967766,-1.7760180809677664
2024-03-10,Temperatura,Training,25.15,28.49647875658224,-3.34647875658224
2024-03-11,Temperatura,Training,27.23,25.999425666786877,1.2305743332131236
2024-03-12,Temperatura,Training,29.0,28.741937665036733,0.2580623349632667
2024-03-13,Temperatura,Training,23.03,29.78598524866817,-6.755985248668168
2024-03-14,Temperatura,Training,23.44,22.613721771535317,0.8262782284646839
2024-03-15,Temperatura,Training,23.18,24.33804363994346,-1.158043639943461
2024-03-16,Temperatura,Training,24.03,26.020098496898804,-1.9900984968988027
2024-03-17,Temperatura,Training,23.31,25.07709299073487,-1.76709299073487
2024-03-18,Temperatura,Training,24.88,25.579056419431307,-0.699056419431308
2024-03-19,Temperatura,Training,26.46,20.89647875658224,5.56352124341776
2024-03-20,Temperatura,Training,27.57,21.84490680458112,5.725093195418879
2024-03-21,Temperatura,Training,16.86,23.732907009265134,-6.872907009265134
2024-03-22,Temperatura,Training,16.4,20.531689143919724,-4.131689143919726
2024-03-23,Temperatura,Training,18.21,18.953257561600893,-0.7432575616008918
2024-03-24,Temperatura,Training,22.1,18.888625041796487,3.211374958203514
2024-03-25,Temperatura,Training,23.2,18.38171844189938,4.818281558100619
2024-03-26,Temperatura,Training,21.31,22.570179322197855,-1.2601793221978568
2024-03-27,Temperatura,Training,21.63,24.08107137544715,-2.4510713754471496
2024-03-28,Temperatura,Training,21.65,21.215491740754096,0.4345082592459022
2024-03-29,Temperatura,Training,21.93,20.854325402728094,1.075674597271906
2024-03-30,Temperatura,Training,24.41,19.957422337150934,4.452577662849066
2024-03-31,Temperatura,Training,20.0,20.025945347728673,-0.02594534772867263
2024-04-01,Temperatura,Training,17.6,23.348830127654047,-5.748830127654045
2024-04-02,Temperatura,Training,17.6,16.17426680676879,1.4257331932312098
2024-04-03,Temperatura,Training,19.02,19.052976208184283,-0.032976208184283706
2024-04-04,Temperatura,Training,17.92,20.242270545772755,-2.322270545772753
2024-04-05,Temperatura,Training,18.91,18.409542858705482,0.5004571412945182
2024-04-06,Temperatura,Training,17.13,19.767915845065005,-2.637915845065006
2024-04-07,Temperatura,Training,17.96,17.011721976219327,0.9482780237806736
2024-04-08,Temperatura,Training,19.45,18.712394806331258,0.7376051936687418
2024-04-09,Temperatura,Training,21.61,20.866595948500848,0.7434040514991516
2024-04-10,Temperatura,Training,16.2,24.16693236355681,-7.966932363556811
2024-04-11,Temperatura,Training,15.1,12.60651158888184,2.493488411118159
2024-04-12,Temperatura,Training,16.52,12.449052885111358,4.070947114888641
2024-04-13,Temperatura,Training,17.93,16.831685609599774,1.0983143904002262
2024-04-14,Temperatura,Training,21.31,18.94981360916224,2.3601863908377574
2024-04-15,Temperatura,Training,20.04,19.492848413305826,0.5471515866941736
2024-04-16,Temperatura,Training,15.65,18.847327374572078,-3.197327374572078
2024-04-17,Temperatura,Training,16.97,13.603926857392876,3.3660731426071226
2024-04-18,Temperatura,Training,17.86,16.914321868408145,0.9456781315918548
2024-04-19,Temperatura,Training,18.24,18.19999646568005,0.040003534319946965
2024-04-20,Temperatura,Training,20.42,18.592420569990956,1.8275794300090453
2024-04-21,Temperatura,Training,21.63,20.06189776409724,1.56810223590276
2024-04-22,Temperatura,Training,21.59,21.581283529944606,0.008716470055393444
2024-04-23,Temperatura,Training,17.67,20.716928829236863,-3.0469288292368617
2024-04-24,Temperatura,Training,13.55,18.276288831424534,-4.726288831424533
2024-04-25,Temperatura,Training,15.75,15.837520834049739,-0.0875208340497391
2024-04-26,Temperatura,Training,19.14,16.985341716535892,2.1546582834641086
2024-04-27,Temperatura,Training,14.38,19.655491740754098,-5.275491740754097
2024-04-28,Temperatura,Training,13.34,17.693012574803834,-4.353012574803834
2024-04-29,Temperatura,Training,16.75,14.699794914142437,2.050205085857563
2024-04-30,Temperatura,Training,20.55,10.139575691005081,10.41042430899492
2024-05-01,Temperatura,Training,14.26,18.106219632505383,-3.846219632505383
2024-05-02,Temperatura,Training,10.77,14.263495479758058,-3.4934954797580584
2024-05-03,Temperatura,Training,9.9,13.623407585819102,-3.7234075858191016
2024-05-04,Temperatura,Training,13.24,11.43506743175918,1.8049325682408206
2024-05-05,Temperatura,Training,17.45,13.21576955985076,4.23423044014924
2024-05-06,Temperatura,Training,17.83,17.307298076592428,0.5227019234075705
2024-05-07,Temperatura,Training,17.88,16.424383998687397,1.4556160013126025
2024-05-08,Temperatura,Training,13.04,17.359444361806673,-4.319444361806674
2024-05-09,Temperatura,Training,9.46,14.38932716988807,-4.929327169888069
2024-05-10,Temperatura,Training,11.2,8.929853510101744,2.2701464898982557
2024-05-11,Temperatura,Training,11.96,14.049389300167322,-2.089389300167321
2024-05-12,Temperatura,Training,11.38,14.038961456852455,-2.658961456852454
2024-05-13,Temperatura,Training,8.41,13.510497042234022,-5.1004970422340214
2024-05-14,Temperatura,Training,8.33,11.243875330073474,-2.9138753300734734
2024-05-15,Temperatura,Training,8.75,10.532127590194445,-1.7821275901944453
2024-05-16,Temperatura,Training,10.44,11.585685200231753,-1.1456852002317532
2024-05-17,Temperatura,Training,9.01,9.563506082717907,-0.5535060827179077
2024-05-18,Temperatura,Training,9.72,8.7133818221594,1.0066181778406005
2024-05-19,Temperatura,Training,9.25,10.34509672973883,-1.0950967297388292
2024-05-20,Temperatura,Training,10.23,13.351630547960422,-3.1216305479604216
2024-05-21,Temperatura,Training,11.14,12.88292114654493,-1.74292114654493
2024-05-22,Temperatura,Training,11.3,14.812522601209713,-3.512522601209712
2024-05-23,Temperatura,Training,11.3,14.84838358931938,-3.5483835893193785
2024-05-24,Temperatura,Training,8.18,12.755041668099476,-4.575041668099477
2024-05-25,Temperatura,Training,5.1,7.519952007000546,-2.4199520070005462
2024-05-26,Temperatura,Training,7.16,2.434215279449388,4.725784720550612
2024-05-27,Temperatura,Training,7.29,5.028010807643859,2.2619891923561406
2024-05-28,Temperatura,Training,8.61,8.823283325260597,-0.21328332526059768
2024-05-29,Temperatura,Training,12.77,10.91619740316563,1.8538025968343703
2024-05-30,Temperatura,Training,12.69,15.372544830549463,-2.682544830549464
2024-05-31,Temperatura,Training,14.44,15.176965195856413,-0.7369651958564134
2024-06-01,Temperatura,Training,14.37,16.9778244168061,-2.6078244168061016
2024-06-02,Temperatura,Training,11.59,16.63383896345392,-5.0438389634539185
2024-06-03,Temperatura,Training,7.69,9.958076472243063,-2.268076472243062
2024-06-04,Temperatura,Training,9.61,5.161297667224409,4.44870233277559
2024-06-05,Temperatura,Training,11.96,16.42073849471113,-4.46073849471113
2024-06-06,Temperatura,Training,15.74,14.336080211247024,1.403919788752976
2024-06-07,Temperatura,Training,20.56,18.55527958625664,2.0047204137433603
2024-06-08,Temperatura,Training,21.16,15.831012779487844,5.328987220512156
2024-06-09,Temperatura,Training,19.38,13.436098906266825,5.943901093733174
2024-06-10,Temperatura,Training,13.87,13.469437293166774,0.4005627068332256
2024-06-11,Temperatura,Training,14.45,11.32821235918147,3.12178764081853
2024-06-12,Temperatura,Training,20.44,13.40824165716112,7.031758342838881
2024-06-13,Temperatura,Training,22.32,16.365598329712853,5.954401670287147
2024-06-14,Temperatura,Training,17.51,19.87967521132394,-2.369675211323937
2024-06-15,Temperatura,Training,13.75,18.8177188512674,-5.067718851267401
2024-06-16,Temperatura,Training,12.11,10.11156134904127,1.9984386509587289
2024-06-17,Temperatura,Training,12.45,11.497418802830984,0.9525811971690157
2024-06-18,Temperatura,Training,16.04,14.234504724925952,1.8054952750740476
2024-06-19,Temperatura,Training,14.15,14.14846088029848,0.0015391197015208746
2024-06-20,Temperatura,Training,11.65,12.134811842002268,-0.48481184200226757
2024-06-21,Temperatura,Training,17.16,11.430764258370834,5.729235741629166
2024-06-22,Temperatura,Training,15.5,17.45198565803619,-1.9519856580361896
2024-06-23,Temperatura,Training,10.58,19.435363945875643,-8.855363945875643
2024-06-24,Temperatura,Training,6.74,10.220650600772176,-3.480650600772176
2024-06-25,Temperatura,Training,7.9,10.381941199356685,-2.481941199356685
2024-06-26,Temperatura,Training,8.35,7.751297667224408,0.5987023327755914
2024-06-27,Temperatura,Training,10.96,5.950098496898803,5.009901503101198
2024-06-28,Temperatura,Training,8.67,9.523711168575467,-0.853711168575467
2024-06-29,Temperatura,Training,5.78,9.88046067561447,-4.10046067561447
2024-06-30,Temperatura,Training,7.52,9.740526340213673,-2.2205263402136737
2024-07-01,Temperatura,Training,8.19,13.3345153278858,-5.1445153278858005
2024-07-02,Temperatura,Training,9.69,12.234427433946848,-2.544427433946849
2024-07-03,Temperatura,Training,7.7,12.577648628928191,-4.877648628928191
2024-07-04,Temperatura,Training,7.34,7.964675955063859,-0.624675955063859
2024-07-05,Temperatura,Training,4.67,5.923783901814568,-1.2537839018145682
2024-07-06,Temperatura,Training,4.36,5.399242810269065,-1.039242810269065
2024-07-07,Temperatura,Training,5.5,6.306511588881842,-0.8065115888818424
2024-07-08,Temperatura,Training,3.3,8.188504315557932,-4.888504315557932
2024-07-09,Temperatura,Training,1.8,6.6232317979411945,-4.823231797941195
2024-07-10,Temperatura,Training,2.97,1.8595534616653282,1.110446538334672
2024-07-11,Temperatura,Training,5.06,1.7982300307812196,3.26176996921878
2024-07-12,Temperatura,Training,6.57,3.3458316901300122,3.224168309869988
2024-07-13,Temperatura,Training,5.36,7.155766025530809,-1.795766025530809
2024-07-14,Temperatura,Training,5.37,6.993436883798755,-1.623436883798755
2024-07-15,Temperatura,Training,9.81,4.219941404040697,5.590058595959303
2024-07-16,Temperatura,Training,12.3,7.677879478445456,4.622120521554545
2024-07-17,Temperatura,Training,12.04,10.96977724254269,1.0702227574573087
2024-07-18,Temperatura,Training,12.83,11.310391476695319,1.5196085233046812
2024-07-19,Temperatura,Training,12.3,14.596925294916911,-2.2969252949169103
2024-07-20,Temperatura,Training,9.69,19.991009245167895,-10.301009245167895
2024-07-21,Temperatura,Training,10.74,12.949732783863187,-2.2097327838631866
2024-07-22,Temperatura,Training,11.88,6.125868056749562,5.754131943250439
2024-07-23,Temperatura,Training,14.21,9.74533818221594,4.4646618177840605
2024-07-24,Temperatura,Training,15.7,11.45174420555908,4.248255794440919
2024-07-25,Temperatura,Training,12.68,16.20756882704919,-3.5275688270491905
2024-07-26,Temperatura,Training,13.04,11.745243219637086,1.2947567803629134
2024-07-27,Temperatura,Training,12.66,12.48156134904127,0.17843865095873035
2024-07-28,Temperatura,Training,9.67,14.067298076592428,-4.397298076592428
2024-07-29,Temperatura,Training,7.08,12.096475222262292,-5.016475222262292
2024-07-30,Temperatura,Training,6.59,11.365743796191056,-4.7757437961910565
2024-07-31,Temperatura,Training,12.88,12.342679694067819,0.537320305932182
2024-08-01,Temperatura,Training,19.5,14.480621302792528,5.019378697207472
2024-08-02,Temperatura,Training,22.53,13.283374753519501,9.2466252464805
2024-08-03,Temperatura,Training,15.02,19.472567059889215,-4.4525670598892155
2024-08-04,Temperatura,Training,11.93,15.319660050624083,-3.3896600506240837
2024-08-05,Temperatura,Training,12.47,16.030277819096664,-3.5602778190966635
2024-08-06,Temperatura,Training,14.77,5.471385561163362,9.298614438836637
2024-08-07,Temperatura,Training,10.0,12.037846646145852,-2.0378466461458515
2024-08-08,Temperatura,Training,6.79,13.793831894814023,-7.003831894814023
2024-08-09,Temperatura,Training,5.18,11.034760314682863,-5.8547603146828635
2024-08-10,Temperatura,Training,8.14,3.673630343276412,4.466369656723589
2024-08-11,Temperatura,Training,9.51,5.547488001750137,3.9625119982498624
2024-08-12,Temperatura,Training,7.82,11.579722180903337,-3.7597221809033368
2024-08-13,Temperatura,Training,10.57,12.697579430009043,-2.1275794300090425
2024-08-14,Temperatura,Training,12.13,15.178961456852454,-3.048961456852453
2024-08-15,Temperatura,Training,14.08,15.632614029468616,-1.5526140294686162
2024-08-16,Temperatura,Training,12.34,10.616233769785183,1.7237662302148173
2024-08-17,Temperatura,Training,11.61,9.390402079655168,2.2195979203448317
2024-08-18,Temperatura,Training,12.87,9.935981714348218,2.9340182856517814
2024-08-19,Temperatura,Training,13.17,12.266837400977957,0.9031625990220427
2024-08-20,Temperatura,Training,10.54,18.122511998249863,-7.582511998249863
2024-08-21,Temperatura,Training,9.34,10.145312418556239,-0.8053124185562393
2024-08-22,Temperatura,Training,7.53,9.043747535195019,-1.5137475351950185
2024-08-23,Temperatura,Training,6.63,9.063502548397956,-2.433502548397956
2024-08-24,Temperatura,Training,7.58,7.379301406228368,0.2006985937716319
2024-08-25,Temperatura,Training,7.55,6.235403846815143,1.3145961531848567
2024-08-26,Temperatura,Training,9.39,8.74380613115432,0.6461938688456801
2024-08-27,Temperatura,Training,11.27,9.73509319541888,1.5349068045811194
2024-08-28,Temperatura,Training,11.9,12.922299843752404,-1.0222998437524033
2024-08-29,Temperatura,Training,12.31,15.193374753519501,-2.883374753519501
2024-08-30,Temperatura,Training,10.86,11.197641560288293,-0.3376415602882936
2024-08-31,Temperatura,Training,8.71,15.446076676927074,-6.736076676927073
2024-09-01,Temperatura,Training,9.82,9.07979491414244,0.7402050858575606
2024-09-02,Temperatura,Training,13.78,7.218994289152055,6.561005710847945
2024-09-03,Temperatura,Training,13.94,12.41177703785868,1.528222962141319
2024-09-04,Temperatura,Training,13.73,12.629045816471457,1.1009541835285432
2024-09-05,Temperatura,Training,12.59,15.146928829236863,-2.5569288292368633
2024-09-06,Temperatura,Training,15.42,13.360552103873374,2.059447896126626
2024-09-07,Temperatura,Training,16.31,13.176347427383837,3.133652572616162
2024-09-08,Temperatura,Training,16.54,17.792786283026576,-1.2527862830265768
2024-09-09,Temperatura,Training,15.96,19.092574128529115,-3.1325741285291144
2024-09-10,Temperatura,Training,18.6,17.034142546210287,1.5658574537897145
2024-09-11,Temperatura,Training,15.62,12.800091428258906,2.8199085717410934
2024-09-12,Temperatura,Training,14.46,13.974720413743363,0.48527958625663814
2024-09-13,Temperatura,Training,14.71,15.31085568662974,-0.600855686629739
2024-09-14,Temperatura,Training,13.68,19.857912310745057,-6.177912310745057
2024-09-15,Temperatura,Training,14.67,16.229729249543237,-1.5597292495432367
2024-09-16,Temperatura,Training,17.75,12.694208210809489,5.055791789190511
2024-09-17,Temperatura,Training,18.03,15.793802596834372,2.2361974031656295
2024-09-18,Temperatura,Training,21.6,17.391407790503116,4.208592209496885
2024-09-19,Temperatura,Training,20.16,21.914716879423416,-1.754716879423416
2024-09-20,Temperatura,Training,17.76,21.85180633583833,-4.091806335838328
2024-09-21,Temperatura,Training,20.09,17.157363741191634,2.9326362588083654
2024-09-22,Temperatura,Training,20.8,18.553188362681745,2.246811637318256
2024-09-23,Temperatura,Training,17.45,19.71622316682533,-2.2662231668253305
2024-09-24,Temperatura,Training,17.0,16.43843511663878,0.5615648833612212
2024-09-25,Temperatura,Training,18.54,14.75978431118259,3.7802156888174085
2024-09-26,Temperatura,Training,15.83,18.866559581881297,-3.0365595818812974
2024-09-27,Temperatura,Training,15.82,16.192606960828716,-0.37260696082871547
2024-09-28,Temperatura,Training,19.95,15.461257766284906,4.488742233715094
2024-09-29,Temperatura,Training,23.08,17.51600747800792,5.563992521992077
2024-09-30,Temperatura,Training,26.1,23.328395215699278,2.771604784300724
2024-10-01,Temperatura,Training,20.15,24.532504929609964,-4.382504929609965
2024-10-02,Temperatura,Training,16.11,17.853217660661393,-1.7432176606613936
2024-10-03,Temperatura,Training,16.13,15.649539324385529,0.48046067561447003
2024-10-04,Temperatura,Training,17.72,17.7945082592459,-0.07450825924590276
2024-10-05,Temperatura,Training,21.13,19.38064353213228,1.7493564678677203
2024-10-06,Temperatura,Training,19.88,19.220365713035616,0.6596342869643834
2024-10-07,Temperatura,Training,18.81,21.92729807659243,-3.11729807659243
2024-10-08,Temperatura,Training,19.92,21.304142546210286,-1.3841425462102848
2024-10-09,Temperatura,Training,18.12,22.22687376759751,-4.106873767597509
2024-10-10,Temperatura,Training,18.99,10.523012574803836,8.466987425196162
2024-10-11,Temperatura,Training,22.53,15.26174420555908,7.268255794440922
2024-10-12,Temperatura,Training,18.01,21.744252669488993,-3.734252669488992
2024-10-13,Temperatura,Training,18.77,20.119228672989266,-1.3492286729892662
2024-10-14,Temperatura,Training,21.04,20.847206648333525,0.1927933516664737
2024-10-15,Temperatura,Training,21.09,23.871532051061617,-2.7815320510616175
2024-10-16,Temperatura,Training,22.26,16.91555387103335,5.344446128966652
2024-10-17,Temperatura,Training,20.66,20.064504724925953,0.5954952750740468
2024-10-18,Temperatura,Training,21.56,22.604259738128892,-1.0442597381288934
2024-10-19,Temperatura,Training,22.63,23.540120726238555,-0.9101207262385564
2024-10-20,Temperatura,Training,24.92,25.496625246480498,-0.5766252464804964
2024-10-21,Temperatura,Training,28.35,23.339601454664784,5.010398545335217
2024-10-22,Temperatura,Training,26.94,25.8044425946467,1.1355574053532997
2024-10-23,Temperatura,Training,22.81,22.526804568678354,0.28319543132164426
2024-10-24,Temperatura,Training,18.42,20.769934335400798,-2.349934335400796
2024-10-25,Temperatura,Training,16.86,20.107023791815717,-3.2470237918157174
2024-10-26,Temperatura,Training,18.03,19.062456936610513,-1.0324569366105116
2024-10-27,Temperatura,Training,20.8,20.964573923845105,-0.16457392384510428
2024-10-28,Temperatura,Training,22.41,21.779941404040695,0.630058595959305
2024-10-29,Temperatura,Training,24.33,16.689418598146975,7.640581401853023
2024-10-30,Temperatura,Training,24.69,19.831649242980223,4.858350757019778
2024-10-31,Temperatura,Training,24.08,20.944559786565307,3.1354402134346913
2024-11-01,Temperatura,Training,25.47,21.14796383806446,4.322036161935539
2024-11-02,Temperatura,Training,22.98,23.055170486397984,-0.07517048639798318
2024-11-03,Temperatura,Training,22.65,24.10084861798984,-1.4508486179898412
2024-11-04,Temperatura,Training,21.63,22.60241703567101,-0.9724170356710111
2024-11-05,Temperatura,Training,20.24,23.92511895907858,-3.685118959078583
2024-11-06,Temperatura,Training,21.59,24.31800727332391,-2.728007273323911
2024-11-07,Temperatura,Training,21.34,18.83377683317467,2.506223166825329
2024-11-08,Temperatura,Training,21.64,21.094877506601467,0.5451224933985337
2024-11-09,Temperatura,Training,23.92,19.11552103873375,4.804478961266252
2024-11-10,Temperatura,Training,24.2,26.85303126982364,-2.6530312698236393
2024-11-11,Temperatura,Training,19.46,20.94475324604296,-1.4847532460429598
2024-11-12,Temperatura,Training,19.51,19.305184623677786,0.20481537632221603
2024-11-13,Temperatura,Training,23.24,20.797239480633127,2.442760519366871
2024-11-14,Temperatura,Training,25.02,24.58910794675071,0.43089205324929125
2024-11-15,Temperatura,Training,26.55,23.34508966109893,3.2049103389010725
2024-11-16,Temperatura,Training,28.22,25.17971864658339,3.04028135341661
2024-11-17,Temperatura,Training,18.86,24.96330555460035,-6.10330555460035
2024-11-18,Temperatura,Training,20.27,21.08202555897569,-0.8120255589756908
2024-11-19,Temperatura,Training,21.28,24.19138202684341,-2.911382026843409
2024-11-20,Temperatura,Training,22.35,19.943685404915765,2.406314595084236
2024-11-21,Temperatura,Training,23.17,22.287700156247595,0.8822998437524063
2024-11-22,Temperatura,Training,24.34,25.099692882923687,-0.7596928829236873
2024-11-23,Temperatura,Training,25.98,23.228098701582812,2.751901298417188
2024-11-24,Temperatura,Training,26.62,25.82021215449746,0.7997878455025393
2024-11-25,Temperatura,Training,26.17,27.45352477773771,-1.283524777737707
2024-11-26,Temperatura,Training,27.68,28.132299843752403,-0.45229984375240306
2024-11-27,Temperatura,Training,24.86,28.458742233715093,-3.598742233715093
2024-11-28,Temperatura,Training,25.53,23.97377683317467,1.5562231668253297
2024-11-29,Temperatura,Training,21.54,27.67926503960882,-6.139265039608819
2024-11-30,Temperatura,Training,23.02,22.225743796191054,0.7942562038089456
2024-12-01,Temperatura,Training,23.07,21.61706015843527,1.4529398415647314
2024-12-02,Temperatura,Training,19.26,17.629480728426223,1.6305192715737782
2024-12-03,Temperatura,Training,18.64,20.19110420774675,-1.55110420774675
2024-12-04,Temperatura,Training,22.19,19.051934130716788,3.1380658692832135
2024-12-05,Temperatura,Training,26.28,23.90760519366874,2.372394806331261
2024-12-06,Temperatura,Training,22.9,25.77883012765405,-2.8788301276540516
2024-12-07,Temperatura,Training,18.95,23.126380259683437,-4.176380259683437
2024-12-08,Temperatura,Training,18.85,19.378409352979077,-0.5284093529790752
2024-12-09,Temperatura,Training,21.23,21.7944824955862,-0.5644824955862013
2024-12-10,Temperatura,Training,24.08,22.993623274636512,1.0863767253634862
2024-12-11,Temperatura,Training,25.06,27.67957215668513,-2.6195721566851304
2024-12-12,Temperatura,Training,27.61,23.335740261871106,4.274259738128894
2024-12-13,Temperatura,Training,25.01,26.346961661536465,-1.3369616615364635
2024-12-14,Temperatura,Training,25.24,27.411411324823064,-2.1714113248230653
2024-12-15,Temperatura,Training,23.56,26.15978784550254,-2.59978784550254
2024-12-16,Temperatura,Training,23.88,23.53163054796042,0.34836945203957725
2024-12-17,Temperatura,Training,25.26,16.2533161575602,9.006683842439802
2024-12-18,Temperatura,Training,23.82,22.117477398790292,1.7025226012097079
2024-12-19,Temperatura,Training,26.12,26.19913371041041,-0.07913371041041017
2024-12-20,Temperatura,Training,26.71,27.58830732176033,-0.8783073217603281
2024-12-21,Temperatura,Training,18.94,27.141959894376487,-8.201959894376486
2024-12-22,Temperatura,Training,21.74,22.278840730613897,-0.5388407306138987
2024-12-23,Temperatura,Training,24.02,23.248072937923112,0.7719270620768874
2024-12-24,Temperatura,Training,22.74,21.67512602771848,1.064873972281518
2024-12-25,Temperatura,Training,20.81,21.752332676052003,-0.9423326760520041
2024-12-26,Temperatura,Training,21.48,23.573499014078006,-2.093499014078006
2024-12-27,Temperatura,Training,23.8,25.000862755269637,-1.200862755269636
2024-12-28,Temperatura,Training,25.6,23.665893820409266,1.934106179590735
2024-12-29,Temperatura,Training,25.77,21.680369247355564,4.089630752644435
2024-12-30,Temperatura,Training,26.42,25.76527251761674,0.6547274823832616
2024-12-31,Temperatura,Training,28.3,28.623616205996615,-0.3236162059966148
2025-01-01,Temperatura,Testing,28.37,28.436347427383836,-0.06634742738383537
2025-01-02,Temperatura,Testing,28.47,27.889294310485642,0.5807056895143567
2025-01-03,Temperatura,Testing,26.33,28.351300160654308,-2.0213001606543095
2025-01-04,Temperatura,Testing,26.69,28.931329481140025,-2.241329481140024
2025-01-05,Temperatura,Testing,26.23,25.413315304899598,0.8166846951004025
2025-01-06,Temperatura,Testing,27.25,25.47498564078217,1.7750143592178311
2025-01-07,Temperatura,Testing,28.9,28.586967110078398,0.31303288992160105
2025-01-08,Temperatura,Testing,29.56,28.002100301788968,1.5578996982110311
2025-01-09,Temperatura,Testing,29.36,26.7849168392008,2.575083160799199
2025-01-10,Temperatura,Testing,29.94,27.251239961979973,2.6887600380200283
2025-01-11,Temperatura,Testing,28.98,26.37787944973709,2.60212055026291
2025-01-12,Temperatura,Testing,28.5,27.992398603854255,0.5076013961457448
2025-01-13,Temperatura,Testing,28.97,24.112936267599405,4.857063732400594
2025-01-14,Temperatura,Testing,29.65,25.59807088462749,4.051929115372509
2025-01-15,Temperatura,Testing,31.4,21.1767166665106,10.223283333489398
2025-01-16,Temperatura,Testing,33.13,23.2380442852279,9.891955714772102
2025-01-17,Temperatura,Testing,31.51,25.431420297883435,6.078579702116567
2025-01-18,Temperatura,Testing,28.08,26.296360879148335,1.7836391208516638
2025-01-19,Temperatura,Testing,24.07,24.08249648197999,-0.012496481979990648
2025-01-20,Temperatura,Testing,24.51,23.26954484538761,1.2404551546123912
2025-01-21,Temperatura,Testing,26.63,24.34729037769344,2.282709622306559
2025-01-22,Temperatura,Testing,29.58,23.875568409414154,5.704431590585845
2025-01-23,Temperatura,Testing,29.65,24.824253165570767,4.825746834429232
2025-01-24,Temperatura,Testing,28.97,25.51324857890772,3.456751421092278
2025-01-25,Temperatura,Testing,27.99,25.602481273005736,2.387518726994262
2025-01-26,Temperatura,Testing,27.98,25.611895202765236,2.368104797234764
2025-01-27,Temperatura,Testing,28.67,27.111447560793614,1.5585524392063874
2025-01-28,Temperatura,Testing,25.76,29.40110565069324,-3.6411056506932375
2025-01-29,Temperatura,Testing,26.56,31.12084449887069,-4.56084449887069
2025-01-30,Temperatura,Testing,27.94,31.650645030430454,-3.7106450304304524
2025-01-31,Temperatura,Testing,27.69,32.07049267591782,-4.380492675917818
2025-02-01,Temperatura,Testing,28.66,32.43037630714543,-3.7703763071454297
2025-02-02,Temperatura,Testing,29.7,32.670287424374884,-2.9702874243748845
2025-02-03,Temperatura,Testing,31.79,29.030219535483933,2.7597804645160657
2025-02-04,Temperatura,Testing,29.5,32.030167681772724,-2.530167681772724
2025-02-05,Temperatura,Testing,25.15,34.32012807577345,-9.170128075773448
2025-02-06,Temperatura,Testing,23.97,35.30009782460835,-11.330097824608352
2025-02-07,Temperatura,Testing,26.63,35.500074718689895,-8.870074718689896
2025-02-08,Temperatura,Testing,29.6,28.250057070329373,1.349942929670629
2025-02-09,Temperatura,Testing,27.01,27.660043590465776,-0.6500435904657742
2025-02-10,Temperatura,Testing,31.54,29.230033294510957,2.3099667054890425
2025-02-11,Temperatura,Testing,26.72,24.44002543043393,2.2799745695660683
2025-02-12,Temperatura,Testing,21.3,17.820019423831475,3.4799805761685256
2025-02-13,Temperatura,Testing,24.25,19.21001483597292,5.03998516402708
2025-02-14,Temperatura,Testing,26.62,22.100011331754644,4.519988668245357
2025-02-15,Temperatura,Testing,24.12,24.290008655223623,-0.17000865522362218
2025-02-16,Temperatura,Testing,23.25,25.40000661088228,-2.1500066108822793
2025-02-17,Temperatura,Testing,23.73,25.96000504940905,-2.2300050494090513
2025-02-18,Temperatura,Testing,19.3,26.150003856751745,-6.850003856751744
2025-02-19,Temperatura,Testing,23.28,26.730002945797,-3.4500029457969994
2025-02-20,Temperatura,Testing,26.77,28.200002250007397,-1.430002250007398
2025-02-21,Temperatura,Testing,29.73,28.660001718561492,1.069998281438508
2025-02-22,Temperatura,Testing,31.45,21.74000131264173,9.709998687358269
2025-02-23,Temperatura,Testing,31.86,23.800001002599164,8.059998997400836
2025-02-24,Temperatura,Testing,31.76,21.770000765787845,9.989999234212156
2025-02-25,Temperatura,Testing,27.12,23.700000584910743,3.419999415089258
2025-02-26,Temperatura,Testing,25.89,25.050000446756346,0.8399995532436542
2025-02-27,Temperatura,Testing,25.41,26.700000341233658,-1.2900003412336574
2025-02-28,Temperatura,Testing,27.12,26.870000260635155,0.24999973936484565
2025-03-01,Temperatura,Testing,26.99,26.310000199073805,0.6799998009261934
2025-03-02,Temperatura,Testing,25.36,26.63000015205309,-1.2700001520530897
2025-03-03,Temperatura,Testing,27.01,19.650000116138543,7.359999883861459
2025-03-04,Temperatura,Testing,27.96,20.180000088706922,7.779999911293078
2025-03-05,Temperatura,Testing,29.38,20.330000067754575,9.049999932245424
2025-03-06,Temperatura,Testing,27.79,21.360000051751122,6.429999948248877
2025-03-07,Temperatura,Testing,28.78,23.530000039527643,5.249999960472358
2025-03-08,Temperatura,Testing,19.16,25.860000030191316,-6.700000030191315
2025-03-09,Temperatura,Testing,17.28,26.540000023060205,-9.260000023060204
2025-03-10,Temperatura,Testing,18.59,25.150000017613444,-6.560000017613444
2025-03-11,Temperatura,Testing,20.43,27.230000013453196,-6.800000013453197
2025-03-12,Temperatura,Testing,16.46,29.000000010275585,-12.540000010275584
2025-03-13,Temperatura,Testing,16.14,23.03000000784852,-6.890000007848521
2025-03-14,Temperatura,Testing,16.91,23.44000000599472,-6.530000005994719
2025-03-15,Temperatura,Testing,19.55,23.180000004578783,-3.6300000045787826
2025-03-16,Temperatura,Testing,20.73,24.030000003497285,-3.300000003497285
2025-03-17,Temperatura,Testing,21.06,23.310000002671234,-2.2500000026712357
2025-03-18,Temperatura,Testing,23.53,24.880000002040294,-1.350000002040293
2025-03-19,Temperatura,Testing,24.12,26.460000001558384,-2.3400000015583835
2025-03-20,Temperatura,Testing,23.98,27.570000001190298,-3.5900000011902975
2025-03-21,Temperatura,Testing,24.34,16.860000000909153,7.479999999090847
2025-03-22,Temperatura,Testing,23.9,16.400000000694412,7.499999999305587
2025-03-23,Temperatura,Testing,22.01,18.210000000530396,3.7999999994696054
2025-03-24,Temperatura,Testing,20.46,22.100000000405117,-1.6400000004051165
2025-03-25,Temperatura,Testing,21.31,23.20000000030943,-1.8900000003094313
2025-03-26,Temperatura,Testing,22.34,21.310000000236343,1.0299999997636569
2025-03-27,Temperatura,Testing,22.78,21.63000000018052,1.1499999998194816
2025-03-28,Temperatura,Testing,22.48,21.65000000013788,0.829999999862121
2025-03-29,Temperatura,Testing,21.2,21.930000000105313,-0.7300000001053135
2025-03-30,Temperatura,Testing,23.07,24.41000000008044,-1.3400000000804404
2025-03-31,Temperatura,Testing,15.49,20.00000000006144,-4.51000000006144
2025-04-01,Temperatura,Testing,14.95,17.60000000004693,-2.65000000004693
2025-04-02,Temperatura,Testing,18.11,17.600000000035845,0.5099999999641547
2025-04-03,Temperatura,Testing,17.05,19.020000000027377,-1.970000000027376
2025-04-04,Temperatura,Testing,10.91,17.920000000020913,-7.010000000020913
2025-04-05,Temperatura,Testing,12.38,18.910000000015973,-6.530000000015972
2025-04-06,Temperatura,Testing,16.8,17.1300000000122,-0.3300000000121983
2025-04-07,Temperatura,Testing,16.05,17.96000000000932,-1.910000000009319
2025-04-08,Temperatura,Testing,17.93,19.450000000007115,-1.5200000000071157
2025-04-09,Temperatura,Testing,19.0,21.610000000005435,-2.610000000005435
2025-04-10,Temperatura,Testing,19.9,16.200000000004152,3.699999999995846
2025-04-11,Temperatura,Testing,19.88,15.10000000000317,4.779999999996829
2025-04-12,Temperatura,Testing,17.48,16.520000000002423,0.9599999999975779
2025-04-13,Temperatura,Testing,15.28,17.93000000000185,-2.6500000000018513
2025-04-14,Temperatura,Testing,16.03,21.310000000001413,-5.280000000001412
2025-04-15,Temperatura,Testing,15.89,20.04000000000108,-4.150000000001079
2025-04-16,Temperatura,Testing,17.6,15.650000000000825,1.9499999999991768
2025-04-17,Temperatura,Testing,19.32,16.970000000000628,2.3499999999993726
2025-04-18,Temperatura,Testing,17.15,17.86000000000048,-0.7100000000004805
2025-04-19,Temperatura,Testing,13.88,18.240000000000364,-4.360000000000364
2025-04-20,Temperatura,Testing,13.1,20.420000000000282,-7.320000000000283
2025-04-21,Temperatura,Testing,16.21,21.630000000000212,-5.420000000000211
2025-04-22,Temperatura,Testing,18.43,21.590000000000163,-3.1600000000001636
2025-04-23,Temperatura,Testing,19.54,17.670000000000126,1.869999999999873
2025-04-24,Temperatura,Testing,19.43,13.550000000000097,5.879999999999903
2025-04-25,Temperatura,Testing,21.01,15.750000000000073,5.259999999999929
2025-04-26,Temperatura,Testing,16.64,19.140000000000057,-2.500000000000057
2025-04-27,Temperatura,Testing,13.82,14.380000000000043,-0.5600000000000431
2025-04-28,Temperatura,Testing,14.68,13.340000000000032,1.3399999999999679
2025-04-29,Temperatura,Testing,15.52,16.750000000000025,-1.2300000000000253
2025-04-30,Temperatura,Testing,16.44,20.55000000000002,-4.110000000000017
2025-05-01,Temperatura,Testing,16.55,14.260000000000014,2.2899999999999867
2025-05-02,Temperatura,Testing,18.4,10.77000000000001,7.629999999999988
2025-05-03,Temperatura,Testing,19.53,9.90000000000001,9.629999999999992
2025-05-04,Temperatura,Testing,21.79,13.240000000000007,8.549999999999992
2025-05-05,Temperatura,Testing,21.09,17.450000000000003,3.639999999999997
2025-05-06,Temperatura,Testing,22.05,17.830000000000002,4.219999999999999
2025-05-07,Temperatura,Testing,20.37,17.880000000000003,2.4899999999999984
2025-05-08,Temperatura,Testing,17.7,13.040000000000001,4.659999999999998
2025-05-09,Temperatura,Testing,15.93,9.460000000000003,6.469999999999997
2025-05-10,Temperatura,Testing,16.74,11.200000000000001,5.539999999999997
2025-05-11,Temperatura,Testing,16.27,11.960000000000003,4.309999999999997
2025-05-12,Temperatura,Testing,14.93,11.38,3.549999999999999
2025-05-13,Temperatura,Testing,17.32,8.41,8.91
2025-05-14,Temperatura,Testing,20.8,8.33,12.47
2025-05-15,Temperatura,Testing,22.2,8.75,13.45
2025-05-16,Temperatura,Testing,21.34,10.44,10.9
2025-05-17,Temperatura,Testing,22.67,9.01,13.660000000000002
2025-05-18,Temperatura,Testing,12.79,9.72,3.0699999999999985
2025-05-19,Temperatura,Testing,10.09,9.25,0.8399999999999999
2025-05-20,Temperatura,Testing,10.7,10.23,0.46999999999999886
2025-05-21,Temperatura,Testing,11.04,11.14,-0.10000000000000142
2025-05-22,Temperatura,Testing,11.13,11.3,-0.16999999999999993
2025-05-23,Temperatura,Testing,12.72,11.3,1.42
2025-05-24,Temperatura,Testing,13.32,8.18,5.140000000000001
2025-05-25,Temperatura,Testing,14.52,5.1,9.42
2025-05-26,Temperatura,Testing,18.76,7.16,11.600000000000001
2025-05-27,Temperatura,Testing,12.89,7.29,5.6000000000000005
2025-05-28,Temperatura,Testing,6.92,8.61,-1.6899999999999995
2025-05-29,Temperatura,Testing,6.24,12.77,-6.529999999999999
2025-05-30,Temperatura,Testing,8.31,12.69,-4.379999999999999
2025-05-31,Temperatura,Testing,8.98,14.44,-5.459999999999999
2025-06-01,Temperatura,Testing,9.7,14.37,-4.67
2025-06-02,Temperatura,Testing,10.54,11.59,-1.0500000000000007
2025-06-03,Temperatura,Testing,11.23,7.69,3.54
2025-06-04,Temperatura,Testing,12.67,9.61,3.0600000000000005
2025-06-05,Temperatura,Testing,11.28,11.96,-0.6800000000000015
2025-06-06,Temperatura,Testing,10.28,15.74,-5.460000000000001
2025-06-07,Temperatura,Testing,9.8,20.56,-10.759999999999998
2025-06-08,Temperatura,Testing,10.49,21.16,-10.67
2025-06-09,Temperatura,Testing,8.79,19.38,-10.59
2025-06-10,Temperatura,Testing,10.03,13.87,-3.84
2025-06-11,Temperatura,Testing,10.03,14.45,-4.42
2025-06-12,Temperatura,Testing,10.42,20.44,-10.020000000000001
2025-06-13,Temperatura,Testing,13.03,22.32,-9.290000000000001
2025-06-14,Temperatura,Testing,8.64,17.51,-8.870000000000001
2025-06-15,Temperatura,Testing,7.2,13.75,-6.55
2025-06-16,Temperatura,Testing,10.1,12.11,-2.01
2025-06-17,Temperatura,Testing,9.14,12.45,-3.3099999999999987
2025-06-18,Temperatura,Testing,7.86,16.04,-8.18
2025-06-19,Temperatura,Testing,9.06,14.15,-5.09
2025-06-20,Temperatura,Testing,9.25,11.65,-2.4000000000000004
2025-06-21,Temperatura,Testing,9.29,17.16,-7.870000000000001
2025-06-22,Temperatura,Testing,9.02,15.5,-6.48
2025-06-23,Temperatura,Testing,4.04,10.58,-6.54
2025-06-24,Temperatura,Testing,5.21,6.74,-1.5300000000000002
2025-06-25,Temperatura,Testing,6.71,7.9,-1.1900000000000004
2025-06-26,Temperatura,Testing,7.13,8.35,-1.2199999999999998
2025-06-27,Temperatura,Testing,7.01,10.96,-3.950000000000001
2025-06-28,Temperatura,Testing,6.35,8.67,-2.3200000000000003
2025-06-29,Temperatura,Testing,4.23,5.78,-1.5499999999999998
2025-06-30,Temperatura,Testing,2.1,7.52,-5.42
2025-07-01,Temperatura,Testing,2.4,8.19,-5.789999999999999
2025-07-02,Temperatura,Testing,2.62,9.69,-7.069999999999999
2025-07-03,Temperatura,Testing,5.5,7.7,-2.2
2025-07-04,Temperatura,Testing,7.67,7.34,0.33000000000000007
2025-07-05,Temperatura,Testing,9.52,4.67,4.85
2025-07-06,Temperatura,Testing,12.92,4.36,8.559999999999999
2025-07-07,Temperatura,Testing,14.53,5.5,9.03
2025-07-08,Temperatura,Testing,13.4,3.3,10.100000000000001
2025-07-09,Temperatura,Testing,14.18,1.8,12.379999999999999
2025-07-10,Temperatura,Testing,12.93,2.97,9.959999999999999
2025-07-11,Temperatura,Testing,12.28,5.06,7.22
2025-07-12,Temperatura,Testing,12.85,6.57,6.279999999999999
2025-07-13,Temperatura,Testing,13.35,5.36,7.989999999999999
2025-07-14,Temperatura,Testing,14.34,5.37,8.969999999999999
2025-07-15,Temperatura,Testing,18.01,9.81,8.200000000000001
2025-07-16,Temperatura,Testing,10.95,12.3,-1.3500000000000014
2025-07-17,Temperatura,Testing,7.52,12.04,-4.52
2025-07-18,Temperatura,Testing,8.13,12.83,-4.699999999999999
2025-07-19,Temperatura,Testing,10.0,12.3,-2.3000000000000007
2025-07-20,Temperatura,Testing,12.22,9.69,2.530000000000001
2025-07-21,Temperatura,Testing,13.41,10.74,2.67
2025-07-22,Temperatura,Testing,10.52,11.88,-1.3600000000000012
2025-07-23,Temperatura,Testing,8.33,14.21,-5.880000000000001
2025-07-24,Temperatura,Testing,9.87,15.7,-5.83
2025-07-25,Temperatura,Testing,13.54,12.68,0.8599999999999994
2025-07-26,Temperatura,Testing,10.64,13.04,-2.3999999999999986
2025-07-27,Temperatura,Testing,7.81,12.66,-4.8500000000000005
2025-07-28,Temperatura,Testing,9.85,9.67,0.17999999999999972
2025-07-29,Temperatura,Testing,9.9,7.08,2.8200000000000003
2025-07-30,Temperatura,Testing,11.76,6.59,5.17
2025-07-31,Temperatura,Testing,14.3,12.88,1.42
2025-08-01,Temperatura,Testing,16.98,19.5,-2.5199999999999996
2025-08-02,Temperatura,Testing,12.73,22.53,-9.8
2025-08-03,Temperatura,Testing,12.15,15.02,-2.869999999999999
2025-08-04,Temperatura,Testing,10.32,11.93,-1.6099999999999994
2025-08-05,Temperatura,Testing,9.5,12.47,-2.9700000000000006
2025-08-06,Temperatura,Testing,10.82,14.77,-3.9499999999999993
2025-08-07,Temperatura,Testing,10.28,10.0,0.27999999999999936
2025-08-08,Temperatura,Testing,7.51,6.79,0.7199999999999998
2025-08-09,Temperatura,Testing,8.92,5.18,3.74
2025-08-10,Temperatura,Testing,9.68,8.14,1.5399999999999991
2025-08-11,Temperatura,Testing,11.44,9.51,1.9299999999999997
2025-08-12,Temperatura,Testing,13.83,7.82,6.01
2025-08-13,Temperatura,Testing,11.64,10.57,1.0700000000000003
2025-08-14,Temperatura,Testing,8.59,12.13,-3.540000000000001
2025-08-15,Temperatura,Testing,7.91,14.08,-6.17
2025-08-16,Temperatura,Testing,8.5,12.34,-3.84
2025-08-17,Temperatura,Testing,11.31,11.61,-0.29999999999999893
2025-08-18,Temperatura,Testing,13.99,12.87,1.120000000000001
2025-08-19,Temperatura,Testing,15.18,13.17,2.01
2025-08-20,Temperatura,Testing,13.81,10.54,3.2700000000000014
2025-08-21,Temperatura,Testing,13.88,9.34,4.540000000000001
2025-08-22,Temperatura,Testing,12.7,7.53,5.169999999999999
2025-08-23,Temperatura,Testing,8.55,6.63,1.9200000000000008
2025-08-24,Temperatura,Testing,9.0,7.58,1.42
2025-08-25,Temperatura,Testing,11.66,7.55,4.11
2025-08-26,Temperatura,Testing,13.88,9.39,4.49
2025-08-27,Temperatura,Testing,14.26,11.27,2.99
2025-08-28,Temperatura,Testing,14.98,11.9,3.08
2025-08-29,Temperatura,Testing,17.56,12.31,5.249999999999998
2025-08-30,Temperatura,Testing,18.05,10.86,7.190000000000001
2025-08-31,Temperatura,Testing,16.77,8.71,8.059999999999999
2025-09-01,Temperatura,Testing,10.56,9.82,0.7400000000000002
2025-09-02,Temperatura,Testing,12.26,13.78,-1.5199999999999996
2025-09-03,Temperatura,Testing,12.28,13.94,-1.6600000000000001
2025-09-04,Temperatura,Testing,7.31,13.73,-6.420000000000001
2025-09-05,Temperatura,Testing,7.01,12.59,-5.58
2025-09-06,Temperatura,Testing,8.22,15.42,-7.199999999999999
2025-09-07,Temperatura,Testing,9.48,16.31,-6.829999999999998
2025-09-08,Temperatura,Testing,11.79,16.54,-4.75
2025-09-09,Temperatura,Testing,13.32,15.96,-2.6400000000000006
2025-09-10,Temperatura,Testing,14.72,18.6,-3.880000000000001
2025-09-11,Temperatura,Testing,14.36,15.62,-1.2599999999999998
2025-09-12,Temperatura,Testing,14.44,14.46,-0.02000000000000135
2025-09-13,Temperatura,Testing,15.36,14.71,0.6499999999999986
2025-09-14,Temperatura,Testing,16.57,13.68,2.8900000000000006
2025-09-15,Temperatura,Testing,16.86,14.67,2.1899999999999995
2025-09-16,Temperatura,Testing,17.62,17.75,-0.129999999999999
2025-09-17,Temperatura,Testing,18.93,18.03,0.8999999999999986
2025-09-18,Temperatura,Testing,18.29,21.6,-3.3100000000000023
2025-09-19,Temperatura,Testing,22.74,20.16,2.5799999999999983
2025-09-20,Temperatura,Testing,20.54,17.76,2.7799999999999976
2025-09-21,Temperatura,Testing,13.63,20.09,-6.459999999999999
2025-09-22,Temperatura,Testing,13.65,20.8,-7.15
2025-09-23,Temperatura,Testing,15.6,17.45,-1.8499999999999996
2025-09-24,Temperatura,Testing,15.63,17.0,-1.3699999999999992
2025-09-25,Temperatura,Testing,14.68,18.54,-3.8599999999999994
2025-09-26,Temperatura,Testing,16.94,15.83,1.1100000000000012
2025-09-27,Temperatura,Testing,16.31,15.82,0.48999999999999844
2025-09-28,Temperatura,Testing,14.92,19.95,-5.029999999999999
2025-09-29,Temperatura,Testing,17.37,23.08,-5.709999999999997
2025-09-30,Temperatura,Testing,16.84,26.1,-9.260000000000002
2025-10-01,Temperatura,Testing,16.45,20.15,-3.6999999999999993
2025-10-02,Temperatura,Testing,17.92,16.11,1.8100000000000023
2025-10-03,Temperatura,Testing,20.66,16.13,4.530000000000001
2025-10-04,Temperatura,Testing,24.59,17.72,6.870000000000001
2025-10-05,Temperatura,Testing,18.38,21.13,-2.75
2025-10-06,Temperatura,Testing,13.13,19.88,-6.749999999999998
2025-10-07,Temperatura,Testing,15.29,18.81,-3.5199999999999996
2025-10-08,Temperatura,Testing,16.79,19.92,-3.1300000000000026
2025-10-09,Temperatura,Testing,18.65,18.12,0.5299999999999976
2025-10-10,Temperatura,Testing,20.54,18.99,1.5500000000000007
2025-10-11,Temperatura,Testing,22.0,22.53,-0.5300000000000011
2025-10-12,Temperatura,Testing,16.16,18.01,-1.8500000000000014
2025-10-13,Temperatura,Testing,18.65,18.77,-0.120000000000001
2025-10-14,Temperatura,Testing,20.37,21.04,-0.6699999999999982
2025-10-15,Temperatura,Testing,21.69,21.09,0.6000000000000014
2025-10-16,Temperatura,Testing,23.27,22.26,1.009999999999998
2025-10-17,Temperatura,Testing,18.6,20.66,-2.0599999999999987
2025-10-18,Temperatura,Testing,18.01,21.56,-3.549999999999997
2025-10-19,Temperatura,Testing,18.31,22.63,-4.32
2025-10-20,Temperatura,Testing,19.78,24.92,-5.140000000000001
2025-10-21,Temperatura,Testing,23.38,28.35,-4.970000000000002
2025-10-22,Temperatura,Testing,21.78,26.94,-5.16
2025-10-23,Temperatura,Testing,25.46,22.81,2.650000000000002
2025-10-24,Temperatura,Testing,21.93,18.42,3.509999999999998
2025-10-25,Temperatura,Testing,17.96,16.86,1.1000000000000014
2025-10-26,Temperatura,Testing,18.15,18.03,0.11999999999999744
2025-10-27,Temperatura,Testing,14.6,20.8,-6.200000000000001
2025-10-28,Temperatura,Testing,12.05,22.41,-10.36
2025-10-29,Temperatura,Testing,13.64,24.33,-10.689999999999998
2025-10-30,Temperatura,Testing,16.09,24.69,-8.600000000000001
2025-10-31,Temperatura,Testing,19.05,24.08,-5.029999999999998
2025-11-01,Temperatura,Testing,22.36,25.47,-3.1099999999999994
2025-11-02,Temperatura,Testing,23.34,22.98,0.35999999999999943
2025-11-03,Temperatura,Testing,24.55,22.65,1.9000000000000021
2025-11-04,Temperatura,Testing,21.47,21.63,-0.16000000000000014
2025-11-05,Temperatura,Testing,17.97,20.24,-2.2699999999999996
2025-11-06,Temperatura,Testing,16.86,21.59,-4.73
2025-11-07,Temperatura,Testing,14.3,21.34,-7.039999999999999
2025-11-08,Temperatura,Testing,16.29,21.64,-5.350000000000001
2025-11-09,Temperatura,Testing,19.35,23.92,-4.57
2025-11-10,Temperatura,Testing,21.27,24.2,-2.9299999999999997
2025-11-11,Temperatura,Testing,22.51,19.46,3.0500000000000007
2025-11-12,Temperatura,Testing,19.43,19.51,-0.08000000000000185
2025-11-13,Temperatura,Testing,22.03,23.24,-1.2099999999999973
2025-11-14,Temperatura,Testing,23.88,25.02,-1.1400000000000006
2025-11-15,Temperatura,Testing,26.29,26.55,-0.26000000000000156
2025-11-16,Temperatura,Testing,20.84,28.22,-7.379999999999999
2025-11-17,Temperatura,Testing,17.85,18.86,-1.009999999999998
2025-11-18,Temperatura,Testing,21.09,20.27,0.8200000000000003
2025-11-19,Temperatura,Testing,22.44,21.28,1.1600000000000001
2025-11-20,Temperatura,Testing,25.14,22.35,2.789999999999999
2025-11-21,Temperatura,Testing,18.83,23.17,-4.340000000000003
2025-11-22,Temperatura,Testing,18.14,24.34,-6.199999999999999
2025-11-23,Temperatura,Testing,19.43,25.98,-6.550000000000001
2025-11-24,Temperatura,Testing,21.32,26.62,-5.300000000000001
2025-11-25,Temperatura,Testing,24.25,26.17,-1.9200000000000017
2025-11-26,Temperatura,Testing,26.91,27.68,-0.7699999999999996
2025-11-27,Temperatura,Testing,28.43,24.86,3.5700000000000003
2025-11-28,Temperatura,Testing,28.06,25.53,2.5299999999999976
2025-11-29,Temperatura,Testing,19.22,21.54,-2.3200000000000003
2025-11-30,Temperatura,Testing,19.41,23.02,-3.6099999999999994
2025-12-01,Temperatura,Testing,22.02,23.07,-1.0500000000000007
2025-12-02,Temperatura,Testing,23.35,19.26,4.09
2025-12-03,Temperatura,Testing,26.49,18.64,7.849999999999998
2025-12-04,Temperatura,Testing,27.22,22.19,5.029999999999998
2025-12-05,Temperatura,Testing,29.21,26.28,2.9299999999999997
2025-12-06,Temperatura,Testing,27.18,22.9,4.280000000000001
2025-12-07,Temperatura,Testing,24.4,18.95,5.449999999999999
2025-12-08,Temperatura,Testing,21.29,18.85,2.4399999999999977
2025-12-09,Temperatura,Testing,24.01,21.23,2.780000000000001
2025-12-10,Temperatura,Testing,25.93,24.08,1.8500000000000014
2025-12-11,Temperatura,Testing,26.98,25.06,1.9200000000000017
2025-12-12,Temperatura,Testing,27.45,27.61,-0.16000000000000014
2025-12-13,Temperatura,Testing,28.04,25.01,3.0299999999999976
2025-12-14,Temperatura,Testing,23.24,25.24,-2.0
2025-12-15,Temperatura,Testing,20.86,23.56,-2.6999999999999993
2025-12-16,Temperatura,Testing,21.18,23.88,-2.6999999999999993
2025-12-17,Temperatura,Testing,24.41,25.26,-0.8500000000000014
2025-12-18,Temperatura,Testing,26.73,23.82,2.91
2025-12-19,Temperatura,Testing,28.38,26.12,2.259999999999998
2025-12-20,Temperatura,Testing,25.83,26.71,-0.8800000000000026
2025-12-21,Temperatura,Testing,25.89,18.94,6.949999999999999
2025-12-22,Temperatura,Testing,25.19,21.74,3.450000000000003
2025-12-23,Temperatura,Testing,27.41,24.02,3.3900000000000006
2025-12-24,Temperatura,Testing,29.08,22.74,6.34
2025-12-25,Temperatura,Testing,25.35,20.81,4.540000000000003
2025-12-26,Temperatura,Testing,27.89,21.48,6.41
2025-12-27,Temperatura,Testing,28.93,23.8,5.129999999999999
2025-12-28,Temperatura,Testing,25.32,25.6,-0.28000000000000114
2025-12-29,Temperatura,Testing,29.13,25.77,3.3599999999999994
2025-12-30,Temperatura,Testing,30.31,26.42,3.889999999999997
2025-12-31,Temperatura,Testing,31.76,28.3,3.460000000000001
2023-01-31,Humedad,Training,54.93,58.908552230705084,-3.978552230705084
2023-02-01,Humedad,Training,57.75,56.96415990499493,0.7858400950050708
2023-02-02,Humedad,Training,61.55,59.287543955207916,2.2624560447920814
2023-02-03,Humedad,Training,61.7,62.41834515762257,-0.718345157622565
2023-02-04,Humedad,Training,57.83,62.54192941561262,-4.711929415612623
2023-02-05,Humedad,Training,47.44,59.353455559469275,-11.913455559469277
2023-02-06,Humedad,Training,41.97,50.79318595602499,-8.823185956024993
2023-02-07,Humedad,Training,33.87,46.28648001465442,-12.416480014654425
2023-02-08,Humedad,Training,35.42,39.6129300831916,-4.192930083191598
2023-02-09,Humedad,Training,38.23,40.88996741575548,-2.6599674157554816
2023-02-10,Humedad,Training,40.14,43.205112515435786,-3.0651125154357857
2023-02-11,Humedad,Training,38.42,44.77875206717579,-6.358752067175786
2023-02-12,Humedad,Training,35.0,43.36165257555652,-8.36165257555652
2023-02-13,Humedad,Training,50.41,40.54393149338333,9.866068506616664
2023-02-14,Humedad,Training,52.87,53.240154264228025,-0.37015426422802733
2023-02-15,Humedad,Training,41.08,55.26693609526488,-14.186936095264883
2023-02-16,Humedad,Training,60.63,45.55321341724678,15.076786582753222
2023-02-17,Humedad,Training,48.11,61.66036170861692,-13.550361708616919
2023-02-18,Humedad,Training,46.23,51.34519564171389,-5.115195641713896
2023-02-19,Humedad,Training,43.66,49.7962729415719,-6.136272941571903
2023-02-20,Humedad,Training,45.96,47.678862654675676,-1.7188626546756751
2023-02-21,Humedad,Training,48.94,49.573821277189815,-0.6338212771898171
2023-02-22,Humedad,Training,55.54,52.02902853592551,3.510971464074487
2023-02-23,Humedad,Training,71.93,57.46673588748781,14.4632641125122
2023-02-24,Humedad,Training,60.62,70.9703758105342,-10.350375810534196
2023-02-25,Humedad,Training,54.25,61.65212275808424,-7.402122758084239
2023-02-26,Humedad,Training,37.87,56.40391126877336,-18.533911268773366
2023-02-27,Humedad,Training,40.01,42.908510296259664,-2.8985102962596656
2023-02-28,Humedad,Training,42.51,44.67164571025107,-2.161645710251072
2023-03-01,Humedad,Training,47.38,46.73138334341861,0.648616656581396
2023-03-02,Humedad,Training,51.9,50.743752252828976,1.1562477471710224
2023-03-03,Humedad,Training,51.62,54.46775789359587,-2.847757893595876
2023-03-04,Humedad,Training,50.85,54.23706727868111,-3.3870672786811085
2023-03-05,Humedad,Training,44.71,53.60266808766551,-8.892668087665513
2023-03-06,Humedad,Training,40.46,48.54395246060604,-8.083952460606042
2023-03-07,Humedad,Training,37.35,45.04239848422123,-7.692398484221229
2023-03-08,Humedad,Training,41.43,42.480084868560816,-1.0500848685608162
2023-03-09,Humedad,Training,38.1,45.84157668589024,-7.741576685890237
2023-03-10,Humedad,Training,39.21,43.09800615851108,-3.8880061585110823
2023-03-11,Humedad,Training,40.05,44.012529667637466,-3.962529667637469
2023-03-12,Humedad,Training,37.97,44.70460151238175,-6.734601512381751
2023-03-13,Humedad,Training,38.34,42.990899801586366,-4.6508998015863625
2023-03-14,Humedad,Training,45.26,43.29574097129516,1.9642590287048378
2023-03-15,Humedad,Training,59.76,48.9970947399029,10.7629052600971
2023-03-16,Humedad,Training,57.03,60.94357301227461,-3.913573012274611
2023-03-17,Humedad,Training,56.31,58.69433951685566,-2.384339516855661
2023-03-18,Humedad,Training,58.27,58.10113507850341,0.16886492149659205
2023-03-19,Humedad,Training,59.12,59.71596938290676,-0.595969382906766
2023-03-20,Humedad,Training,74.44,60.41628017818372,14.023719821816279
2023-03-21,Humedad,Training,74.72,73.03835239423438,1.681647605765619
2023-03-22,Humedad,Training,90.53,73.26904300914916,17.260956990850843
2023-03-23,Humedad,Training,87.05,86.29482380130065,0.7551761986993455
2023-03-24,Humedad,Training,79.1,83.42766901593143,-4.327669015931434
2023-03-25,Humedad,Training,80.61,76.87770334245866,3.7322966575413403
2023-03-26,Humedad,Training,69.72,78.12178487289185,-8.401784872891852
2023-03-27,Humedad,Training,71.13,69.14956774281407,1.9804322571859245
2023-03-28,Humedad,Training,71.19,70.31125976792056,0.8787402320794371
2023-03-29,Humedad,Training,71.3,70.36069347111658,0.9393065288834208
2023-03-30,Humedad,Training,68.38,70.45132192697596,-2.071321926975969
2023-03-31,Humedad,Training,57.82,68.04554837143627,-10.225548371436268
2023-04-01,Humedad,Training,55.85,59.3452166089366,-3.4952166089366017
2023-04-02,Humedad,Training,61.03,57.722143354000586,3.307856645999415
2023-04-03,Humedad,Training,88.87,61.98991972992372,26.880080270076284
2023-04-04,Humedad,Training,79.54,84.92715801287741,-5.387158012877407
2023-04-05,Humedad,Training,75.4,77.24021716589615,-1.8402171658961493
2023-04-06,Humedad,Training,75.03,73.82929164537072,1.2007083546292847
2023-04-07,Humedad,Training,71.12,73.52445047566192,-2.4044504756619176
2023-04-08,Humedad,Training,67.24,70.3030208173879,-3.0630208173879083
2023-04-09,Humedad,Training,67.69,67.10630801071187,0.5836919892881269
2023-04-10,Humedad,Training,72.11,67.47706078468204,4.632939215317961
2023-04-11,Humedad,Training,69.94,71.11867692012224,-1.1786769201222427
2023-04-12,Humedad,Training,74.07,69.33082465453282,4.739175345467174
2023-04-13,Humedad,Training,57.56,72.73351122452559,-15.173511224525583
2023-04-14,Humedad,Training,54.17,59.13100389508718,-4.961003895087181
2023-04-15,Humedad,Training,65.21,56.337999664512004,8.87200033548799
2023-04-16,Humedad,Training,71.59,65.43380105257984,6.156198947420165
2023-04-17,Humedad,Training,71.56,70.69025149242339,0.8697485075766167
2023-04-18,Humedad,Training,63.1,70.66553464082538,-7.565534640825383
2023-04-19,Humedad,Training,59.37,63.69538249018644,-4.325382490186442
2023-04-20,Humedad,Training,56.55,60.622253941500475,-4.0722539415004775
2023-04-21,Humedad,Training,62.57,58.298869891287495,4.271130108712505
2023-04-22,Humedad,Training,66.19,63.25871811195492,2.9312818880450777
2023-04-23,Humedad,Training,67.74,66.24121820478152,1.498781795218477
2023-04-24,Humedad,Training,74.81,67.51825553734538,7.29174446265462
2023-04-25,Humedad,Training,78.41,73.34319356394317,5.066806436056822
2023-04-26,Humedad,Training,70.4,76.30921575570443,-5.909215755704423
2023-04-27,Humedad,Training,68.41,69.70981637903566,-1.2998163790356614
2023-04-28,Humedad,Training,67.17,68.07026522303428,-0.9002652230342818
2023-04-29,Humedad,Training,68.82,67.0486353569832,1.7713646430167955
2023-04-30,Humedad,Training,65.86,68.40806219487376,-2.548062194873765
2023-05-01,Humedad,Training,53.61,65.9693328372034,-12.359332837203397
2023-05-02,Humedad,Training,53.2,55.87661843468247,-2.6766184346824673
2023-05-03,Humedad,Training,62.51,55.538821462842996,6.971178537157002
2023-05-04,Humedad,Training,68.96,63.2092844087589,5.7507155912410965
2023-05-05,Humedad,Training,85.92,68.52340750233114,17.396592497668863
2023-05-06,Humedad,Training,85.89,82.4966676057397,3.393332394260298
2023-05-07,Humedad,Training,69.65,82.47195075414169,-12.821950754141682
2023-05-08,Humedad,Training,74.88,69.0918950890854,5.788104910914598
2023-05-09,Humedad,Training,70.73,73.40086621767188,-2.670866217671872
2023-05-10,Humedad,Training,68.2,69.98170174661377,-1.7817017466137628
2023-05-11,Humedad,Training,73.1,67.89724726184821,5.202752738151787
2023-05-12,Humedad,Training,67.52,71.93433302285658,-4.414333022856582
2023-05-13,Humedad,Training,69.95,67.33699862562665,2.6130013743733542
2023-05-14,Humedad,Training,70.13,69.33906360506549,0.790936394934505
2023-05-15,Humedad,Training,69.42,69.48736471465355,-0.0673647146535501
2023-05-16,Humedad,Training,69.56,68.90239922683398,0.657600773166024
2023-05-17,Humedad,Training,69.73,69.01774453429135,0.7122554657086511
2023-05-18,Humedad,Training,69.35,69.15780669334674,0.19219330665325174
2023-05-19,Humedad,Training,87.51,68.84472657310528,18.66527342689473
2023-05-20,Humedad,Training,79.88,83.80666074043427,-3.926660740434272
2023-05-21,Humedad,Training,87.23,77.52034148400693,9.70965851599307
2023-05-22,Humedad,Training,89.04,83.57597012551949,5.4640298744805165
2023-05-23,Humedad,Training,88.26,85.0672201719328,3.192779828067202
2023-05-24,Humedad,Training,94.47,84.42458203038453,10.045417969615471
2023-05-25,Humedad,Training,95.92,89.54097031117269,6.379029688827316
2023-05-26,Humedad,Training,83.46,90.73561813840985,-7.275618138409854
2023-05-27,Humedad,Training,68.18,80.46988577470285,-12.289885774702839
2023-05-28,Humedad,Training,74.72,67.88076936078288,6.839230639217121
2023-05-29,Humedad,Training,74.96,73.26904300914916,1.690956990850836
2023-05-30,Humedad,Training,78.79,73.46677782193322,5.323222178066786
2023-05-31,Humedad,Training,84.76,76.6222958759459,8.13770412405411
2023-06-01,Humedad,Training,86.29,81.54094934394999,4.7490506560500165
2023-06-02,Humedad,Training,86.49,82.80150877544853,3.68849122455147
2023-06-03,Humedad,Training,90.86,82.9662877861019,7.893712213898098
2023-06-04,Humedad,Training,72.37,86.56670916887876,-14.196709168878755
2023-06-05,Humedad,Training,71.55,71.33288963397166,0.21711036602833644
2023-06-06,Humedad,Training,88.6,70.65729569029271,17.94270430970728
2023-06-07,Humedad,Training,92.15,84.70470634849531,7.445293651504699
2023-06-08,Humedad,Training,86.71,87.6295337875932,-0.9195337875932097
2023-06-09,Humedad,Training,65.27,83.14754469782065,-17.877544697820653
2023-06-10,Humedad,Training,59.43,65.48323475577587,-6.053234755775868
2023-06-11,Humedad,Training,62.2,60.6716876446965,1.5283123553035054
2023-06-12,Humedad,Training,65.86,62.953876942246126,2.9061230577538737
2023-06-13,Humedad,Training,64.2,65.9693328372034,-1.7693328372033932
2023-06-14,Humedad,Training,74.44,64.60166704878016,9.83833295121984
2023-06-15,Humedad,Training,73.74,73.03835239423438,0.7016476057656149
2023-06-16,Humedad,Training,83.77,72.46162585694748,11.308374143052518
2023-06-17,Humedad,Training,83.15,80.72529324121564,2.4247067587843674
2023-06-18,Humedad,Training,82.53,80.21447830819008,2.31552169180992
2023-06-19,Humedad,Training,84.53,79.70366337516452,4.826336624835477
2023-06-20,Humedad,Training,83.61,81.35145348169857,2.2585465183014293
2023-06-21,Humedad,Training,92.6,80.59347003269292,12.006529967307074
2023-06-22,Humedad,Training,88.26,88.00028656156337,0.2597134384366342
2023-06-23,Humedad,Training,90.74,84.42458203038453,6.315417969615467
2023-06-24,Humedad,Training,89.6,86.46784176248673,3.1321582375132664
2023-06-25,Humedad,Training,83.51,85.52860140176233,-2.018601401762325
2023-06-26,Humedad,Training,89.17,80.5110805273662,8.658919472633798
2023-06-27,Humedad,Training,75.16,85.1743265288575,-10.01432652885751
2023-06-28,Humedad,Training,69.3,73.63155683258663,-4.331556832586628
2023-06-29,Humedad,Training,74.0,68.80353182044192,5.196468179558082
2023-06-30,Humedad,Training,72.74,72.6758385707969,0.06416142920309653
2023-07-01,Humedad,Training,78.49,71.63773080368045,6.85226919631954
2023-07-02,Humedad,Training,82.24,76.3751273599658,5.864872640034193
2023-07-03,Humedad,Training,79.93,79.4647338097171,0.46526619028290384
2023-07-04,Humedad,Training,79.68,77.56153623667029,2.1184637633297143
2023-07-05,Humedad,Training,83.85,77.35556247335356,6.494437526646436
2023-07-06,Humedad,Training,87.11,80.79120484547698,6.318795154523016
2023-07-07,Humedad,Training,71.68,83.47710271912746,-11.797102719127452
2023-07-08,Humedad,Training,78.6,70.76440204721743,7.835597952782564
2023-07-09,Humedad,Training,82.78,76.46575581582516,6.314244184174839
2023-07-10,Humedad,Training,79.3,79.90963713848129,-0.6096371384812898
2023-07-11,Humedad,Training,77.31,77.04248235311206,0.26751764688793855
2023-07-12,Humedad,Training,88.18,75.40293119711072,12.77706880288929
2023-07-13,Humedad,Training,77.8,84.35867042612318,-6.558670426123186
2023-07-14,Humedad,Training,77.06,75.80663977321154,1.253360226788459
2023-07-15,Humedad,Training,81.97,75.19695743379395,6.773042566206044
2023-07-16,Humedad,Training,72.29,79.242282145335,-6.952282145334991
2023-07-17,Humedad,Training,71.71,71.26697802971032,0.4430219702896778
2023-07-18,Humedad,Training,72.22,70.78911889881543,1.4308811011845677
2023-07-19,Humedad,Training,71.72,71.20930537598161,0.5106946240183845
2023-07-20,Humedad,Training,80.11,70.7973578493481,9.312642150651897
2023-07-21,Humedad,Training,83.76,77.70983734625835,6.050162653741651
2023-07-22,Humedad,Training,77.87,80.71705429068297,-2.847054290682962
2023-07-23,Humedad,Training,67.75,75.86431242694024,-8.114312426940245
2023-07-24,Humedad,Training,75.93,67.52649448787805,8.403505512121953
2023-07-25,Humedad,Training,87.45,74.26595602360224,13.18404397639776
2023-07-26,Humedad,Training,74.23,83.75722703723824,-9.527227037238234
2023-07-27,Humedad,Training,72.78,72.86533443304832,-0.08533443304831678
2023-07-28,Humedad,Training,76.42,71.67068660581114,4.74931339418886
2023-07-29,Humedad,Training,72.0,74.66966459970308,-2.669664599703083
2023-07-30,Humedad,Training,79.77,71.02804846426287,8.74195153573713
2023-07-31,Humedad,Training,82.83,77.42971302814757,5.400286971852424
2023-08-01,Humedad,Training,82.09,79.95083189114465,2.1391681088553582
2023-08-02,Humedad,Training,73.14,79.34114955172706,-6.201149551727056
2023-08-03,Humedad,Training,55.08,71.96728882498726,-16.887288824987266
2023-08-04,Humedad,Training,67.03,57.08774416298498,9.942255837015018
2023-08-05,Humedad,Training,70.22,66.93329004952581,3.28670995047419
2023-08-06,Humedad,Training,75.1,69.56151526944758,5.538484730552412
2023-08-07,Humedad,Training,65.07,73.58212312939061,-8.512123129390616
2023-08-08,Humedad,Training,76.25,65.31845574512246,10.931544254877537
2023-08-09,Humedad,Training,73.75,74.52960244064768,-0.7796024406476789
2023-08-10,Humedad,Training,86.3,72.46986480748015,13.830135192519847
2023-08-11,Humedad,Training,60.06,82.80974772598117,-22.749747725981166
2023-08-12,Humedad,Training,50.9,61.19074152825472,-10.29074152825472
2023-08-13,Humedad,Training,54.42,53.643862840328865,0.7761371596711371
2023-08-14,Humedad,Training,61.01,56.54397342782875,4.466026572171245
2023-08-15,Humedad,Training,60.7,61.97344182885838,-1.273441828858374
2023-08-16,Humedad,Training,76.88,61.718034362345605,15.16196563765439
2023-08-17,Humedad,Training,81.49,75.0486563242059,6.441343675794101
2023-08-18,Humedad,Training,67.01,78.84681251976684,-11.836812519766838
2023-08-19,Humedad,Training,63.57,66.91681214846048,-3.3468121484604794
2023-08-20,Humedad,Training,72.67,64.08261316522194,8.587386834778059
2023-08-21,Humedad,Training,74.96,71.58005814995177,3.379941850048226
2023-08-22,Humedad,Training,75.43,73.46677782193322,1.9632221780667862
2023-08-23,Humedad,Training,65.1,73.85400849696873,-8.754008496968737
2023-08-24,Humedad,Training,58.77,65.34317259672046,-6.573172596720461
2023-08-25,Humedad,Training,61.01,60.12791690954027,0.8820830904597301
2023-08-26,Humedad,Training,54.34,61.97344182885838,-7.633441828858373
2023-08-27,Humedad,Training,58.52,56.478061823567394,2.041938176432609
2023-08-28,Humedad,Training,54.98,59.92194314622352,-4.941943146223522
2023-08-29,Humedad,Training,56.64,57.00535465765828,-0.3653546576582798
2023-08-30,Humedad,Training,54.35,58.373020446081526,-4.023020446081524
2023-08-31,Humedad,Training,49.93,56.486300774100066,-6.556300774100066
2023-09-01,Humedad,Training,60.96,52.84468463865986,8.115315361340144
2023-09-02,Humedad,Training,77.18,61.93224707619503,15.247752923804974
2023-09-03,Humedad,Training,81.46,75.29582484018601,6.164175159813979
2023-09-04,Humedad,Training,72.53,78.82209566816883,-6.292095668168827
2023-09-05,Humedad,Training,65.63,71.46471284249438,-5.834712842494383
2023-09-06,Humedad,Training,64.91,65.77983697495199,-0.8698369749519941
2023-09-07,Humedad,Training,81.4,65.18663253659973,16.213367463400274
2023-09-08,Humedad,Training,74.04,78.7726619649728,-4.732661964972792
2023-09-09,Humedad,Training,67.71,72.70879437292758,-4.998794372927591
2023-09-10,Humedad,Training,71.6,67.49353868574738,4.106461314252613
2023-09-11,Humedad,Training,65.4,70.69849044295606,-5.2984904429560515
2023-09-12,Humedad,Training,49.44,65.59034111270057,-16.150341112700573
2023-09-13,Humedad,Training,56.34,52.44097606255902,3.8990239374409867
2023-09-14,Humedad,Training,54.59,58.125851930101426,-3.5358519301014226
2023-09-15,Humedad,Training,50.96,56.68403558688415,-5.724035586884149
2023-09-16,Humedad,Training,52.22,53.69329654352489,-1.4732965435248886
2023-09-17,Humedad,Training,63.15,54.731404310641324,8.418595689358675
2023-09-18,Humedad,Training,59.51,63.73657724284979,-4.2265772428497925
2023-09-19,Humedad,Training,68.67,60.737599248957856,7.932400751042145
2023-09-20,Humedad,Training,79.11,68.28447793688372,10.825522063116281
2023-09-21,Humedad,Training,80.33,76.88594229299133,3.4440577070086675
2023-09-22,Humedad,Training,76.25,77.8910942579771,-1.6410942579771017
2023-09-23,Humedad,Training,73.09,74.52960244064768,-1.4396024406476755
2023-09-24,Humedad,Training,66.24,71.92609407232392,-5.686094072323925
2023-09-25,Humedad,Training,53.91,66.28241295744486,-12.372412957444865
2023-09-26,Humedad,Training,73.65,56.12378695066258,17.52621304933743
2023-09-27,Humedad,Training,61.49,72.38747530215345,-10.897475302153445
2023-09-28,Humedad,Training,58.8,62.368911454426545,-3.568911454426548
2023-09-29,Humedad,Training,57.53,60.152633761138276,-2.6226337611382746
2023-09-30,Humedad,Training,61.29,59.10628704348917,2.1837129565108313
2023-10-01,Humedad,Training,53.04,62.20413244377314,-9.164132443773141
2023-10-02,Humedad,Training,45.38,55.40699825432027,-10.026998254320269
2023-10-03,Humedad,Training,69.05,49.095962146294944,19.954037853705053
2023-10-04,Humedad,Training,54.09,68.59755805712518,-14.50755805712518
2023-10-05,Humedad,Training,45.61,56.272088060250645,-10.662088060250646
2023-10-06,Humedad,Training,46.44,49.28545800854636,-2.845458008546359
2023-10-07,Humedad,Training,49.29,49.969290902757976,-0.6792909027579768
2023-10-08,Humedad,Training,43.18,52.31739180456897,-9.13739180456897
2023-10-09,Humedad,Training,43.02,47.28339302910751,-4.263393029107505
2023-10-10,Humedad,Training,50.34,47.15156982058479,3.1884301794152137
2023-10-11,Humedad,Training,55.11,53.18248161049934,1.927518389500662
2023-10-12,Humedad,Training,51.63,57.11246101458299,-5.482461014582988
2023-10-13,Humedad,Training,50.05,54.24530622921379,-4.1953062292137915
2023-10-14,Humedad,Training,45.74,52.943552045051895,-7.203552045051893
2023-10-15,Humedad,Training,55.82,49.39256436547107,6.427435634528933
2023-10-16,Humedad,Training,56.36,57.69742650240257,-1.3374265024025718
2023-10-17,Humedad,Training,41.49,58.14232983116676,-16.65232983116676
2023-10-18,Humedad,Training,39.77,45.89101038908626,-6.121010389086258
2023-10-19,Humedad,Training,50.81,44.47391089746699,6.336089102533009
2023-10-20,Humedad,Training,56.03,53.569712285534834,2.460287714465167
2023-10-21,Humedad,Training,73.81,57.87044446358865,15.939555536411355
2023-10-22,Humedad,Training,89.47,72.51929851067617,16.950701489323833
2023-10-23,Humedad,Training,84.54,85.4214950448376,-0.8814950448375924
2023-10-24,Humedad,Training,76.69,81.35969243223124,-4.669692432231244
2023-10-25,Humedad,Training,68.9,74.89211626408516,-5.992116264085155
2023-10-26,Humedad,Training,62.94,68.47397379913514,-5.53397379913514
2023-10-27,Humedad,Training,70.64,63.563559281663714,7.076440718336286
2023-10-28,Humedad,Training,70.14,69.90755119181972,0.2324488081802798
2023-10-29,Humedad,Training,73.88,69.49560366518622,4.384396334813772
2023-10-30,Humedad,Training,69.6,72.57697116440485,-2.9769711644048584
2023-10-31,Humedad,Training,68.14,69.05070033642204,-0.910700336422039
2023-11-01,Humedad,Training,77.01,67.84781355865219,9.162186441347814
2023-11-02,Humedad,Training,84.27,75.15576268113062,9.114237318869371
2023-11-03,Humedad,Training,66.7,81.13724076784914,-14.437240767849133
2023-11-04,Humedad,Training,62.83,66.66140468194769,-3.8314046819476886
2023-11-05,Humedad,Training,63.07,63.47293082580435,-0.40293082580434714
2023-11-06,Humedad,Training,64.69,63.67066563858843,1.0193343614115662
2023-11-07,Humedad,Training,66.02,65.005375624881,1.0146243751189985
2023-11-08,Humedad,Training,49.71,66.10115604572613,-16.391156045726127
2023-11-09,Humedad,Training,50.63,52.663427726941116,-2.033427726941113
2023-11-10,Humedad,Training,78.29,53.42141117594677,24.868588824053234
2023-11-11,Humedad,Training,68.16,76.2103483493124,-8.0503483493124
2023-11-12,Humedad,Training,54.16,67.86429145971752,-13.704291459717524
2023-11-13,Humedad,Training,58.3,56.329760713979326,1.9702392860206714
2023-11-14,Humedad,Training,58.12,59.74068623450477,-1.620686234504774
2023-11-15,Humedad,Training,66.73,59.5923851249167,7.137614875083301
2023-11-16,Humedad,Training,43.74,66.6861215335457,-22.9461215335457
2023-11-17,Humedad,Training,70.59,47.74477425893704,22.84522574106296
2023-11-18,Humedad,Training,47.98,69.86635643915639,-21.886356439156394
2023-11-19,Humedad,Training,48.47,51.238089284789176,-2.768089284789177
2023-11-20,Humedad,Training,54.54,51.641797860890016,2.8982021391099835
2023-11-21,Humedad,Training,67.29,56.64284083422079,10.647159165779215
2023-11-22,Humedad,Training,60.66,67.14750276337523,-6.4875027633752325
2023-11-23,Humedad,Training,53.35,61.68507856021492,-8.335078560214917
2023-11-24,Humedad,Training,49.33,55.66240572083305,-6.3324057208330515
2023-11-25,Humedad,Training,47.33,52.35034760669965,-5.0203476066996515
2023-11-26,Humedad,Training,54.74,50.70255750016562,4.037442499834384
2023-11-27,Humedad,Training,57.42,56.8076198448742,0.6123801551257984
2023-11-28,Humedad,Training,65.11,59.0156585876298,6.094341412370198
2023-11-29,Humedad,Training,68.26,65.35141154725314,2.9085884527468693
2023-11-30,Humedad,Training,55.42,67.94668096504424,-12.526680965044235
2023-12-01,Humedad,Training,72.81,57.36786848109577,15.442131518904233
2023-12-02,Humedad,Training,60.32,71.69540345740916,-11.375403457409156
2023-12-03,Humedad,Training,54.91,61.40495424210414,-6.494954242104143
2023-12-04,Humedad,Training,47.07,56.947682003929586,-9.877682003929586
2023-12-05,Humedad,Training,71.06,50.4883447863162,20.571655213683805
2023-12-06,Humedad,Training,74.58,70.25358711419187,4.326412885808125
2023-12-07,Humedad,Training,65.54,73.15369770169175,-7.613697701691748
2023-12-08,Humedad,Training,54.97,65.70568642015796,-10.735686420157961
2023-12-09,Humedad,Training,62.51,56.99711570712561,5.512884292874389
2023-12-10,Humedad,Training,58.1,63.2092844087589,-5.109284408758896
2023-12-11,Humedad,Training,54.35,59.57590722385137,-5.225907223851365
2023-12-12,Humedad,Training,57.6,56.486300774100066,1.1136992258999356
2023-12-13,Humedad,Training,84.04,59.16395969721786,24.876040302782144
2023-12-14,Humedad,Training,82.16,80.94774490559772,1.2122550944022805
2023-12-15,Humedad,Training,85.7,79.39882220545573,6.301177794544273
2023-12-16,Humedad,Training,84.31,82.31541069402098,1.9945893059790194
2023-12-17,Humedad,Training,74.8,81.17019656997982,-6.370196569979825
2023-12-18,Humedad,Training,82.93,73.3349546134105,9.595045386589504
2023-12-19,Humedad,Training,70.34,80.03322139647133,-9.69322139647133
2023-12-20,Humedad,Training,71.64,69.66038267583963,1.9796173241603725
2023-12-21,Humedad,Training,70.49,70.73144624508674,-0.24144624508674895
2023-12-22,Humedad,Training,72.95,69.78396693382967,3.1660330661703284
2023-12-23,Humedad,Training,68.5,71.81074876486653,-3.3107487648665312
2023-12-24,Humedad,Training,69.48,68.14441577782833,1.3355842221716756
2023-12-25,Humedad,Training,64.83,68.95183293003,-4.121832930029996
2023-12-26,Humedad,Training,56.19,65.12072093233837,-8.930720932338374
2023-12-27,Humedad,Training,50.15,58.002267672111365,-7.852267672111367
2023-12-28,Humedad,Training,60.2,53.0259415503786,7.1740584496214055
2023-12-29,Humedad,Training,51.33,61.3060868357121,-9.976086835712103
2023-12-30,Humedad,Training,53.7,53.998137713233675,-0.2981377132336718
2023-12-31,Humedad,Training,49.29,55.95076898947651,-6.660768989476509
2024-01-01,Humedad,Training,52.9,52.31739180456897,0.5826081954310283
2024-01-02,Humedad,Training,56.07,55.29165294686289,0.7783470531371108
2024-01-03,Humedad,Training,58.87,57.90340026571933,0.9665997342806705
2024-01-04,Humedad,Training,58.84,60.21030641486696,-1.3703064148669597
2024-01-05,Humedad,Training,60.25,60.18558956326896,0.06441043673103763
2024-01-06,Humedad,Training,70.47,61.34728158837545,9.122718411624547
2024-01-07,Humedad,Training,70.93,69.76748903276433,1.1625109672356757
2024-01-08,Humedad,Training,60.31,70.14648075726717,-9.836480757267168
2024-01-09,Humedad,Training,55.12,61.396715291571475,-6.2767152915714775
2024-01-10,Humedad,Training,59.71,57.12069996511566,2.5893000348843387
2024-01-11,Humedad,Training,60.06,60.90237825961126,-0.8423782596112588
2024-01-12,Humedad,Training,56.97,61.19074152825472,-4.22074152825472
2024-01-13,Humedad,Training,58.15,58.64490581365964,-0.49490581365964204
2024-01-14,Humedad,Training,68.71,59.61710197651472,9.092898023485276
2024-01-15,Humedad,Training,47.93,68.31743373901438,-20.387433739014376
2024-01-16,Humedad,Training,79.62,51.19689453212583,28.423105467874173
2024-01-17,Humedad,Training,69.45,77.30612877015753,-7.856128770157525
2024-01-18,Humedad,Training,74.05,68.927116078432,5.122883921568004
2024-01-19,Humedad,Training,63.36,72.71703332346024,-9.357033323460243
2024-01-20,Humedad,Training,52.78,63.90959520403587,-11.129595204035866
2024-01-21,Humedad,Training,56.39,55.19278554047085,1.1972144595291496
2024-01-22,Humedad,Training,58.8,58.16704668276477,0.6329533172352271
2024-01-23,Humedad,Training,54.26,60.152633761138276,-5.892633761138278
2024-01-24,Humedad,Training,56.03,56.41215021930603,-0.3821502193060269
2024-01-25,Humedad,Training,54.33,57.87044446358865,-3.540444463588649
2024-01-26,Humedad,Training,50.71,56.46982287303472,-5.759822873034722
2024-01-27,Humedad,Training,52.07,53.48732278020813,-1.4173227802081314
2024-01-28,Humedad,Training,49.31,54.60782005265127,-5.297820052651268
2024-01-29,Humedad,Training,50.92,52.333869705634314,-1.413869705634312
2024-01-30,Humedad,Training,45.49,53.66034074139421,-8.170340741394206
2024-01-31,Humedad,Training,43.93,49.18659060215432,-5.2565906021543185
2024-02-01,Humedad,Training,41.02,47.901314319057775,-6.881314319057772
2024-02-02,Humedad,Training,36.76,45.503779714050765,-8.743779714050767
2024-02-03,Humedad,Training,36.89,41.99398678713328,-5.10398678713328
2024-02-04,Humedad,Training,42.89,42.10109314405799,0.7889068559420096
2024-02-05,Humedad,Training,43.92,47.04446346366008,-3.124463463660078
2024-02-06,Humedad,Training,44.57,47.8930753685251,-3.323075368525103
2024-02-07,Humedad,Training,40.93,48.42860715314866,-7.4986071531486616
2024-02-08,Humedad,Training,38.59,45.42962915925673,-6.839629159256724
2024-02-09,Humedad,Training,70.65,43.501714734611916,27.14828526538809
2024-02-10,Humedad,Training,78.56,69.9157901423524,8.644209857647596
2024-02-11,Humedad,Training,66.09,76.43280001369448,-10.342800013694472
2024-02-12,Humedad,Training,79.4,66.15882869945482,13.24117130054519
2024-02-13,Humedad,Training,65.82,77.12487185843878,-11.304871858438787
2024-02-14,Humedad,Training,67.9,65.93637703507272,1.963622964927282
2024-02-15,Humedad,Training,62.85,67.65007874586811,-4.800078745868113
2024-02-16,Humedad,Training,64.48,63.48940872686969,0.9905912731303133
2024-02-17,Humedad,Training,67.04,64.83235766369492,2.207642336305085
2024-02-18,Humedad,Training,64.66,66.94152900005848,-2.281529000058484
2024-02-19,Humedad,Training,66.37,64.98065877328298,1.389341226717022
2024-02-20,Humedad,Training,66.34,66.38951931436958,-0.049519314369575795
2024-02-21,Humedad,Training,57.34,66.36480246277156,-9.02480246277156
2024-02-22,Humedad,Training,55.41,58.94974698336844,-3.5397469833684454
2024-02-23,Humedad,Training,79.92,57.3596295305631,22.560370469436904
2024-02-24,Humedad,Training,63.15,77.55329728613762,-14.403297286137622
2024-02-25,Humedad,Training,85.06,63.73657724284979,21.32342275715021
2024-02-26,Humedad,Training,88.91,81.78811785993008,7.121882140069914
2024-02-27,Humedad,Training,80.38,84.96011381500807,-4.580113815008076
2024-02-28,Humedad,Training,70.08,77.93228901064046,-7.852289010640462
2024-02-29,Humedad,Training,68.42,69.4461699619902,-1.0261699619901918
2024-03-01,Humedad,Training,72.06,68.07850417356696,3.981495826433047
2024-03-02,Humedad,Training,83.99,71.0774821674589,12.912517832541099
2024-03-03,Humedad,Training,61.39,80.90655015293436,-19.516550152934357
2024-03-04,Humedad,Training,60.13,62.28652194909984,-2.15652194909984
2024-03-05,Humedad,Training,62.66,61.24841418198341,1.41158581801659
2024-03-06,Humedad,Training,65.97,63.33286866674895,2.637131333251048
2024-03-07,Humedad,Training,62.67,66.05996129306277,-3.3899612930627683
2024-03-08,Humedad,Training,70.36,63.34110761728162,7.018892382718377
2024-03-09,Humedad,Training,79.65,69.67686057690497,9.973139423095034
2024-03-10,Humedad,Training,76.51,77.33084562175554,-0.820845621755538
2024-03-11,Humedad,Training,80.1,74.7438151544971,5.356184845502895
2024-03-12,Humedad,Training,72.76,77.70159839572568,-4.941598395725677
2024-03-13,Humedad,Training,84.5,71.6542087047458,12.845791295254202
2024-03-14,Humedad,Training,92.48,81.32673663010056,11.153263369899449
2024-03-15,Humedad,Training,92.33,87.90141915517134,4.428580844828659
2024-03-16,Humedad,Training,88.67,87.77783489718126,0.892165102818737
2024-03-17,Humedad,Training,83.7,84.76237900222401,-1.0623790022240058
2024-03-18,Humedad,Training,90.15,80.66762058748694,9.482379412513069
2024-03-19,Humedad,Training,91.38,85.98174368105919,5.39825631894081
2024-03-20,Humedad,Training,83.08,86.9951345965776,-3.9151345965776017
2024-03-21,Humedad,Training,66.3,80.15680565446138,-13.856805654461382
2024-03-22,Humedad,Training,74.07,66.33184666064088,7.7381533393591155
2024-03-23,Humedad,Training,80.31,72.73351122452559,7.576488775474417
2024-03-24,Humedad,Training,79.02,77.87461635691176,1.1453836430882376
2024-03-25,Humedad,Training,79.37,76.81179173819731,2.5582082618026902
2024-03-26,Humedad,Training,76.48,77.10015500684077,-0.6201550068407613
2024-03-27,Humedad,Training,78.13,74.7190983028991,3.410901697100897
2024-03-28,Humedad,Training,75.73,76.07852514078965,-0.348525140789647
2024-03-29,Humedad,Training,73.87,74.10117701294884,-0.23117701294883375
2024-03-30,Humedad,Training,69.41,72.56873221387218,-3.1587322138721845
2024-03-31,Humedad,Training,70.86,68.8941602763013,1.9658397236986929
2024-04-01,Humedad,Training,78.87,70.08880810353847,8.781191896461536
2024-04-02,Humedad,Training,78.75,76.68820748020727,2.061792519792732
2024-04-03,Humedad,Training,93.7,76.58934007381521,17.110659926184795
2024-04-04,Humedad,Training,73.75,88.90657112015708,-15.156571120157082
2024-04-05,Humedad,Training,74.42,72.46986480748015,1.950135192519852
2024-04-06,Humedad,Training,82.56,73.02187449316904,9.538125506830966
2024-04-07,Humedad,Training,80.35,79.72838022676254,0.6216197732374553
2024-04-08,Humedad,Training,83.87,77.90757215904245,5.9624278409575595
2024-04-09,Humedad,Training,81.32,80.80768274654233,0.5123172534576668
2024-04-10,Humedad,Training,73.35,78.70675036071142,-5.35675036071143
2024-04-11,Humedad,Training,73.38,72.14030678617334,1.239693213826655
2024-04-12,Humedad,Training,80.8,72.16502363777136,8.634976362228642
2024-04-13,Humedad,Training,91.81,78.27832493301258,13.531675066987418
2024-04-14,Humedad,Training,91.63,87.34940946948242,4.280590530517571
2024-04-15,Humedad,Training,93.06,87.20110835989436,5.8588916401056395
2024-04-16,Humedad,Training,80.62,88.37927828606621,-7.7592782860662055
2024-04-17,Humedad,Training,78.69,78.13002382342455,0.5599761765754465
2024-04-18,Humedad,Training,80.83,76.5399063706192,4.290093629380792
2024-04-19,Humedad,Training,81.74,78.3030417846106,3.436958215389396
2024-04-20,Humedad,Training,84.37,79.05278628308358,5.317213716916427
2024-04-21,Humedad,Training,90.84,81.21963027317585,9.620369726824151
2024-04-22,Humedad,Training,89.84,86.55023126781342,3.2897687321865874
2024-04-23,Humedad,Training,76.01,85.72633621454642,-9.716336214546416
2024-04-24,Humedad,Training,70.28,74.3318676278636,-4.051867627863601
2024-04-25,Humedad,Training,81.6,69.6109489726436,11.989051027356396
2024-04-26,Humedad,Training,83.1,78.9374409756262,4.162559024373792
2024-04-27,Humedad,Training,71.3,80.17328355552672,-8.873283555526726
2024-04-28,Humedad,Training,69.78,70.45132192697596,-0.6713219269759634
2024-04-29,Humedad,Training,82.75,69.1990014460101,13.5509985539899
2024-04-30,Humedad,Training,88.14,79.88492028688327,8.255079713116729
2024-05-01,Humedad,Training,73.59,84.3257146239925,-10.735714623992493
2024-05-02,Humedad,Training,69.37,72.33804159895743,-2.968041598957427
2024-05-03,Humedad,Training,73.24,68.86120447417062,4.378795525829375
2024-05-04,Humedad,Training,87.3,72.04967833031395,15.250321669686045
2024-05-05,Humedad,Training,88.64,83.63364277924819,5.006357220751809
2024-05-06,Humedad,Training,87.72,84.737662150626,2.982337849374005
2024-05-07,Humedad,Training,87.72,83.97967870162034,3.740321298379655
2024-05-08,Humedad,Training,68.52,83.97967870162034,-15.459678701620348
2024-05-09,Humedad,Training,69.94,68.16089367889366,1.7791063211063403
2024-05-10,Humedad,Training,79.01,69.33082465453282,9.679175345467186
2024-05-11,Humedad,Training,81.37,76.80355278766464,4.566447212335362
2024-05-12,Humedad,Training,80.49,78.74794511337481,1.7420548866251835
2024-05-13,Humedad,Training,76.89,78.02291746649982,-1.1329174664998192
2024-05-14,Humedad,Training,71.61,75.05689527473857,-3.4468952747385657
2024-05-15,Humedad,Training,72.33,70.70672939348873,1.6232706065112694
2024-05-16,Humedad,Training,76.83,71.29993383184097,5.530066168159024
2024-05-17,Humedad,Training,77.73,75.00746157154255,2.7225384284574545
2024-05-18,Humedad,Training,81.07,75.74896711948287,5.321032880517123
2024-05-19,Humedad,Training,81.34,78.50077659739469,2.839223402605313
2024-05-20,Humedad,Training,80.36,78.7232282617768,1.636771738223203
2024-05-21,Humedad,Training,87.22,77.91581110957512,9.304188890424882
2024-05-22,Humedad,Training,89.42,83.56773117498682,5.852268825013184
2024-05-23,Humedad,Training,83.28,85.38030029217427,-2.1003002921742677
2024-05-24,Humedad,Training,75.13,80.32158466511478,-5.191584665114789
2024-05-25,Humedad,Training,75.62,73.60683998098861,2.0131600190113943
2024-05-26,Humedad,Training,76.42,74.01054855708946,2.4094514429105374
2024-05-27,Humedad,Training,79.89,74.66966459970308,5.220335400296918
2024-05-28,Humedad,Training,84.19,77.5285804345396,6.661419565460392
2024-05-29,Humedad,Training,82.78,81.07132916358776,1.7086708364122387
2024-05-30,Humedad,Training,85.14,79.90963713848129,5.230362861518714
2024-05-31,Humedad,Training,84.56,81.85402946419143,2.705970535808575
2024-06-01,Humedad,Training,84.42,81.37617033329659,3.0438296667034166
2024-06-02,Humedad,Training,74.8,81.26082502583918,-6.460825025839185
2024-06-03,Humedad,Training,80.0,73.3349546134105,6.665045386589497
2024-06-04,Humedad,Training,80.28,77.619208890399,2.660791109601007
2024-06-05,Humedad,Training,85.07,77.84989950531374,7.22010049468625
2024-06-06,Humedad,Training,95.22,81.79635681046275,13.423643189537245
2024-06-07,Humedad,Training,90.31,90.15889160112295,0.15110839887705652
2024-06-08,Humedad,Training,89.95,86.1135668895819,3.836433110418099
2024-06-09,Humedad,Training,81.73,85.81696467040578,-4.086964670405777
2024-06-10,Humedad,Training,77.85,79.04454733255093,-1.1945473325509397
2024-06-11,Humedad,Training,91.98,75.8478345258749,16.132165474125102
2024-06-12,Humedad,Training,89.22,87.48947162853781,1.730528371462185
2024-06-13,Humedad,Training,78.01,85.21552128152086,-7.205521281520859
2024-06-14,Humedad,Training,67.42,75.97965773439762,-8.559657734397618
2024-06-15,Humedad,Training,71.44,67.25460912029995,4.185390879700051
2024-06-16,Humedad,Training,80.94,70.56666723443334,10.373332765566659
2024-06-17,Humedad,Training,87.69,78.39367024046999,9.29632975953001
2024-06-18,Humedad,Training,86.75,83.95496185002233,2.795038149977671
2024-06-19,Humedad,Training,81.13,83.18050049995134,-2.0505004999513403
2024-06-20,Humedad,Training,84.95,78.55021030059072,6.399789699409283
2024-06-21,Humedad,Training,86.32,81.69748940407072,4.6225105959292705
2024-06-22,Humedad,Training,90.7,82.82622562704651,7.873774372953491
2024-06-23,Humedad,Training,71.02,86.43488596035604,-15.414885960356045
2024-06-24,Humedad,Training,80.68,70.22063131206119,10.45936868793882
2024-06-25,Humedad,Training,82.8,78.17945752662055,4.6205424733794445
2024-06-26,Humedad,Training,75.62,79.92611503954663,-4.306115039546626
2024-06-27,Humedad,Training,72.53,74.01054855708946,-1.4805485570894632
2024-06-28,Humedad,Training,72.44,71.46471284249438,0.975287157505619
2024-06-29,Humedad,Training,68.94,71.39056228770036,-2.4505622877003645
2024-06-30,Humedad,Training,68.07,68.5069296012658,-0.4369296012658026
2024-07-01,Humedad,Training,73.74,67.7901409049235,5.949859095076491
2024-07-02,Humedad,Training,75.22,72.46162585694748,2.758374143052521
2024-07-03,Humedad,Training,69.83,73.68099053578266,-3.850990535782657
2024-07-04,Humedad,Training,68.2,69.24019619867344,-1.040196198673442
2024-07-05,Humedad,Training,60.24,67.89724726184821,-7.657247261848205
2024-07-06,Humedad,Training,66.69,61.33904263784278,5.350957362157217
2024-07-07,Humedad,Training,73.36,66.65316573141502,6.706834268584984
2024-07-08,Humedad,Training,77.99,72.14854573670601,5.841454263293983
2024-07-09,Humedad,Training,75.68,75.96317983333228,-0.2831798333322695
2024-07-10,Humedad,Training,70.75,74.0599822602855,-3.3099822602854942
2024-07-11,Humedad,Training,66.61,69.99817964767911,-3.3881796476791095
2024-07-12,Humedad,Training,58.41,66.58725412715367,-8.177254127153674
2024-07-13,Humedad,Training,69.42,59.83131469036414,9.588685309635864
2024-07-14,Humedad,Training,76.73,68.90239922683398,7.827600773166026
2024-07-15,Humedad,Training,84.44,74.92507206621585,9.51492793378415
2024-07-16,Humedad,Training,84.86,81.27730292690453,3.582697073095474
2024-07-17,Humedad,Training,80.65,81.62333884927668,-0.9733388492766721
2024-07-18,Humedad,Training,83.22,78.15474067502254,5.065259324977461
2024-07-19,Humedad,Training,86.92,80.27215096191878,6.647849038081219
2024-07-20,Humedad,Training,86.07,83.32056265900673,2.7494373409932678
2024-07-21,Humedad,Training,85.82,82.62025186372975,3.1997481362702445
2024-07-22,Humedad,Training,82.03,82.41427810041301,-0.38427810041301314
2024-07-23,Humedad,Training,91.69,79.29171584853103,12.398284151468971
2024-07-24,Humedad,Training,81.94,87.25054206309039,-5.310542063090395
2024-07-25,Humedad,Training,65.87,79.21756529373698,-13.347565293736977
2024-07-26,Humedad,Training,73.75,65.97757178773608,7.772428212263918
2024-07-27,Humedad,Training,69.43,72.46986480748015,-3.039864807480143
2024-07-28,Humedad,Training,64.82,68.91063817736665,-4.090638177366657
2024-07-29,Humedad,Training,70.07,65.1124819818057,4.957518018194293
2024-07-30,Humedad,Training,75.19,69.43793101145752,5.752068988542476
2024-07-31,Humedad,Training,88.53,73.65627368418464,14.873726315815361
2024-08-01,Humedad,Training,82.06,84.64703369476663,-2.5870336947666317
2024-08-02,Humedad,Training,70.8,79.31643270012904,-8.516432700129045
2024-08-03,Humedad,Training,74.44,70.03937440034244,4.400625599657559
2024-08-04,Humedad,Training,66.29,73.03835239423438,-6.748352394234374
2024-08-05,Humedad,Training,87.44,66.32360771010822,21.116392289891778
2024-08-06,Humedad,Training,81.4,83.74898808670557,-2.3489880867055604
2024-08-07,Humedad,Training,68.91,78.7726619649728,-9.862661964972801
2024-08-08,Humedad,Training,76.66,68.48221274966778,8.177787250332216
2024-08-09,Humedad,Training,65.11,74.86739941248715,-9.757399412487146
2024-08-10,Humedad,Training,58.49,65.35141154725314,-6.861411547253134
2024-08-11,Humedad,Training,63.67,59.897226294625504,3.7727737053744974
2024-08-12,Humedad,Training,67.6,64.16500267054863,3.434997329451363
2024-08-13,Humedad,Training,59.81,67.402910229888,-7.592910229887991
2024-08-14,Humedad,Training,67.27,60.98476776493796,6.285232235062033
2024-08-15,Humedad,Training,70.4,67.13102486230989,3.26897513769012
2024-08-16,Humedad,Training,71.84,69.70981637903566,2.1301836209643454
2024-08-17,Humedad,Training,77.57,70.89622525574015,6.673774744259845
2024-08-18,Humedad,Training,85.41,75.61714391096012,9.792856089039873
2024-08-19,Humedad,Training,83.07,82.07648112857353,0.9935188714264598
2024-08-20,Humedad,Training,83.58,80.14856670392871,3.4314332960712903
2024-08-21,Humedad,Training,85.6,80.5687531810949,5.031246818905089
2024-08-22,Humedad,Training,79.33,82.23302118869427,-2.903021188694268
2024-08-23,Humedad,Training,71.76,77.06719920471008,-5.307199204710074
2024-08-24,Humedad,Training,72.62,70.83031365147879,1.789686348521215
2024-08-25,Humedad,Training,70.23,71.53886339728842,-1.3088633972884196
2024-08-26,Humedad,Training,69.55,69.56975421998025,-0.01975421998025695
2024-08-27,Humedad,Training,69.41,69.00950558375868,0.4004944162413153
2024-08-28,Humedad,Training,73.34,68.8941602763013,4.445839723698697
2024-08-29,Humedad,Training,78.55,72.13206783564067,6.417932164359328
2024-08-30,Humedad,Training,92.78,76.4245610631618,16.355438936838198
2024-08-31,Humedad,Training,83.56,88.14858767115143,-4.58858767115143
2024-09-01,Humedad,Training,79.58,80.55227528002956,-0.9722752800295638
2024-09-02,Humedad,Training,73.57,77.27317296802684,-3.7031729680268484
2024-09-03,Humedad,Training,60.13,72.32156369789207,-12.191563697892072
2024-09-04,Humedad,Training,59.99,61.24841418198341,-1.2584141819834045
2024-09-05,Humedad,Training,59.73,61.133068874526025,-1.4030688745260278
2024-09-06,Humedad,Training,62.06,60.9188561606766,1.141143839323405
2024-09-07,Humedad,Training,60.32,62.838531634788744,-2.5185316347887436
2024-09-08,Humedad,Training,58.17,61.40495424210414,-3.2349542421041377
2024-09-09,Humedad,Training,82.26,59.63357987758006,22.626420122419944
2024-09-10,Humedad,Training,75.62,79.48121171078245,-3.8612117107824417
2024-09-11,Humedad,Training,63.23,74.01054855708946,-10.780548557089467
2024-09-12,Humedad,Training,65.81,63.80248884711115,2.0075111528888527
2024-09-13,Humedad,Training,69.21,65.92813808454005,3.2818619154599418
2024-09-14,Humedad,Training,59.57,68.7293812656479,-9.159381265647902
2024-09-15,Humedad,Training,54.16,60.78703295215388,-6.627032952153883
2024-09-16,Humedad,Training,58.07,56.329760713979326,1.7402392860206746
2024-09-17,Humedad,Training,64.37,59.55119037225336,4.818809627746646
2024-09-18,Humedad,Training,64.61,64.74172920783556,-0.13172920783556208
2024-09-19,Humedad,Training,70.12,64.93946402061962,5.18053597938038
2024-09-20,Humedad,Training,57.68,69.47912576412088,-11.79912576412088
2024-09-21,Humedad,Training,63.17,59.22987130147922,3.9401286985207804
2024-09-22,Humedad,Training,63.61,63.753055143915134,-0.1430551439151344
2024-09-23,Humedad,Training,54.78,64.11556896735262,-9.335568967352614
2024-09-24,Humedad,Training,56.74,56.84057564700488,-0.10057564700488086
2024-09-25,Humedad,Training,66.96,58.45540995140823,8.504590048591766
2024-09-26,Humedad,Training,57.93,66.87561739579712,-8.945617395797122
2024-09-27,Humedad,Training,58.22,59.43584506479598,-1.2158450647959782
2024-09-28,Humedad,Training,59.07,59.674774630243405,-0.6047746302434049
2024-09-29,Humedad,Training,61.46,60.375085425520375,1.084914574479626
2024-09-30,Humedad,Training,60.42,62.34419460282854,-1.9241946028285355
2024-10-01,Humedad,Training,54.83,61.48734374743084,-6.6573437474308435
2024-10-02,Humedad,Training,41.01,56.88177039966823,-15.871770399668229
2024-10-03,Humedad,Training,45.6,45.495540763518086,0.10445923648191524
2024-10-04,Humedad,Training,49.88,49.277219058013685,0.6027809419863175
2024-10-05,Humedad,Training,52.01,52.80348988599651,-0.7934898859965145
2024-10-06,Humedad,Training,59.2,54.55838634945525,4.641613650544755
2024-10-07,Humedad,Training,83.46,60.482191782445085,22.97780821755491
2024-10-08,Humedad,Training,68.71,80.46988577470285,-11.759885774702852
2024-10-09,Humedad,Training,66.61,68.31743373901438,-1.7074337390143768
2024-10-10,Humedad,Training,64.37,66.58725412715367,-2.217254127153666
2024-10-11,Humedad,Training,53.55,64.74172920783556,-11.191729207835564
2024-10-12,Humedad,Training,71.63,55.82718473148645,15.802815268513548
2024-10-13,Humedad,Training,78.64,70.72320729455407,7.916792705445928
2024-10-14,Humedad,Training,73.34,76.49871161795585,-3.158711617955845
2024-10-15,Humedad,Training,74.79,72.13206783564067,2.6579321643593374
2024-10-16,Humedad,Training,64.0,73.32671566287785,-9.326715662877845
2024-10-17,Humedad,Training,81.02,64.43688803812675,16.583111961873243
2024-10-18,Humedad,Training,67.98,78.45958184473133,-10.479581844731328
2024-10-19,Humedad,Training,63.49,67.71599035012947,-4.2259903501294716
2024-10-20,Humedad,Training,63.4,64.01670156096057,-0.6167015609605713
2024-10-21,Humedad,Training,64.24,63.942551006166546,0.2974489938334486
2024-10-22,Humedad,Training,69.09,64.63462285091083,4.455377149089173
2024-10-23,Humedad,Training,81.29,68.63051385925586,12.65948614074415
2024-10-24,Humedad,Training,77.89,78.68203350911344,-0.7920335091134376
2024-10-25,Humedad,Training,70.3,75.88079032800559,-5.580790328005591
2024-10-26,Humedad,Training,55.52,69.62742687370894,-14.107426873708938
2024-10-27,Humedad,Training,56.61,57.45025798642247,-0.840257986422472
2024-10-28,Humedad,Training,61.18,58.34830359448352,2.8316964055164817
2024-10-29,Humedad,Training,59.13,62.113503987913774,-2.983503987913771
2024-10-30,Humedad,Training,55.39,60.4245191287164,-5.034519128716397
2024-10-31,Humedad,Training,62.95,57.34315162949776,5.606848370502242
2024-11-01,Humedad,Training,69.37,63.57179823219639,5.7982017678036115
2024-11-02,Humedad,Training,60.16,68.86120447417062,-8.701204474170623
2024-11-03,Humedad,Training,62.62,61.273131033581414,1.3468689664185831
2024-11-04,Humedad,Training,77.56,63.29991286461827,14.260087135381731
2024-11-05,Humedad,Training,63.19,75.60890496042748,-12.418904960427483
2024-11-06,Humedad,Training,54.96,63.76953304498047,-8.80953304498047
2024-11-07,Humedad,Training,60.98,56.988876756592944,3.9911232434070527
2024-11-08,Humedad,Training,58.81,61.94872497726037,-3.1387249772603667
2024-11-09,Humedad,Training,52.97,60.16087271167095,-7.1908727116709485
2024-11-10,Humedad,Training,57.19,55.349325600591584,1.8406743994084138
2024-11-11,Humedad,Training,52.84,58.82616272537838,-5.986162725378378
2024-11-12,Humedad,Training,47.72,55.242219243666874,-7.522219243666875
2024-11-13,Humedad,Training,45.6,51.023876570939755,-5.423876570939754
2024-11-14,Humedad,Training,48.86,49.277219058013685,-0.41721905801368564
2024-11-15,Humedad,Training,48.43,51.96311693166415,-3.5331169316641535
2024-11-16,Humedad,Training,48.88,51.608842058759336,-2.7288420587593336
2024-11-17,Humedad,Training,73.96,51.9795948327295,21.980405167270497
2024-11-18,Humedad,Training,46.62,72.64288276866621,-26.022882768666214
2024-11-19,Humedad,Training,56.46,50.11759201234604,6.342407987653964
2024-11-20,Humedad,Training,58.58,58.224719336493465,0.35528066350653376
2024-11-21,Humedad,Training,56.11,59.971376849419535,-3.8613768494195355
2024-11-22,Humedad,Training,54.41,57.93635606785001,-3.52635606785001
2024-11-23,Humedad,Training,52.93,56.53573447729608,-3.6057344772960818
2024-11-24,Humedad,Training,64.88,55.316369798460904,9.563630201539091
2024-11-25,Humedad,Training,74.37,65.16191568500173,9.208084314998274
2024-11-26,Humedad,Training,69.34,72.9806797405057,-3.6406797405057034
2024-11-27,Humedad,Training,84.87,68.8364876225726,16.0335123774274
2024-11-28,Humedad,Training,72.41,81.63157779980935,-9.221577799809353
2024-11-29,Humedad,Training,62.22,71.36584543610235,-9.145845436102348
2024-11-30,Humedad,Training,55.97,62.97035484331147,-7.00035484331147
2024-12-01,Humedad,Training,59.59,57.821010760392625,1.7689892396073787
2024-12-02,Humedad,Training,45.15,60.80351085321922,-15.653510853219224
2024-12-03,Humedad,Training,45.05,48.90646628404353,-3.8564662840435346
2024-12-04,Humedad,Training,47.15,48.82407677871682,-1.6740767787168238
2024-12-05,Humedad,Training,52.68,50.55425639057756,2.125743609422443
2024-12-06,Humedad,Training,67.5,55.11039603514415,12.389603964855851
2024-12-07,Humedad,Training,57.58,67.3205207245613,-9.740520724561307
2024-12-08,Humedad,Training,51.11,59.14748179615252,-8.03748179615252
2024-12-09,Humedad,Training,49.21,53.816880801514934,-4.606880801514933
2024-12-10,Humedad,Training,48.67,52.25148020030761,-3.5814802003076096
2024-12-11,Humedad,Training,52.98,51.80657687154342,1.1734231284565766
2024-12-12,Humedad,Training,55.79,55.35756455112425,0.4324354488757507
2024-12-13,Humedad,Training,61.55,57.67270965080456,3.877290349195434
2024-12-14,Humedad,Training,57.32,62.41834515762257,-5.098345157622568
2024-12-15,Humedad,Training,55.48,58.9332690823031,-3.453269082303102
2024-12-16,Humedad,Training,53.23,57.417302184291785,-4.187302184291788
2024-12-17,Humedad,Training,53.36,55.563538314441004,-2.203538314441005
2024-12-18,Humedad,Training,62.74,55.67064467136572,7.0693553286342805
2024-12-19,Humedad,Training,55.55,63.39878027101032,-7.84878027101032
2024-12-20,Humedad,Training,49.91,57.47497483802048,-7.564974838020483
2024-12-21,Humedad,Training,68.43,52.82820673759451,15.601793262405494
2024-12-22,Humedad,Training,56.9,68.08674312409963,-11.186743124099628
2024-12-23,Humedad,Training,51.32,58.587233159930946,-7.267233159930946
2024-12-24,Humedad,Training,61.53,53.98989876270101,7.540101237298991
2024-12-25,Humedad,Training,58.16,62.40186725655723,-4.241867256557235
2024-12-26,Humedad,Training,57.03,59.62534092704738,-2.5953409270473813
2024-12-27,Humedad,Training,57.13,58.69433951685566,-1.5643395168556609
2024-12-28,Humedad,Training,53.1,58.776729022182366,-5.676729022182364
2024-12-29,Humedad,Training,51.39,55.456431957516294,-4.0664319575162935
2024-12-30,Humedad,Training,53.42,54.0475714164297,-0.6275714164296957
2024-12-31,Humedad,Training,46.45,55.720078374561744,-9.270078374561741
2025-01-01,Humedad,Testing,49.41,49.97752985329065,-0.567529853290651
2025-01-02,Humedad,Testing,36.97,52.88384424966853,-15.913844249668529
2025-01-03,Humedad,Testing,36.67,55.278342304082976,-18.608342304082974
2025-01-04,Humedad,Testing,37.18,57.25115740617253,-20.07115740617253
2025-01-05,Humedad,Testing,38.95,58.87655000979458,-19.926550009794575
2025-01-06,Humedad,Testing,41.42,60.215702935535575,-18.795702935535573
2025-01-07,Humedad,Testing,37.13,61.31902440662163,-24.189024406621627
2025-01-08,Humedad,Testing,35.86,62.22804550881271,-26.368045508812713
2025-01-09,Humedad,Testing,31.18,62.97698349822328,-31.796983498223277
2025-01-10,Humedad,Testing,30.8,63.594029802902384,-32.79402980290239
2025-01-11,Humedad,Testing,36.28,64.10241120096418,-27.822411200964183
2025-01-12,Humedad,Testing,37.36,64.52126412000027,-27.16126412000027
2025-01-13,Humedad,Testing,31.5,64.86635496804055,-33.366354968040554
2025-01-14,Humedad,Testing,30.9,65.15067361066866,-34.25067361066866
2025-01-15,Humedad,Testing,30.09,65.38492233388155,-35.294922333881544
2025-01-16,Humedad,Testing,31.77,65.57791869817078,-33.80791869817078
2025-01-17,Humedad,Testing,42.27,65.73692744800718,-23.466927448007176
2025-01-18,Humedad,Testing,56.44,65.86793397042356,-9.427933970423567
2025-01-19,Humedad,Testing,72.8,65.97586959618815,6.82413040381185
2025-01-20,Humedad,Testing,60.5,66.06479722432687,-5.564797224326867
2025-01-21,Humedad,Testing,50.57,66.13806425724911,-15.568064257249112
2025-01-22,Humedad,Testing,46.67,66.19842860324131,-19.52842860324131
2025-01-23,Humedad,Testing,52.26,66.24816248929798,-13.988162489297984
2025-01-24,Humedad,Testing,63.97,66.28913799199981,-2.31913799199981
2025-01-25,Humedad,Testing,59.61,66.32289750598099,-6.71289750598099
2025-01-26,Humedad,Testing,60.44,66.35071180255078,-5.910711802550779
2025-01-27,Humedad,Testing,62.88,66.37362786390472,-3.493627863904713
2025-01-28,Humedad,Testing,74.71,66.3925082934946,8.317491706505393
2025-01-29,Humedad,Testing,50.69,66.40806378603726,-15.718063786037263
2025-01-30,Humedad,Testing,58.45,66.42087987939429,-7.970879879394289
2025-01-31,Humedad,Testing,53.34,66.43143899531336,-13.091438995313354
2025-02-01,Humedad,Testing,48.09,66.44013859868595,-18.350138598685945
2025-02-02,Humedad,Testing,44.75,66.44730615887002,-21.69730615887002
2025-02-03,Humedad,Testing,42.95,66.45321147624966,-23.50321147624966
2025-02-04,Humedad,Testing,56.41,66.45807683802673,-10.04807683802673
2025-02-05,Humedad,Testing,80.5,66.46208538552719,14.037914614472811
2025-02-06,Humedad,Testing,72.05,66.46538800798362,5.584611992016377
2025-02-07,Humedad,Testing,60.17,66.46810902228827,-6.298109022288273
2025-02-08,Humedad,Testing,54.2,66.47035085251375,-12.270350852513744
2025-02-09,Humedad,Testing,68.58,66.47219788534679,2.107802114653211
2025-02-10,Humedad,Testing,53.46,66.47371964656114,-13.013719646561135
2025-02-11,Humedad,Testing,60.35,66.4749734180979,-6.124973418097902
2025-02-12,Humedad,Testing,82.58,66.47600639426497,16.103993605735027
2025-02-13,Humedad,Testing,64.68,66.47685745821916,-1.7968574582191508
2025-02-14,Humedad,Testing,66.73,66.47755864560102,0.2524413543989823
2025-02-15,Humedad,Testing,79.32,66.47813635041635,12.841863649583644
2025-02-16,Humedad,Testing,83.46,66.47861231855595,16.981387681444048
2025-02-17,Humedad,Testing,66.21,66.47900446635168,-0.2690044663516886
2025-02-18,Humedad,Testing,55.39,66.47932755498074,-11.089327554980741
2025-02-19,Humedad,Testing,59.63,66.47959374610399,-6.849593746103984
2025-02-20,Humedad,Testing,57.45,66.47981305965365,-9.029813059653648
2025-02-21,Humedad,Testing,67.15,66.47999375100233,0.6700062489976801
2025-02-22,Humedad,Testing,64.63,66.48014262171068,-1.8501426217106882
2025-02-23,Humedad,Testing,61.81,66.48026527555086,-4.670265275550861
2025-02-24,Humedad,Testing,60.77,66.48036632944306,-5.710366329443055
2025-02-25,Humedad,Testing,82.51,66.48044958724495,16.029550412755057
2025-02-26,Humedad,Testing,87.34,66.48051818293607,20.859481817063937
2025-02-27,Humedad,Testing,85.42,66.48057469858666,18.939425301413337
2025-02-28,Humedad,Testing,86.08,66.48062126155162,19.59937873844838
2025-03-01,Humedad,Testing,87.51,66.48065962454811,21.029340375451895
2025-03-02,Humedad,Testing,92.8,66.48069123163114,26.319308768368856
2025-03-03,Humedad,Testing,90.93,66.4807172725505,24.4492827274495
2025-03-04,Humedad,Testing,82.1,66.48073872753515,15.61926127246484
2025-03-05,Humedad,Testing,77.11,66.48075640419088,10.629243595809115
2025-03-06,Humedad,Testing,78.2,66.4807709679001,11.719229032099904
2025-03-07,Humedad,Testing,73.32,66.48078296686808,6.839217033131916
2025-03-08,Humedad,Testing,82.54,66.48079285275843,16.05920714724158
2025-03-09,Humedad,Testing,74.66,66.48080099769459,8.17919900230541
2025-03-10,Humedad,Testing,72.69,66.4808077082672,6.209192291732791
2025-03-11,Humedad,Testing,73.83,66.48081323707478,7.349186762925214
2025-03-12,Humedad,Testing,83.65,66.48081779223199,17.169182207768017
2025-03-13,Humedad,Testing,75.7,66.48082154520348,9.21917845479652
2025-03-14,Humedad,Testing,69.88,66.48082463725814,3.3991753627418575
2025-03-15,Humedad,Testing,72.21,66.48082718478668,5.7291728152133174
2025-03-16,Humedad,Testing,77.72,66.48082928368282,11.239170716317176
2025-03-17,Humedad,Testing,77.62,66.48083101295299,11.139168987047015
2025-03-18,Humedad,Testing,72.87,66.48083243769011,6.389167562309893
2025-03-19,Humedad,Testing,68.75,66.48083361152399,2.269166388476009
2025-03-20,Humedad,Testing,61.79,66.48083457863991,-4.690834578639915
2025-03-21,Humedad,Testing,63.51,66.48083537544193,-2.970835375441929
2025-03-22,Humedad,Testing,70.49,66.48083603192318,4.00916396807682
2025-03-23,Humedad,Testing,81.99,66.48083657279483,15.509163427205166
2025-03-24,Humedad,Testing,84.44,66.48083701841631,17.959162981583688
2025-03-25,Humedad,Testing,83.66,66.48083738556164,17.179162614438354
2025-03-26,Humedad,Testing,79.46,66.48083768805085,12.979162311949139
2025-03-27,Humedad,Testing,82.67,66.48083793727022,16.18916206272978
2025-03-28,Humedad,Testing,85.13,66.48083814260083,18.649161857399164
2025-03-29,Humedad,Testing,74.76,66.4808383117717,8.2791616882283
2025-03-30,Humedad,Testing,76.95,66.48083845115076,10.469161548849243
2025-03-31,Humedad,Testing,71.12,66.48083856598447,4.639161434015534
2025-04-01,Humedad,Testing,74.04,66.4808386605954,7.559161339404611
2025-04-02,Humedad,Testing,64.27,66.48083873854486,-2.210838738544865
2025-04-03,Humedad,Testing,58.45,66.48083880276704,-8.030838802767036
2025-04-04,Humedad,Testing,65.27,66.48083885567938,-1.210838855679384
2025-04-05,Humedad,Testing,69.95,66.48083889927359,3.46916110072641
2025-04-06,Humedad,Testing,78.39,66.48083893519066,11.90916106480934
2025-04-07,Humedad,Testing,93.14,66.48083896478255,26.65916103521745
2025-04-08,Humedad,Testing,86.07,66.48083898916315,19.589161010836847
2025-04-09,Humedad,Testing,87.08,66.48083900925022,20.59916099074978
2025-04-10,Humedad,Testing,86.49,66.48083902579984,20.009160974200157
2025-04-11,Humedad,Testing,81.76,66.480839039435,15.279160960565008
2025-04-12,Humedad,Testing,80.28,66.48083905066895,13.799160949331053
2025-04-13,Humedad,Testing,67.01,66.48083905992453,0.5291609400754709
2025-04-14,Humedad,Testing,72.73,66.48083906755016,6.24916093244984
2025-04-15,Humedad,Testing,78.94,66.4808390738329,12.459160926167101
2025-04-16,Humedad,Testing,80.83,66.4808390790092,14.349160920990798
2025-04-17,Humedad,Testing,79.95,66.48083908327393,13.469160916726068
2025-04-18,Humedad,Testing,81.82,66.48083908678763,15.339160913212368
2025-04-19,Humedad,Testing,69.84,66.48083908968253,3.3591609103174704
2025-04-20,Humedad,Testing,83.45,66.48083909206764,16.969160907932363
2025-04-21,Humedad,Testing,75.52,66.48083909403272,9.039160905967279
2025-04-22,Humedad,Testing,74.49,66.48083909565173,8.009160904348263
2025-04-23,Humedad,Testing,76.25,66.48083909698562,9.769160903014381
2025-04-24,Humedad,Testing,83.32,66.4808390980846,16.839160901915392
2025-04-25,Humedad,Testing,81.56,66.48083909899006,15.079160901009942
2025-04-26,Humedad,Testing,63.52,66.48083909973606,-2.960839099736056
2025-04-27,Humedad,Testing,63.2,66.48083910035069,-3.28083910035069
2025-04-28,Humedad,Testing,64.96,66.48083910085708,-1.5208391008570885
2025-04-29,Humedad,Testing,68.31,66.48083910127428,1.8291608987257177
2025-04-30,Humedad,Testing,69.47,66.48083910161802,2.989160898381982
2025-05-01,Humedad,Testing,68.7,66.48083910190122,2.219160898098778
2025-05-02,Humedad,Testing,70.01,66.48083910213455,3.5291608978654523
2025-05-03,Humedad,Testing,76.72,66.4808391023268,10.239160897673202
2025-05-04,Humedad,Testing,77.67,66.48083910248519,11.18916089751481
2025-05-05,Humedad,Testing,87.99,66.48083910261568,21.50916089738432
2025-05-06,Humedad,Testing,85.75,66.4808391027232,19.269160897276805
2025-05-07,Humedad,Testing,81.09,66.48083910281177,14.609160897188232
2025-05-08,Humedad,Testing,82.05,66.48083910288474,15.569160897115253
2025-05-09,Humedad,Testing,73.54,66.48083910294487,7.059160897055136
2025-05-10,Humedad,Testing,69.1,66.48083910299441,2.6191608970055853
2025-05-11,Humedad,Testing,75.05,66.48083910303522,8.569160896964775
2025-05-12,Humedad,Testing,73.52,66.48083910306886,7.039160896931136
2025-05-13,Humedad,Testing,77.14,66.48083910309657,10.65916089690343
2025-05-14,Humedad,Testing,79.1,66.4808391031194,12.6191608968806
2025-05-15,Humedad,Testing,82.79,66.48083910313821,16.309160896861798
2025-05-16,Humedad,Testing,87.49,66.4808391031537,21.009160896846296
2025-05-17,Humedad,Testing,81.53,66.48083910316646,15.049160896833541
2025-05-18,Humedad,Testing,67.31,66.48083910317698,0.8291608968230264
2025-05-19,Humedad,Testing,78.67,66.48083910318564,12.189160896814357
2025-05-20,Humedad,Testing,67.87,66.48083910319278,1.3891608968072262
2025-05-21,Humedad,Testing,73.37,66.48083910319866,6.889160896801343
2025-05-22,Humedad,Testing,80.02,66.48083910320351,13.539160896796488
2025-05-23,Humedad,Testing,77.51,66.4808391032075,11.029160896792504
2025-05-24,Humedad,Testing,84.34,66.4808391032108,17.859160896789206
2025-05-25,Humedad,Testing,90.37,66.4808391032135,23.889160896786507
2025-05-26,Humedad,Testing,92.42,66.48083910321573,25.939160896784273
2025-05-27,Humedad,Testing,78.82,66.48083910321756,12.339160896782431
2025-05-28,Humedad,Testing,71.67,66.48083910321907,5.189160896780933
2025-05-29,Humedad,Testing,67.18,66.48083910322032,0.6991608967796878
2025-05-30,Humedad,Testing,73.19,66.48083910322134,6.709160896778656
2025-05-31,Humedad,Testing,72.16,66.4808391032222,5.679160896777802
2025-06-01,Humedad,Testing,69.32,66.4808391032229,2.839160896777088
2025-06-02,Humedad,Testing,85.99,66.48083910322347,19.50916089677652
2025-06-03,Humedad,Testing,90.71,66.48083910322396,24.229160896776037
2025-06-04,Humedad,Testing,88.55,66.48083910322435,22.069160896775642
2025-06-05,Humedad,Testing,72.01,66.48083910322467,5.529160896775338
2025-06-06,Humedad,Testing,78.24,66.48083910322492,11.759160896775072
2025-06-07,Humedad,Testing,85.56,66.48083910322515,19.07916089677485
2025-06-08,Humedad,Testing,85.55,66.48083910322532,19.069160896774676
2025-06-09,Humedad,Testing,87.44,66.48083910322546,20.959160896774534
2025-06-10,Humedad,Testing,83.47,66.48083910322559,16.989160896774408
2025-06-11,Humedad,Testing,79.79,66.48083910322569,13.309160896774316
2025-06-12,Humedad,Testing,79.02,66.48083910322578,12.53916089677422
2025-06-13,Humedad,Testing,89.21,66.48083910322585,22.729160896774147
2025-06-14,Humedad,Testing,87.33,66.4808391032259,20.849160896774094
2025-06-15,Humedad,Testing,78.43,66.48083910322595,11.94916089677406
2025-06-16,Humedad,Testing,89.65,66.48083910322599,23.169160896774017
2025-06-17,Humedad,Testing,89.42,66.48083910322603,22.93916089677397
2025-06-18,Humedad,Testing,82.73,66.48083910322606,16.249160896773944
2025-06-19,Humedad,Testing,76.7,66.48083910322609,10.219160896773914
2025-06-20,Humedad,Testing,76.75,66.4808391032261,10.269160896773897
2025-06-21,Humedad,Testing,87.16,66.48083910322612,20.67916089677388
2025-06-22,Humedad,Testing,77.61,66.48083910322612,11.129160896773882
2025-06-23,Humedad,Testing,64.78,66.48083910322612,-1.7008391032261159
2025-06-24,Humedad,Testing,65.54,66.48083910322612,-0.9408391032261108
2025-06-25,Humedad,Testing,75.99,66.48083910322612,9.509160896773878
2025-06-26,Humedad,Testing,58.26,66.48083910322612,-8.220839103226119
2025-06-27,Humedad,Testing,61.09,66.48083910322612,-5.390839103226114
2025-06-28,Humedad,Testing,78.05,66.48083910322612,11.56916089677388
2025-06-29,Humedad,Testing,73.06,66.48083910322612,6.579160896773885
2025-06-30,Humedad,Testing,74.83,66.48083910322612,8.349160896773881
2025-07-01,Humedad,Testing,57.9,66.48083910322612,-8.580839103226118
2025-07-02,Humedad,Testing,70.53,66.48083910322612,4.049160896773884
2025-07-03,Humedad,Testing,79.52,66.48083910322612,13.039160896773879
2025-07-04,Humedad,Testing,88.18,66.48083910322612,21.69916089677389
2025-07-05,Humedad,Testing,84.84,66.48083910322612,18.359160896773886
2025-07-06,Humedad,Testing,88.02,66.48083910322612,21.53916089677388
2025-07-07,Humedad,Testing,85.83,66.48083910322612,19.34916089677388
2025-07-08,Humedad,Testing,86.37,66.48083910322612,19.889160896773888
2025-07-09,Humedad,Testing,83.66,66.48083910322612,17.17916089677388
2025-07-10,Humedad,Testing,88.32,66.48083910322612,21.839160896773876
2025-07-11,Humedad,Testing,87.28,66.48083910322612,20.799160896773884
2025-07-12,Humedad,Testing,81.29,66.48083910322612,14.80916089677389
2025-07-13,Humedad,Testing,82.67,66.48083910322612,16.189160896773885
2025-07-14,Humedad,Testing,88.76,66.48083910322612,22.279160896773888
2025-07-15,Humedad,Testing,87.14,66.48083910322612,20.659160896773884
2025-07-16,Humedad,Testing,78.54,66.48083910322612,12.05916089677389
2025-07-17,Humedad,Testing,65.35,66.48083910322612,-1.1308391032261227
2025-07-18,Humedad,Testing,64.96,66.48083910322612,-1.5208391032261233
2025-07-19,Humedad,Testing,77.19,66.48083910322612,10.70916089677388
2025-07-20,Humedad,Testing,81.51,66.48083910322612,15.029160896773888
2025-07-21,Humedad,Testing,81.09,66.48083910322612,14.609160896773886
2025-07-22,Humedad,Testing,81.21,66.48083910322612,14.729160896773877
2025-07-23,Humedad,Testing,77.26,66.48083910322612,10.779160896773888
2025-07-24,Humedad,Testing,82.43,66.48083910322612,15.94916089677389
2025-07-25,Humedad,Testing,88.89,66.48083910322612,22.409160896773884
2025-07-26,Humedad,Testing,84.99,66.48083910322612,18.509160896773878
2025-07-27,Humedad,Testing,91.52,66.48083910322612,25.03916089677388
2025-07-28,Humedad,Testing,81.56,66.48083910322612,15.079160896773885
2025-07-29,Humedad,Testing,83.28,66.48083910322612,16.799160896773884
2025-07-30,Humedad,Testing,77.73,66.48083910322612,11.249160896773887
2025-07-31,Humedad,Testing,80.67,66.48083910322612,14.189160896773885
2025-08-01,Humedad,Testing,90.93,66.48083910322612,24.44916089677389
2025-08-02,Humedad,Testing,81.74,66.48083910322612,15.259160896773878
2025-08-03,Humedad,Testing,67.45,66.48083910322612,0.9691608967738858
2025-08-04,Humedad,Testing,63.89,66.48083910322612,-2.5908391032261164
2025-08-05,Humedad,Testing,72.43,66.48083910322612,5.94916089677389
2025-08-06,Humedad,Testing,71.09,66.48083910322612,4.609160896773886
2025-08-07,Humedad,Testing,76.75,66.48083910322612,10.269160896773883
2025-08-08,Humedad,Testing,76.87,66.48083910322612,10.389160896773888
2025-08-09,Humedad,Testing,70.83,66.48083910322612,4.349160896773881
2025-08-10,Humedad,Testing,71.7,66.48083910322612,5.219160896773886
2025-08-11,Humedad,Testing,74.01,66.48083910322612,7.529160896773888
2025-08-12,Humedad,Testing,72.95,66.48083910322612,6.469160896773886
2025-08-13,Humedad,Testing,77.98,66.48083910322612,11.499160896773887
2025-08-14,Humedad,Testing,79.89,66.48083910322612,13.409160896773884
2025-08-15,Humedad,Testing,76.84,66.48083910322612,10.359160896773886
2025-08-16,Humedad,Testing,82.51,66.48083910322612,16.029160896773888
2025-08-17,Humedad,Testing,83.34,66.48083910322612,16.859160896773886
2025-08-18,Humedad,Testing,87.71,66.48083910322612,21.229160896773877
2025-08-19,Humedad,Testing,95.63,66.48083910322612,29.14916089677388
2025-08-20,Humedad,Testing,74.09,66.48083910322612,7.609160896773886
2025-08-21,Humedad,Testing,74.35,66.48083910322612,7.869160896773877
2025-08-22,Humedad,Testing,73.27,66.48083910322612,6.789160896773879
2025-08-23,Humedad,Testing,61.66,66.48083910322612,-4.82083910322612
2025-08-24,Humedad,Testing,60.51,66.48083910322612,-5.970839103226119
2025-08-25,Humedad,Testing,72.38,66.48083910322612,5.8991608967738784
2025-08-26,Humedad,Testing,76.14,66.48083910322612,9.659160896773884
2025-08-27,Humedad,Testing,77.34,66.48083910322612,10.859160896773886
2025-08-28,Humedad,Testing,79.22,66.48083910322612,12.739160896773882
2025-08-29,Humedad,Testing,80.97,66.48083910322612,14.489160896773882
2025-08-30,Humedad,Testing,89.61,66.48083910322612,23.129160896773882
2025-08-31,Humedad,Testing,88.04,66.48083910322612,21.55916089677389
2025-09-01,Humedad,Testing,74.29,66.48083910322612,7.809160896773889
2025-09-02,Humedad,Testing,76.52,66.48083910322612,10.039160896773879
2025-09-03,Humedad,Testing,76.01,66.48083910322612,9.529160896773888
2025-09-04,Humedad,Testing,63.67,66.48083910322612,-2.8108391032261153
2025-09-05,Humedad,Testing,61.38,66.48083910322612,-5.1008391032261144
2025-09-06,Humedad,Testing,63.88,66.48083910322612,-2.6008391032261144
2025-09-07,Humedad,Testing,71.75,66.48083910322612,5.269160896773883
2025-09-08,Humedad,Testing,76.61,66.48083910322612,10.129160896773882
2025-09-09,Humedad,Testing,73.2,66.48083910322612,6.719160896773886
2025-09-10,Humedad,Testing,77.25,66.48083910322612,10.769160896773883
2025-09-11,Humedad,Testing,66.38,66.48083910322612,-0.10083910322612155
2025-09-12,Humedad,Testing,69.49,66.48083910322612,3.009160896773878
2025-09-13,Humedad,Testing,73.36,66.48083910322612,6.879160896773882
2025-09-14,Humedad,Testing,76.12,66.48083910322612,9.639160896773888
2025-09-15,Humedad,Testing,85.14,66.48083910322612,18.659160896773884
2025-09-16,Humedad,Testing,79.77,66.48083910322612,13.289160896773879
2025-09-17,Humedad,Testing,77.67,66.48083910322612,11.189160896773885
2025-09-18,Humedad,Testing,87.52,66.48083910322612,21.03916089677388
2025-09-19,Humedad,Testing,87.73,66.48083910322612,21.249160896773887
2025-09-20,Humedad,Testing,91.14,66.48083910322612,24.659160896773884
2025-09-21,Humedad,Testing,73.86,66.48083910322612,7.379160896773882
2025-09-22,Humedad,Testing,68.27,66.48083910322612,1.789160896773879
2025-09-23,Humedad,Testing,61.15,66.48083910322612,-5.330839103226118
2025-09-24,Humedad,Testing,74.68,66.48083910322612,8.19916089677389
2025-09-25,Humedad,Testing,68.52,66.48083910322612,2.039160896773879
2025-09-26,Humedad,Testing,69.87,66.48083910322612,3.3891608967738875
2025-09-27,Humedad,Testing,76.35,66.48083910322612,9.869160896773877
2025-09-28,Humedad,Testing,67.06,66.48083910322612,0.5791608967738853
2025-09-29,Humedad,Testing,67.15,66.48083910322612,0.6691608967738887
2025-09-30,Humedad,Testing,68.25,66.48083910322612,1.769160896773883
2025-10-01,Humedad,Testing,68.38,66.48083910322612,1.8991608967738784
2025-10-02,Humedad,Testing,69.46,66.48083910322612,2.9791608967738767
2025-10-03,Humedad,Testing,75.52,66.48083910322612,9.039160896773879
2025-10-04,Humedad,Testing,75.85,66.48083910322612,9.369160896773877
2025-10-05,Humedad,Testing,72.12,66.48083910322612,5.6391608967738875
2025-10-06,Humedad,Testing,63.62,66.48083910322612,-2.8608391032261196
2025-10-07,Humedad,Testing,54.99,66.48083910322612,-11.490839103226115
2025-10-08,Humedad,Testing,62.54,66.48083910322612,-3.940839103226118
2025-10-09,Humedad,Testing,62.06,66.48083910322612,-4.420839103226115
2025-10-10,Humedad,Testing,62.56,66.48083910322612,-3.9208391032261147
2025-10-11,Humedad,Testing,67.66,66.48083910322612,1.1791608967738796
2025-10-12,Humedad,Testing,62.04,66.48083910322612,-4.440839103226118
2025-10-13,Humedad,Testing,53.6,66.48083910322612,-12.880839103226116
2025-10-14,Humedad,Testing,52.63,66.48083910322612,-13.850839103226114
2025-10-15,Humedad,Testing,58.29,66.48083910322612,-8.190839103226118
2025-10-16,Humedad,Testing,63.0,66.48083910322612,-3.480839103226117
2025-10-17,Humedad,Testing,75.27,66.48083910322612,8.789160896773879
2025-10-18,Humedad,Testing,60.19,66.48083910322612,-6.290839103226119
2025-10-19,Humedad,Testing,48.83,66.48083910322612,-17.65083910322612
2025-10-20,Humedad,Testing,51.6,66.48083910322612,-14.880839103226116
2025-10-21,Humedad,Testing,57.45,66.48083910322612,-9.030839103226114
2025-10-22,Humedad,Testing,66.23,66.48083910322612,-0.250839103226113
2025-10-23,Humedad,Testing,58.88,66.48083910322612,-7.6008391032261144
2025-10-24,Humedad,Testing,77.38,66.48083910322612,10.899160896773878
2025-10-25,Humedad,Testing,61.54,66.48083910322612,-4.940839103226118
2025-10-26,Humedad,Testing,52.26,66.48083910322612,-14.220839103226119
2025-10-27,Humedad,Testing,61.34,66.48083910322612,-5.140839103226114
2025-10-28,Humedad,Testing,66.02,66.48083910322612,-0.460839103226121
2025-10-29,Humedad,Testing,60.42,66.48083910322612,-6.060839103226115
2025-10-30,Humedad,Testing,65.17,66.48083910322612,-1.3108391032261153
2025-10-31,Humedad,Testing,58.4,66.48083910322612,-8.080839103226118
2025-11-01,Humedad,Testing,59.32,66.48083910322612,-7.160839103226117
2025-11-02,Humedad,Testing,61.88,66.48083910322612,-4.6008391032261144
2025-11-03,Humedad,Testing,58.63,66.48083910322612,-7.8508391032261144
2025-11-04,Humedad,Testing,73.84,66.48083910322612,7.359160896773886
2025-11-05,Humedad,Testing,64.35,66.48083910322612,-2.1308391032261227
2025-11-06,Humedad,Testing,55.28,66.48083910322612,-11.200839103226116
2025-11-07,Humedad,Testing,79.08,66.48083910322612,12.599160896773881
2025-11-08,Humedad,Testing,72.76,66.48083910322612,6.279160896773888
2025-11-09,Humedad,Testing,65.32,66.48083910322612,-1.1608391032261238
2025-11-10,Humedad,Testing,61.94,66.48083910322612,-4.540839103226119
2025-11-11,Humedad,Testing,67.5,66.48083910322612,1.019160896773883
2025-11-12,Humedad,Testing,59.07,66.48083910322612,-7.410839103226117
2025-11-13,Humedad,Testing,50.68,66.48083910322612,-15.800839103226117
2025-11-14,Humedad,Testing,55.16,66.48083910322612,-11.32083910322612
2025-11-15,Humedad,Testing,57.07,66.48083910322612,-9.410839103226117
2025-11-16,Humedad,Testing,70.19,66.48083910322612,3.7091608967738807
2025-11-17,Humedad,Testing,57.65,66.48083910322612,-8.830839103226118
2025-11-18,Humedad,Testing,57.85,66.48083910322612,-8.630839103226116
2025-11-19,Humedad,Testing,61.04,66.48083910322612,-5.440839103226118
2025-11-20,Humedad,Testing,61.54,66.48083910322612,-4.940839103226118
2025-11-21,Humedad,Testing,70.75,66.48083910322612,4.269160896773883
2025-11-22,Humedad,Testing,66.86,66.48083910322612,0.3791608967738824
2025-11-23,Humedad,Testing,58.21,66.48083910322612,-8.270839103226116
2025-11-24,Humedad,Testing,53.68,66.48083910322612,-12.800839103226117
2025-11-25,Humedad,Testing,52.91,66.48083910322612,-13.57083910322612
2025-11-26,Humedad,Testing,53.38,66.48083910322612,-13.100839103226114
2025-11-27,Humedad,Testing,52.34,66.48083910322612,-14.140839103226114
2025-11-28,Humedad,Testing,54.82,66.48083910322612,-11.660839103226117
2025-11-29,Humedad,Testing,80.88,66.48083910322612,14.399160896773878
2025-11-30,Humedad,Testing,84.09,66.48083910322612,17.609160896773886
2025-12-01,Humedad,Testing,71.49,66.48083910322612,5.009160896773878
2025-12-02,Humedad,Testing,60.15,66.48083910322612,-6.330839103226118
2025-12-03,Humedad,Testing,51.9,66.48083910322612,-14.580839103226118
2025-12-04,Humedad,Testing,49.13,66.48083910322612,-17.350839103226114
2025-12-05,Humedad,Testing,51.18,66.48083910322612,-15.300839103226117
2025-12-06,Humedad,Testing,53.41,66.48083910322612,-13.07083910322612
2025-12-07,Humedad,Testing,46.59,66.48083910322612,-19.890839103226114
2025-12-08,Humedad,Testing,57.55,66.48083910322612,-8.93083910322612
2025-12-09,Humedad,Testing,59.55,66.48083910322612,-6.93083910322612
2025-12-10,Humedad,Testing,61.71,66.48083910322612,-4.770839103226116
2025-12-11,Humedad,Testing,52.15,66.48083910322612,-14.330839103226118
2025-12-12,Humedad,Testing,47.53,66.48083910322612,-18.950839103226116
2025-12-13,Humedad,Testing,50.94,66.48083910322612,-15.54083910322612
2025-12-14,Humedad,Testing,75.59,66.48083910322612,9.109160896773886
2025-12-15,Humedad,Testing,61.75,66.48083910322612,-4.730839103226117
2025-12-16,Humedad,Testing,53.93,66.48083910322612,-12.550839103226117
2025-12-17,Humedad,Testing,53.31,66.48083910322612,-13.170839103226115
2025-12-18,Humedad,Testing,53.54,66.48083910322612,-12.940839103226118
2025-12-19,Humedad,Testing,51.03,66.48083910322612,-15.450839103226116
2025-12-20,Humedad,Testing,80.31,66.48083910322612,13.829160896773885
2025-12-21,Humedad,Testing,81.92,66.48083910322612,15.439160896773885
2025-12-22,Humedad,Testing,72.21,66.48083910322612,5.729160896773877
2025-12-23,Humedad,Testing,63.09,66.48083910322612,-3.3908391032261136
2025-12-24,Humedad,Testing,58.8,66.48083910322612,-7.68083910322612
2025-12-25,Humedad,Testing,59.75,66.48083910322612,-6.730839103226117
2025-12-26,Humedad,Testing,43.9,66.48083910322612,-22.58083910322612
2025-12-27,Humedad,Testing,54.23,66.48083910322612,-12.25083910322612
2025-12-28,Humedad,Testing,50.73,66.48083910322612,-15.75083910322612
2025-12-29,Humedad,Testing,48.66,66.48083910322612,-17.82083910322612
2025-12-30,Humedad,Testing,51.49,66.48083910322612,-14.990839103226115
2025-12-31,Humedad,Testing,47.43,66.48083910322612,-19.050839103226117
2023-01-31,Precipitación,Training,0.0,2.074138034166575,-2.074138034166575
2023-02-01,Precipitación,Training,2.06,1.8993714640320558,0.16062853596794424
2023-02-02,Precipitación,Training,0.52,2.319279015073729,-1.7992790150737288
2023-02-03,Precipitación,Training,0.01,2.08655853419904,-2.07655853419904
2023-02-04,Precipitación,Training,0.0,1.9051342693297093,-1.9051342693297093
2023-02-05,Precipitación,Training,0.0,1.8519340928270775,-1.8519340928270775
2023-02-06,Precipitación,Training,0.0,1.8370014283189127,-1.8370014283189127
2023-02-07,Precipitación,Training,0.0,1.8328100048317673,-1.8328100048317673
2023-02-08,Precipitación,Training,0.35,1.8316335215029558,-1.481633521502956
2023-02-09,Precipitación,Training,0.02,1.9109813866954388,-1.8909813866954388
2023-02-10,Precipitación,Training,0.15,1.858128343703295,-1.708128343703295
2023-02-11,Precipitación,Training,0.0,1.8728878347253808,-1.8728878347253808
2023-02-12,Precipitación,Training,0.04,1.8428828974892746,-1.8028828974892745
2023-02-13,Precipitación,Training,2.43,1.8435669315839918,0.5864330684160084
2023-02-14,Precipitación,Training,7.15,2.3878464624183326,4.762153537581668
2023-02-15,Precipitación,Training,0.19,3.615135291930666,-3.425135291930666
2023-02-16,Precipitación,Training,16.5,2.3751651098953253,14.124834890104674
2023-02-17,Precipitación,Training,0.01,5.74011905312526,-5.73011905312526
2023-02-18,Precipitación,Training,0.0,2.9306457821853673,-2.9306457821853673
2023-02-19,Precipitación,Training,0.0,2.139783125996668,-2.139783125996668
2023-02-20,Precipitación,Training,0.0,1.9177972700603114,-1.9177972700603114
2023-02-21,Precipitación,Training,0.0,1.8554884483575966,-1.8554884483575966
2023-02-22,Precipitación,Training,0.02,1.837999094157058,-1.817999094157058
2023-02-23,Precipitación,Training,3.04,1.8376430716392358,1.2023569283607642
2023-02-24,Precipitación,Training,0.21,2.5250512332350006,-2.3150512332350006
2023-02-25,Precipitación,Training,0.0,2.073744355483848,-2.073744355483848
2023-02-26,Precipitación,Training,0.0,1.8992609630510509,-1.8992609630510509
2023-02-27,Precipitación,Training,0.0,1.8502855247587262,-1.8502855247587262
2023-02-28,Precipitación,Training,0.0,1.8365386946307576,-1.8365386946307576
2023-03-01,Precipitación,Training,4.3,1.8326801209220496,2.4673198790779503
2023-03-02,Precipitación,Training,0.56,2.8104993161435807,-2.2504993161435807
2023-03-03,Precipitación,Training,0.0,2.23354436893583,-2.23354436893583
2023-03-04,Precipitación,Training,0.0,1.9441149493749614,-1.9441149493749614
2023-03-05,Precipitación,Training,0.0,1.862875511741112,-1.862875511741112
2023-03-06,Precipitación,Training,0.0,1.8400725560599736,-1.8400725560599736
2023-03-07,Precipitación,Training,0.0,1.8336720343067394,-1.8336720343067394
2023-03-08,Precipitación,Training,0.0,1.8318754830488029,-1.8318754830488029
2023-03-09,Precipitación,Training,0.0,1.8313712122179502,-1.8313712122179502
2023-03-10,Precipitación,Training,0.0,1.8312296693202867,-1.8312296693202867
2023-03-11,Precipitación,Training,0.0,1.8311899398918663,-1.8311899398918663
2023-03-12,Precipitación,Training,0.0,1.8311787883080801,-1.8311787883080801
2023-03-13,Precipitación,Training,0.0,1.8311756581895287,-1.8311756581895287
2023-03-14,Precipitación,Training,2.15,1.8311747796020263,0.31882522039797356
2023-03-15,Precipitación,Training,2.95,2.3206256587568905,0.6293743412431096
2023-03-16,Precipitación,Training,0.09,2.6401301192160913,-2.5501301192160915
2023-03-17,Precipitación,Training,0.0,2.078727444376262,-2.078727444376262
2023-03-18,Precipitación,Training,0.0,1.9006596575580343,-1.9006596575580343
2023-03-19,Precipitación,Training,5.33,1.85067812187391,3.47932187812609
2023-03-20,Precipitación,Training,10.26,3.0500323805505105,7.20996761944949
2023-03-21,Precipitación,Training,2.72,4.508999843996577,-1.7889998439965766
2023-03-22,Precipitación,Training,39.42,3.202021154456596,36.217978845543406
2023-03-23,Precipitación,Training,1.79,11.189984482631322,-9.399984482631321
2023-03-24,Precipitación,Training,21.29,4.865578980880248,16.42442101911975
2023-03-25,Precipitación,Training,16.42,7.5296005453000365,8.890399454699965
2023-03-26,Precipitación,Training,0.03,7.168696386704582,-7.138696386704582
2023-03-27,Precipitación,Training,0.0,3.3361836894363988,-3.3361836894363988
2023-03-28,Precipitación,Training,0.04,2.253612851994351,-2.213612851994351
2023-03-29,Precipitación,Training,2.28,1.958854004245766,0.32114599575423375
2023-03-30,Precipitación,Training,0.0,2.3860584362740225,-2.3860584362740225
2023-03-31,Precipitación,Training,0.0,1.9869238562255662,-1.9869238562255662
2023-04-01,Precipitación,Training,0.0,1.8748914689424896,-1.8748914689424896
2023-04-02,Precipitación,Training,2.22,1.8434452940737989,0.3765547059262013
2023-04-03,Precipitación,Training,6.68,2.3400054660539156,4.339994533946085
2023-04-04,Precipitación,Training,1.37,3.494710593714688,-2.124710593714688
2023-04-05,Precipitación,Training,0.0,2.6099923019012436,-2.6099923019012436
2023-04-06,Precipitación,Training,0.01,2.0497794613618074,-2.0397794613618077
2023-04-07,Precipitación,Training,0.0,1.8948108156928105,-1.8948108156928105
2023-04-08,Precipitación,Training,0.0,1.8490364206789827,-1.8490364206789827
2023-04-09,Precipitación,Training,0.0,1.8361880857909982,-1.8361880857909982
2023-04-10,Precipitación,Training,0.0,1.8325817091399483,-1.8325817091399483
2023-04-11,Precipitación,Training,0.0,1.8315694415844535,-1.8315694415844535
2023-04-12,Precipitación,Training,3.8,1.831285309974515,1.9687146900254848
2023-04-13,Precipitación,Training,0.0,2.6962819658969646,-2.6962819658969646
2023-04-14,Precipitación,Training,0.24,2.073999956248824,-1.8339999562488238
2023-04-15,Precipitación,Training,0.04,1.95396911191924,-1.91396911191924
2023-04-16,Precipitación,Training,0.01,1.8747475268491725,-1.8647475268491724
2023-04-17,Precipitación,Training,2.33,1.8456814080833648,0.4843185919166353
2023-04-18,Precipitación,Training,2.92,2.3656748024890404,0.5543251975109595
2023-04-19,Precipitación,Training,0.0,2.645945333998056,-2.645945333998056
2023-04-20,Precipitación,Training,0.0,2.059871055067825,-2.059871055067825
2023-04-21,Precipitación,Training,0.0,1.895366890618355,-1.895366890618355
2023-04-22,Precipitación,Training,0.0,1.849192504377392,-1.849192504377392
2023-04-23,Precipitación,Training,0.06,1.8362318966513516,-1.7762318966513515
2023-04-24,Precipitación,Training,1.03,1.8462531075178394,-0.8162531075178394
2023-04-25,Precipitación,Training,2.52,2.0698880794810863,0.4501119205189137
2023-04-26,Precipitación,Training,0.0,2.4718608014162897,-2.4718608014162897
2023-04-27,Precipitación,Training,0.0,2.0110075720495755,-2.0110075720495755
2023-04-28,Precipitación,Training,0.0,1.8816514850204837,-1.8816514850204837
2023-04-29,Precipitación,Training,0.0,1.845342751165083,-1.845342751165083
2023-04-30,Precipitación,Training,1.36,1.8351513161544843,-0.47515131615448425
2023-05-01,Precipitación,Training,0.0,2.141896993590301,-2.141896993590301
2023-05-02,Precipitación,Training,0.01,1.9183906078585204,-1.9083906078585204
2023-05-03,Precipitación,Training,0.0,1.8579315081705894,-1.8579315081705894
2023-05-04,Precipitación,Training,0.18,1.8386848323436409,-1.658684832343641
2023-05-05,Precipitación,Training,27.1,1.8742598201159377,25.225740179884063
2023-05-06,Precipitación,Training,7.97,8.012628699160377,-0.04262869916037726
2023-05-07,Precipitación,Training,0.0,5.380619964415228,-5.380619964415228
2023-05-08,Precipitación,Training,0.0,2.827462094789079,-2.827462094789079
2023-05-09,Precipitación,Training,0.0,2.1108206772249445,-2.1108206772249445
2023-05-10,Precipitación,Training,0.0,1.909667850962958,-1.909667850962958
2023-05-11,Precipitación,Training,0.0,1.8532066159275664,-1.8532066159275664
2023-05-12,Precipitación,Training,0.0,1.8373586106026512,-1.8373586106026512
2023-05-13,Precipitación,Training,0.0,1.8329102617023638,-1.8329102617023638
2023-05-14,Precipitación,Training,0.0,1.8316616624286381,-1.8316616624286381
2023-05-15,Precipitación,Training,0.0,1.8313111952819972,-1.8313111952819972
2023-05-16,Precipitación,Training,0.0,1.8312128232714895,-1.8312128232714895
2023-05-17,Precipitación,Training,2.0,1.8311852114038891,0.16881478859611088
2023-05-18,Precipitación,Training,4.36,2.2864808338808302,2.07351916611917
2023-05-19,Precipitación,Training,6.7,2.9515349458594042,3.748465054140596
2023-05-20,Precipitación,Training,2.58,3.6709127677108264,-1.0909127677108263
2023-05-21,Precipitación,Training,3.42,2.9349087225311274,0.4850912774688725
2023-05-22,Precipitación,Training,0.43,2.9195484507619076,-2.4895484507619074
2023-05-23,Precipitación,Training,17.37,2.2345584605988016,15.1354415394012
2023-05-24,Precipitación,Training,57.43,5.898709385791191,51.53129061420881
2023-05-25,Precipitación,Training,27.72,16.046920058521156,11.673079941478843
2023-05-26,Precipitación,Training,5.86,12.13187196246134,-6.271871962461339
2023-05-27,Precipitación,Training,0.0,6.056498094113939,-6.056498094113939
2023-05-28,Precipitación,Training,0.0,3.017173145065341,-3.017173145065341
2023-05-29,Precipitación,Training,0.1,2.1640703401678274,-2.0640703401678273
2023-05-30,Precipitación,Training,0.01,1.9473795743736857,-1.9373795743736857
2023-05-31,Precipitación,Training,0.0,1.866068370486976,-1.866068370486976
2023-06-01,Precipitación,Training,0.0,1.8409687539978052,-1.8409687539978052
2023-06-02,Precipitación,Training,0.0,1.833923586538674,-1.833923586538674
2023-06-03,Precipitación,Training,0.0,1.83194609080488,-1.83194609080488
2023-06-04,Precipitación,Training,0.02,1.8313910309855272,-1.8113910309855272
2023-06-05,Precipitación,Training,0.0,1.8357882659435374,-1.8357882659435374
2023-06-06,Precipitación,Training,0.01,1.8324694844061535,-1.8224694844061535
2023-06-07,Precipitación,Training,0.0,1.8338144582841978,-1.8338144582841978
2023-06-08,Precipitación,Training,0.0,1.8319154597859701,-1.8319154597859701
2023-06-09,Precipitación,Training,0.0,1.8313824332183959,-1.8313824332183959
2023-06-10,Precipitación,Training,0.0,1.8312328189232792,-1.8312328189232792
2023-06-11,Precipitación,Training,0.0,1.8311908239484223,-1.8311908239484223
2023-06-12,Precipitación,Training,0.0,1.831179036452369,-1.831179036452369
2023-06-13,Precipitación,Training,0.0,1.8311757278407153,-1.8311757278407153
2023-06-14,Precipitación,Training,0.0,1.8311747991522962,-1.8311747991522962
2023-06-15,Precipitación,Training,0.0,1.8311745384803677,-1.8311745384803677
2023-06-16,Precipitación,Training,0.0,1.8311744653128201,-1.8311744653128201
2023-06-17,Precipitación,Training,0.0,1.8311744447755491,-1.8311744447755491
2023-06-18,Precipitación,Training,0.0,1.8311744390109785,-1.8311744390109785
2023-06-19,Precipitación,Training,0.01,1.831174437392931,-1.821174437392931
2023-06-20,Precipitación,Training,0.02,1.833450953802783,-1.813450953802783
2023-06-21,Precipitación,Training,0.39,1.8363664620768017,-1.4463664620768015
2023-06-22,Precipitación,Training,0.75,1.9214159349644084,-1.1714159349644084
2023-06-23,Precipitación,Training,0.0,2.0272429298827643,-2.0272429298827643
2023-06-24,Precipitación,Training,0.15,1.8862085592189315,-1.7362085592189316
2023-06-25,Precipitación,Training,0.06,1.8807696213128975,-1.8207696213128974
2023-06-26,Precipitación,Training,0.32,1.858754323567282,-1.538754323567282
2023-06-27,Precipitación,Training,0.06,1.911764326607035,-1.851764326607035
2023-06-28,Precipitación,Training,0.0,1.8674541731939822,-1.8674541731939822
2023-06-29,Precipitación,Training,0.0,1.8413577325361983,-1.8413577325361983
2023-06-30,Precipitación,Training,0.0,1.834032768244385,-1.834032768244385
2023-07-01,Precipitación,Training,0.0,1.831976736826923,-1.831976736826923
2023-07-02,Precipitación,Training,0.0,1.831399632963862,-1.831399632963862
2023-07-03,Precipitación,Training,0.0,1.8312376466897557,-1.8312376466897557
2023-07-04,Precipitación,Training,0.2,1.8311921790457522,-1.6311921790457522
2023-07-05,Precipitación,Training,3.61,1.8767097540926458,1.733290245907354
2023-07-06,Precipitación,Training,4.5,2.665778253263658,1.834221746736342
2023-07-07,Precipitación,Training,0.06,3.089870511301949,-3.029870511301949
2023-07-08,Precipitación,Training,0.2,2.198134737950623,-1.998134737950623
2023-07-09,Precipitación,Training,0.31,1.9797062192570594,-1.6697062192570593
2023-07-10,Precipitación,Training,1.11,1.9434375858283013,-0.8334375858283012
2023-07-11,Precipitación,Training,1.65,2.1153787556578396,-0.4653787556578397
2023-07-12,Precipitación,Training,16.07,2.286572532590412,13.783427467409588
2023-07-13,Precipitación,Training,1.45,5.617361932375918,-4.1673619323759175
2023-07-14,Precipitación,Training,0.01,3.224007729053734,-3.2140077290537343
2023-07-15,Precipitación,Training,0.0,2.2244028947074304,-2.2244028947074304
2023-07-16,Precipitación,Training,0.0,1.9415490449600397,-1.9415490449600397
2023-07-17,Precipitación,Training,0.0,1.8621552925180396,-1.8621552925180396
2023-07-18,Precipitación,Training,0.0,1.8398703989857401,-1.8398703989857401
2023-07-19,Precipitación,Training,0.0,1.833615291191097,-1.833615291191097
2023-07-20,Precipitación,Training,0.0,1.8318595559229032,-1.8318595559229032
2023-07-21,Precipitación,Training,0.0,1.8313667416608341,-1.8313667416608341
2023-07-22,Precipitación,Training,0.0,1.8312284144874278,-1.8312284144874278
2023-07-23,Precipitación,Training,0.0,1.8311895876750255,-1.8311895876750255
2023-07-24,Precipitación,Training,0.0,1.8311786894449513,-1.8311786894449513
2023-07-25,Precipitación,Training,0.03,1.8311756304398101,-1.80117563043981
2023-07-26,Precipitación,Training,0.01,1.8380043224050628,-1.8280043224050628
2023-07-27,Precipitación,Training,0.0,1.8353680222830064,-1.8353680222830064
2023-07-28,Precipitación,Training,0.0,1.8323515269479846,-1.8323515269479846
2023-07-29,Precipitación,Training,0.0,1.8315048321475247,-1.8315048321475247
2023-07-30,Precipitación,Training,0.0,1.8312671748646498,-1.8312671748646498
2023-07-31,Precipitación,Training,0.0,1.8312004672575255,-1.8312004672575255
2023-08-01,Precipitación,Training,0.0,1.8311817432159372,-1.8311817432159372
2023-08-02,Precipitación,Training,0.0,1.8311764875974479,-1.8311764875974479
2023-08-03,Precipitación,Training,0.0,1.8311750124070847,-1.8311750124070847
2023-08-04,Precipitación,Training,0.0,1.8311745983384815,-1.8311745983384815
2023-08-05,Precipitación,Training,0.0,1.8311744821142892,-1.8311744821142892
2023-08-06,Precipitación,Training,0.0,1.8311744494915239,-1.8311744494915239
2023-08-07,Precipitación,Training,0.0,1.831174440334697,-1.831174440334697
2023-08-08,Precipitación,Training,0.0,1.8311744377644834,-1.8311744377644834
2023-08-09,Precipitación,Training,0.0,1.8311744370430547,-1.8311744370430547
2023-08-10,Precipitación,Training,0.13,1.831174436840558,-1.701174436840558
2023-08-11,Precipitación,Training,0.0,1.860769156015965,-1.860769156015965
2023-08-12,Precipitación,Training,0.0,1.8394813267549934,-1.8394813267549934
2023-08-13,Precipitación,Training,0.0,1.833506083187043,-1.833506083187043
2023-08-14,Precipitación,Training,0.0,1.8318289025192238,-1.8318289025192238
2023-08-15,Precipitación,Training,0.0,1.8313581376105608,-1.8313581376105608
2023-08-16,Precipitación,Training,0.23,1.8312259994316031,-1.6012259994316032
2023-08-17,Precipitación,Training,1.4,1.8835487976696632,-0.4835487976696633
2023-08-18,Precipitación,Training,0.22,2.164587665497276,-1.944587665497276
2023-08-19,Precipitación,Training,0.11,1.974842983883957,-1.8648429838839569
2023-08-20,Precipitación,Training,0.06,1.8965421955156814,-1.8365421955156813
2023-08-21,Precipitación,Training,0.01,1.8631814998378091,-1.853181499837809
2023-08-22,Precipitación,Training,0.01,1.8424349601877545,-1.8324349601877545
2023-08-23,Precipitación,Training,0.0,1.8366116502541063,-1.8366116502541063
2023-08-24,Precipitación,Training,0.0,1.8327005987083853,-1.8327005987083853
2023-08-25,Precipitación,Training,0.0,1.8316028124895087,-1.8316028124895087
2023-08-26,Precipitación,Training,0.0,1.8312946767954972,-1.8312946767954972
2023-08-27,Precipitación,Training,0.0,1.8312081867264007,-1.8312081867264007
2023-08-28,Precipitación,Training,0.0,1.8311839099801563,-1.8311839099801563
2023-08-29,Precipitación,Training,0.0,1.8311770957827072,-1.8311770957827072
2023-08-30,Precipitación,Training,0.0,1.8311751831175416,-1.8311751831175416
2023-08-31,Precipitación,Training,0.0,1.831174646254901,-1.831174646254901
2023-09-01,Precipitación,Training,0.15,1.8311744955638654,-1.6811744955638654
2023-09-02,Precipitación,Training,6.27,1.8653222062269448,4.404677793773055
2023-09-03,Precipitación,Training,16.65,3.268135388196342,13.381864611803657
2023-09-04,Precipitación,Training,0.15,6.024913071910843,-5.874913071910843
2023-09-05,Precipitación,Training,0.0,3.042455353378071,-3.042455353378071
2023-09-06,Precipitación,Training,0.0,2.1711667590066046,-2.1711667590066046
2023-09-07,Precipitación,Training,0.99,1.9266062871274174,-0.9366062871274174
2023-09-08,Precipitación,Training,0.07,2.08333620549117,-2.01333620549117
2023-09-09,Precipitación,Training,0.0,1.917888900703891,-1.917888900703891
2023-09-10,Precipitación,Training,0.0,1.8555141680027032,-1.8555141680027032
2023-09-11,Precipitación,Training,0.6,1.8380063133592657,-1.2380063133592656
2023-09-12,Precipitación,Training,0.0,1.9696830760975723,-1.9696830760975723
2023-09-13,Precipitación,Training,0.0,1.8700521845183555,-1.8700521845183555
2023-09-14,Precipitación,Training,0.0,1.8420869637915374,-1.8420869637915374
2023-09-15,Precipitación,Training,0.0,1.8342374548901956,-1.8342374548901956
2023-09-16,Precipitación,Training,0.0,1.832034189963588,-1.832034189963588
2023-09-17,Precipitación,Training,0.0,1.8314157593843208,-1.8314157593843208
2023-09-18,Precipitación,Training,0.0,1.8312421731865132,-1.8312421731865132
2023-09-19,Precipitación,Training,0.01,1.8311934495802111,-1.8211934495802111
2023-09-20,Precipitación,Training,0.05,1.833456290300383,-1.783456290300383
2023-09-21,Precipitación,Training,29.16,1.8431975105610374,27.316802489438963
2023-09-22,Precipitación,Training,35.1,8.472872347799829,26.627127652200173
2023-09-23,Precipitación,Training,0.0,11.685995201379153,-11.685995201379153
2023-09-24,Precipitación,Training,0.0,4.597306843462328,-4.597306843462328
2023-09-25,Precipitación,Training,0.0,2.6075953046957308,-2.6075953046957308
2023-09-26,Precipitación,Training,0.34,2.049106652407966,-1.7091066524079659
2023-09-27,Precipitación,Training,0.0,1.9697470226367608,-1.9697470226367608
2023-09-28,Precipitación,Training,0.0,1.8700701335606134,-1.8700701335606134
2023-09-29,Precipitación,Training,0.0,1.84209200187682,-1.84209200187682
2023-09-30,Precipitación,Training,0.0,1.8342388690215432,-1.8342388690215432
2023-10-01,Precipitación,Training,0.0,1.832034586893643,-1.832034586893643
2023-10-02,Precipitación,Training,0.0,1.8314158707979238,-1.8314158707979238
2023-10-03,Precipitación,Training,1.66,1.8312422044590024,-0.1712422044590025
2023-10-04,Precipitación,Training,0.0,2.2090952577851617,-2.2090952577851617
2023-10-05,Precipitación,Training,0.0,1.9372523711217164,-1.9372523711217164
2023-10-06,Precipitación,Training,0.0,1.8609492666522134,-1.8609492666522134
2023-10-07,Precipitación,Training,0.0,1.8395318816945117,-1.8395318816945117
2023-10-08,Precipitación,Training,0.0,1.8335202733646079,-1.8335202733646079
2023-10-09,Precipitación,Training,0.0,1.8318328855353494,-1.8318328855353494
2023-10-10,Precipitación,Training,1.19,1.8313592555963916,-0.6413592555963916
2023-10-11,Precipitación,Training,5.92,2.1021318200553347,3.817868179944665
2023-10-12,Precipitación,Training,0.0,3.254926974337912,-3.254926974337912
2023-10-13,Precipitación,Training,0.0,2.2308050467318776,-2.2308050467318776
2023-10-14,Precipitación,Training,0.0,1.9433460538159522,-1.9433460538159522
2023-10-15,Precipitación,Training,0.0,1.8626596917912677,-1.8626596917912677
2023-10-16,Precipitación,Training,0.0,1.840011977935669,-1.840011977935669
2023-10-17,Precipitación,Training,0.0,1.833655030738965,-1.833655030738965
2023-10-18,Precipitación,Training,0.01,1.8318707103470993,-1.8218707103470992
2023-10-19,Precipitación,Training,0.46,1.833646389440674,-1.373646389440674
2023-10-20,Precipitación,Training,0.0,1.936588060581061,-1.936588060581061
2023-10-21,Precipitación,Training,17.22,1.8607628024882767,15.359237197511723
2023-10-22,Precipitación,Training,26.8,5.759641583234886,21.040358416765116
2023-10-23,Precipitación,Training,16.6,9.034914205728128,7.565085794271873
2023-10-24,Precipitación,Training,0.5,7.632197549169651,-7.132197549169651
2023-10-25,Precipitación,Training,0.0,3.573279312785153,-3.573279312785153
2023-10-26,Precipitación,Training,1.59,2.3201628078886896,-0.7301628078886895
2023-10-27,Precipitación,Training,8.36,2.330393908908747,6.029606091091253
2023-10-28,Precipitación,Training,1.25,3.874467575703088,-2.624467575703088
2023-10-29,Precipitación,Training,2.51,2.6892674227033915,-0.1792674227033917
2023-10-30,Precipitación,Training,7.04,2.6434367892553077,4.396563210744692
2023-10-31,Precipitación,Training,0.78,3.6618348083001013,-2.881834808300101
2023-11-01,Precipitación,Training,9.92,2.522587610455912,7.397412389544088
2023-11-02,Precipitación,Training,34.94,4.2835507204765815,30.656449279523414
2023-11-03,Precipitación,Training,0.01,10.473677570101009,-10.463677570101009
2023-11-04,Precipitación,Training,0.0,4.2593000444558795,-4.2593000444558795
2023-11-05,Precipitación,Training,0.0,2.5127207673754963,-2.5127207673754963
2023-11-06,Precipitación,Training,0.0,2.0224764844403773,-2.0224764844403773
2023-11-07,Precipitación,Training,0.48,1.8848706739830787,-1.4048706739830787
2023-11-08,Precipitación,Training,0.17,1.9555191491583088,-1.785519149158309
2023-11-09,Precipitación,Training,0.01,1.904777323323408,-1.894777323323408
2023-11-10,Precipitación,Training,10.22,1.8541104191408007,8.3658895808592
2023-11-11,Precipitación,Training,0.19,4.164212532573309,-3.974212532573309
2023-11-12,Precipitación,Training,1.41,2.5292846403668054,-1.1192846403668055
2023-11-13,Precipitación,Training,0.03,2.3481146468107226,-2.3181146468107228
2023-11-14,Precipitación,Training,0.02,1.9831030309077633,-1.9631030309077633
2023-11-15,Precipitación,Training,19.12,1.878372041893781,17.24162795810622
2023-11-16,Precipitación,Training,0.03,6.197122494012862,-6.167122494012862
2023-11-17,Precipitación,Training,12.81,3.063474312546653,9.746525687453348
2023-11-18,Precipitación,Training,0.21,5.093284636706667,-4.883284636706667
2023-11-19,Precipitación,Training,0.0,2.7946172982795847,-2.7946172982795847
2023-11-20,Precipitación,Training,0.0,2.1016015287303724,-2.1016015287303724
2023-11-21,Precipitación,Training,8.06,1.9070801442940981,6.152919855705902
2023-11-22,Precipitación,Training,0.4,3.6873528694671607,-3.2873528694671608
2023-11-23,Precipitación,Training,0.0,2.4432425895872045,-2.4432425895872045
2023-11-24,Precipitación,Training,0.0,2.0029747762176635,-2.0029747762176635
2023-11-25,Precipitación,Training,0.0,1.8793967736058592,-1.8793967736058592
2023-11-26,Precipitación,Training,0.0,1.844709880161062,-1.844709880161062
2023-11-27,Precipitación,Training,0.0,1.8349736766991054,-1.8349736766991054
2023-11-28,Precipitación,Training,0.07,1.8322408387756552,-1.7622408387756552
2023-11-29,Precipitación,Training,0.17,1.8474093813261327,-1.6774093813261328
2023-11-30,Precipitación,Training,0.0,1.874432181648669,-1.874432181648669
2023-12-01,Precipitación,Training,17.48,1.8433163775264798,15.636683622473521
2023-12-02,Precipitación,Training,2.63,5.813934015186467,-3.183934015186467
2023-12-03,Precipitación,Training,0.82,3.5478121931745896,-2.72781219317459
2023-12-04,Precipitación,Training,0.02,2.4996888694706354,-2.4796888694706354
2023-12-05,Precipitación,Training,3.23,2.023371617535166,1.2066283824648338
2023-12-06,Precipitación,Training,4.33,2.620436874404172,1.7095631255958281
2023-12-07,Precipitación,Training,0.01,3.038442932272765,-3.0284429322727653
2023-12-08,Precipitación,Training,0.0,2.1723170364073376,-2.1723170364073376
2023-12-09,Precipitación,Training,0.01,1.92692915647947,-1.91692915647947
2023-12-10,Precipitación,Training,0.0,1.8603281784511285,-1.8603281784511285
2023-12-11,Precipitación,Training,0.0,1.8393575495334835,-1.8393575495334835
2023-12-12,Precipitación,Training,13.63,1.8334713403751939,11.796528659624807
2023-12-13,Precipitación,Training,40.96,4.934711636277823,36.025288363722176
2023-12-14,Precipitación,Training,1.53,12.026913940972227,-10.496913940972227
2023-12-15,Precipitación,Training,3.16,5.041305808488421,-1.8813058084884204
2023-12-16,Precipitación,Training,9.9,3.4515999267710815,6.448400073228919
2023-12-17,Precipitación,Training,1.93,4.539760529195152,-2.6097605291951522
2023-12-18,Precipitación,Training,59.97,3.0308104851344284,56.93918951486557
2023-12-19,Precipitación,Training,0.03,15.820169814824458,-15.79016981482446
2023-12-20,Precipitación,Training,0.0,5.7645506366217365,-5.7645506366217365
2023-12-21,Precipitación,Training,0.02,2.93522692376799,-2.91522692376799
2023-12-22,Precipitación,Training,0.79,2.145622032344214,-1.3556220323442139
2023-12-23,Precipitación,Training,0.86,2.099281014729646,-1.239281014729646
2023-12-24,Precipitación,Training,5.64,2.1022092535828785,3.537790746417121
2023-12-25,Precipitación,Training,1.06,3.191206236826818,-2.131206236826818
2023-12-26,Precipitación,Training,0.0,2.4542301719381863,-2.4542301719381863
2023-12-27,Precipitación,Training,0.0,2.0060588614931127,-2.0060588614931127
2023-12-28,Precipitación,Training,0.39,1.880262440108499,-1.490262440108499
2023-12-29,Precipitación,Training,2.75,1.93373702027458,0.81626297972542
2023-12-30,Precipitación,Training,1.61,2.4860046865756225,-0.8760046865756224
2023-12-31,Precipitación,Training,0.16,2.3814968095477194,-2.221496809547719
2024-01-01,Precipitación,Training,0.0,2.022067731021254,-2.022067731021254
2024-01-02,Precipitación,Training,0.0,1.8847559417006767,-1.8847559417006767
2024-01-03,Precipitación,Training,0.0,1.8462141356816955,-1.8462141356816955
2024-01-04,Precipitación,Training,0.22,1.8353959035506096,-1.6153959035506096
2024-01-05,Precipitación,Training,4.06,1.8824427239006454,2.1775572760993542
2024-01-06,Precipitación,Training,1.57,2.7698306894143236,-1.1998306894143236
2024-01-07,Precipitación,Training,2.63,2.452057366484781,0.17794263351521877
2024-01-08,Precipitación,Training,0.01,2.604172915767071,-2.5941729157670714
2024-01-09,Precipitación,Training,0.26,2.050422544908537,-1.7904225449085371
2024-01-10,Precipitación,Training,4.57,1.9519042432894145,2.618095756710586
2024-01-11,Precipitación,Training,0.0,2.9054300818849685,-2.9054300818849685
2024-01-12,Precipitación,Training,1.43,2.1327053751755662,-0.7027053751755663
2024-01-13,Precipitación,Training,6.78,2.2413525401143226,4.538647459885677
2024-01-14,Precipitación,Training,11.03,3.4897850450932166,7.540214954906783
2024-01-15,Precipitación,Training,0.0,4.807725048914501,-4.807725048914501
2024-01-16,Precipitación,Training,59.67,2.6666572228130887,57.003342777186916
2024-01-17,Precipitación,Training,0.0,15.649660766519702,-15.649660766519702
2024-01-18,Precipitación,Training,0.0,5.709861199440478,-5.709861199440478
2024-01-19,Precipitación,Training,0.0,2.9198762412843022,-2.9198762412843022
2024-01-20,Precipitación,Training,0.0,2.1367602423944945,-2.1367602423944945
2024-01-21,Precipitación,Training,0.0,1.9169487821483162,-1.9169487821483162
2024-01-22,Precipitación,Training,0.0,1.8552502877693808,-1.8552502877693808
2024-01-23,Precipitación,Training,0.0,1.8379322452780376,-1.8379322452780376
2024-01-24,Precipitación,Training,0.0,1.8330712742162483,-1.8330712742162483
2024-01-25,Precipitación,Training,0.0,1.8317068567495882,-1.8317068567495882
2024-01-26,Precipitación,Training,0.0,1.8313238807969103,-1.8313238807969103
2024-01-27,Precipitación,Training,0.0,1.8312163839464866,-1.8312163839464866
2024-01-28,Precipitación,Training,0.0,1.8311862108435273,-1.8311862108435273
2024-01-29,Precipitación,Training,0.0,1.8311777416080233,-1.8311777416080233
2024-01-30,Precipitación,Training,0.0,1.8311753643931201,-1.8311753643931201
2024-01-31,Precipitación,Training,0.0,1.8311746971368263,-1.8311746971368263
2024-02-01,Precipitación,Training,0.0,1.831174509845824,-1.831174509845824
2024-02-02,Precipitación,Training,0.0,1.83117445727544,-1.83117445727544
2024-02-03,Precipitación,Training,0.0,1.831174442519551,-1.831174442519551
2024-02-04,Precipitación,Training,0.0,1.8311744383777464,-1.8311744383777464
2024-02-05,Precipitación,Training,0.0,1.8311744372151904,-1.8311744372151904
2024-02-06,Precipitación,Training,0.0,1.8311744368888747,-1.8311744368888747
2024-02-07,Precipitación,Training,0.0,1.8311744367972815,-1.8311744367972815
2024-02-08,Precipitación,Training,0.05,1.8311744367715723,-1.7811744367715723
2024-02-09,Precipitación,Training,41.05,1.8425570210844504,39.207442978915545
2024-02-10,Precipitación,Training,5.97,11.179471121247127,-5.209471121247128
2024-02-11,Precipitación,Training,0.0,5.81421205301855,-5.81421205301855
2024-02-12,Precipitación,Training,32.69,2.9491662998904964,29.7408337001095
2024-02-13,Precipitación,Training,0.0,9.586915246201013,-9.586915246201013
2024-02-14,Precipitación,Training,0.0,4.008119761631155,-4.008119761631155
2024-02-15,Precipitación,Training,0.0,2.442217413043542,-2.442217413043542
2024-02-16,Precipitación,Training,0.0,2.002687021206411,-2.002687021206411
2024-02-17,Precipitación,Training,0.0,1.8793160041549655,-1.8793160041549655
2024-02-18,Precipitación,Training,0.0,1.844687209125137,-1.844687209125137
2024-02-19,Precipitación,Training,0.0,1.8349673132056779,-1.8349673132056779
2024-02-20,Precipitación,Training,0.0,1.8322390526178134,-1.8322390526178134
2024-02-21,Precipitación,Training,0.0,1.8314732619244798,-1.8314732619244798
2024-02-22,Precipitación,Training,0.2,1.8312583134739522,-1.6312583134739522
2024-02-23,Precipitación,Training,19.44,1.876728317249644,17.563271682750358
2024-02-24,Precipitación,Training,0.04,6.269509659465582,-6.229509659465582
2024-02-25,Precipitación,Training,29.62,3.086069056293791,26.53393094370621
2024-02-26,Precipitación,Training,7.13,8.926451564231954,-1.7964515642319538
2024-02-27,Precipitación,Training,0.31,5.445891889777399,-5.135891889777399
2024-02-28,Precipitación,Training,0.0,2.916355180158617,-2.916355180158617
2024-02-29,Precipitación,Training,0.58,2.1357719219046176,-1.5557719219046175
2024-03-01,Precipitación,Training,0.07,2.0487093503114417,-1.9787093503114417
2024-03-02,Precipitación,Training,47.06,1.9081695492775643,45.151830450722436
2024-03-03,Precipitación,Training,0.0,12.566074422320401,-12.566074422320401
2024-03-04,Precipitación,Training,0.0,4.8443347409406865,-4.8443347409406865
2024-03-05,Precipitación,Training,0.0,2.676933133246341,-2.676933133246341
2024-03-06,Precipitación,Training,0.0,2.0685689662485918,-2.0685689662485918
2024-03-07,Precipitación,Training,0.0,1.8978082920971222,-1.8978082920971222
2024-03-08,Precipitación,Training,6.37,1.849877777089041,4.520122222910959
2024-03-09,Precipitación,Training,11.95,3.286565487030418,8.66343451296958
2024-03-10,Precipitación,Training,6.31,4.960123258033894,1.3498767419661055
2024-03-11,Precipitación,Training,4.78,4.145915750818764,0.6340842491812362
2024-03-12,Precipitación,Training,24.41,3.5690701892774634,20.840929810722535
2024-03-13,Precipitación,Training,20.55,7.8759590214420925,12.674040978557908
2024-03-14,Precipitación,Training,46.92,8.206116606514716,38.71388339348529
2024-03-15,Precipitación,Training,54.38,14.301962932119979,40.078037067880025
2024-03-16,Precipitación,Training,24.28,17.71127695763788,6.5687230423621195
2024-03-17,Precipitación,Training,0.21,11.815915588690586,-11.605915588690586
2024-03-18,Precipitación,Training,12.34,4.681580823921549,7.658419176078451
2024-03-19,Precipitación,Training,4.59,5.4404718310951035,-0.8504718310951036
2024-03-20,Precipitación,Training,6.41,3.889183051165537,2.520816948834463
2024-03-21,Precipitación,Training,3.11,3.8680805856108367,-0.7580805856108368
2024-03-22,Precipitación,Training,0.0,3.11090680633122,-3.11090680633122
2024-03-23,Precipitación,Training,0.0,2.190380277630837,-2.190380277630837
2024-03-24,Precipitación,Training,0.0,1.9319992960702141,-1.9319992960702141
2024-03-25,Precipitación,Training,0.0,1.8594747902023765,-1.8594747902023765
2024-03-26,Precipitación,Training,0.0,1.8391180134783127,-1.8391180134783127
2024-03-27,Precipitación,Training,0.16,1.8334041054187593,-1.6734041054187594
2024-03-28,Precipitación,Training,0.01,1.8682245483820807,-1.8582245483820807
2024-03-29,Precipitación,Training,0.0,1.843850484664563,-1.843850484664563
2024-03-30,Precipitación,Training,0.01,1.8347324544800698,-1.8247324544800698
2024-03-31,Precipitación,Training,14.94,1.8344496473968528,13.105550352603146
2024-04-01,Precipitación,Training,1.98,5.23320994475138,-3.25320994475138
2024-04-02,Precipitación,Training,0.62,3.2368361732301634,-2.6168361732301633
2024-04-03,Precipitación,Training,17.15,2.3668712169745882,14.783128783025411
2024-04-04,Precipitación,Training,0.19,5.8857646509865935,-5.695764650986593
2024-04-05,Precipitación,Training,0.0,3.012504093902159,-3.012504093902159
2024-04-06,Precipitación,Training,1.59,2.1627597923618853,-0.5727597923618852
2024-04-07,Precipitación,Training,0.16,2.2862127317406795,-2.1262127317406794
2024-04-08,Precipitación,Training,0.0,1.9953226098506125,-1.9953226098506125
2024-04-09,Precipitación,Training,0.0,1.8772489004100967,-1.8772489004100967
2024-04-10,Precipitación,Training,0.01,1.8441069973898587,-1.8341069973898587
2024-04-11,Precipitación,Training,0.0,1.8370809714523726,-1.8370809714523726
2024-04-12,Precipitación,Training,7.78,1.8328323316547963,5.9471676683452035
2024-04-13,Precipitación,Training,23.29,3.602769908586537,19.68723009141346
2024-04-14,Precipitación,Training,25.22,7.630448247952111,17.58955175204789
2024-04-15,Precipitación,Training,62.53,9.20033799234012,53.32966200765988
2024-04-16,Precipitación,Training,0.22,18.13467201898582,-17.914672018985822
2024-04-17,Precipitación,Training,0.01,6.457458033214481,-6.447458033214481
2024-04-18,Precipitación,Training,0.0,3.131994406052651,-3.131994406052651
2024-04-19,Precipitación,Training,0.0,2.196299319119488,-2.196299319119488
2024-04-20,Precipitación,Training,0.0,1.9336607014746785,-1.9336607014746785
2024-04-21,Precipitación,Training,2.67,1.8599411271799557,0.8100588728200442
2024-04-22,Precipitación,Training,0.59,2.4470789114820723,-1.8570789114820725
2024-04-23,Precipitación,Training,0.05,2.138366081678639,-2.088366081678639
2024-04-24,Precipitación,Training,0.0,1.9287821066888489,-1.9287821066888489
2024-04-25,Precipitación,Training,2.41,1.8585717629410143,0.5514282370589858
2024-04-26,Precipitación,Training,0.38,2.387505108564044,-2.007505108564044
2024-04-27,Precipitación,Training,0.07,2.0738375609734856,-2.0038375609734858
2024-04-28,Precipitación,Training,0.0,1.9152227427850752,-1.9152227427850752
2024-04-29,Precipitación,Training,1.05,1.854765808798942,-0.804765808798942
2024-04-30,Precipitación,Training,0.72,2.0768305284450426,-1.3568305284450426
2024-05-01,Precipitación,Training,0.59,2.0640364297519094,-1.4740364297519095
2024-05-02,Precipitación,Training,0.08,2.030850557331301,-1.950850557331301
2024-05-03,Precipitación,Training,0.01,1.9054333127707364,-1.8954333127707363
2024-05-04,Precipitación,Training,0.25,1.854294547671603,-1.604294547671603
2024-05-05,Precipitación,Training,0.31,1.8945769018618241,-1.584576901861824
2024-05-06,Precipitación,Training,1.55,1.919542786599407,-0.369542786599407
2024-05-07,Precipitación,Training,2.03,2.208838508265388,-0.17883850826538827
2024-05-08,Precipitación,Training,2.58,2.399313227943832,0.180686772056168
2024-05-09,Precipitación,Training,0.0,2.5779856714367755,-2.5779856714367755
2024-05-10,Precipitación,Training,0.0,2.040795576228662,-2.040795576228662
2024-05-11,Precipitación,Training,0.12,1.890012627821431,-1.7700126278214312
2024-05-12,Precipitación,Training,0.48,1.8750078280844722,-1.3950078280844722
2024-05-13,Precipitación,Training,0.0,1.9527507641907826,-1.9527507641907826
2024-05-14,Precipitación,Training,0.0,1.8652994834997942,-1.8652994834997942
2024-05-15,Precipitación,Training,0.0,1.8407529364539723,-1.8407529364539723
2024-05-16,Precipitación,Training,0.0,1.8338630090897086,-1.8338630090897086
2024-05-17,Precipitación,Training,0.0,1.8319290874266652,-1.8319290874266652
2024-05-18,Precipitación,Training,0.0,1.831386258337031,-1.831386258337031
2024-05-19,Precipitación,Training,0.0,1.8312338925891396,-1.8312338925891396
2024-05-20,Precipitación,Training,0.0,1.8311911253138153,-1.8311911253138153
2024-05-21,Precipitación,Training,0.0,1.8311791210420942,-1.8311791210420942
2024-05-22,Precipitación,Training,0.01,1.8311757515840572,-1.8211757515840572
2024-05-23,Precipitación,Training,2.13,1.833451322680792,0.29654867731920787
2024-05-24,Precipitación,Training,0.89,2.3167116239245034,-1.4267116239245032
2024-05-25,Precipitación,Training,0.0,2.170069021635813,-2.170069021635813
2024-05-26,Precipitación,Training,0.0,1.9262981651444897,-1.9262981651444897
2024-05-27,Precipitación,Training,0.01,1.8578745497327467,-1.8478745497327467
2024-05-28,Precipitación,Training,0.01,1.8409453616433484,-1.8309453616433484
2024-05-29,Precipitación,Training,0.01,1.836193537443628,-1.826193537443628
2024-05-30,Precipitación,Training,0.0,1.83485975621881,-1.83485975621881
2024-05-31,Precipitación,Training,0.0,1.8322088626352608,-1.8322088626352608
2024-06-01,Precipitación,Training,0.0,1.831464787951072,-1.831464787951072
2024-06-02,Precipitación,Training,0.06,1.8312559349291753,-1.7712559349291752
2024-06-03,Precipitación,Training,0.0,1.8448564135238061,-1.8448564135238061
2024-06-04,Precipitación,Training,0.0,1.8350148068924423,-1.8350148068924423
2024-06-05,Precipitación,Training,0.0,1.8322523835376963,-1.8322523835376963
2024-06-06,Precipitación,Training,0.0,1.831477003757069,-1.831477003757069
2024-06-07,Precipitación,Training,0.0,1.8312593637623982,-1.8312593637623982
2024-06-08,Precipitación,Training,0.0,1.831198274772894,-1.831198274772894
2024-06-09,Precipitación,Training,0.0,1.8311811278112602,-1.8311811278112602
2024-06-10,Precipitación,Training,0.0,1.8311763148605853,-1.8311763148605853
2024-06-11,Precipitación,Training,0.0,1.8311749639218768,-1.8311749639218768
2024-06-12,Precipitación,Training,0.0,1.8311745847292533,-1.8311745847292533
2024-06-13,Precipitación,Training,0.0,1.831174478294339,-1.831174478294339
2024-06-14,Precipitación,Training,0.76,1.831174448419309,-1.071174448419309
2024-06-15,Precipitación,Training,0.0,2.004189721699172,-2.004189721699172
2024-06-16,Precipitación,Training,0.0,1.8797377945284155,-1.8797377945284155
2024-06-17,Precipitación,Training,0.0,1.8448056007274505,-1.8448056007274505
2024-06-18,Precipitación,Training,0.0,1.8350005443374928,-1.8350005443374928
2024-06-19,Precipitación,Training,0.0,1.8322483802060892,-1.8322483802060892
2024-06-20,Precipitación,Training,0.04,1.831475880068921,-1.791475880068921
2024-06-21,Precipitación,Training,0.19,1.8403651158124124,-1.6503651158124124
2024-06-22,Precipitación,Training,0.48,1.8770079728083928,-1.3970079728083928
2024-06-23,Precipitación,Training,0.22,1.9533121813155663,-1.7333121813155663
2024-06-24,Precipitación,Training,0.0,1.9155404376991807,-1.9155404376991807
2024-06-25,Precipitación,Training,0.05,1.8548549820288098,-1.8048549820288098
2024-06-26,Precipitación,Training,0.0,1.8492038719211061,-1.8492038719211061
2024-06-27,Precipitación,Training,0.0,1.8362350873873177,-1.8362350873873177
2024-06-28,Precipitación,Training,0.0,1.8325949019358245,-1.8325949019358245
2024-06-29,Precipitación,Training,0.0,1.831573144647257,-1.831573144647257
2024-06-30,Precipitación,Training,0.0,1.8312863493807376,-1.8312863493807376
2024-07-01,Precipitación,Training,0.0,1.8312058493189145,-1.8312058493189145
2024-07-02,Precipitación,Training,0.0,1.8311832538973367,-1.8311832538973367
2024-07-03,Precipitación,Training,0.0,1.831176911627968,-1.831176911627968
2024-07-04,Precipitación,Training,0.0,1.8311751314274698,-1.8311751314274698
2024-07-05,Precipitación,Training,0.0,1.8311746317461053,-1.8311746317461053
2024-07-06,Precipitación,Training,0.0,1.8311744914914168,-1.8311744914914168
2024-07-07,Precipitación,Training,0.0,1.8311744521235735,-1.8311744521235735
2024-07-08,Precipitación,Training,0.0,1.8311744410734825,-1.8311744410734825
2024-07-09,Precipitación,Training,0.0,1.831174437971852,-1.831174437971852
2024-07-10,Precipitación,Training,0.0,1.8311744371012604,-1.8311744371012604
2024-07-11,Precipitación,Training,0.0,1.8311744368568958,-1.8311744368568958
2024-07-12,Precipitación,Training,0.0,1.8311744367883054,-1.8311744367883054
2024-07-13,Precipitación,Training,0.0,1.8311744367690528,-1.8311744367690528
2024-07-14,Precipitación,Training,0.0,1.8311744367636489,-1.8311744367636489
2024-07-15,Precipitación,Training,0.0,1.831174436762132,-1.831174436762132
2024-07-16,Precipitación,Training,0.0,1.8311744367617064,-1.8311744367617064
2024-07-17,Precipitación,Training,0.0,1.831174436761587,-1.831174436761587
2024-07-18,Precipitación,Training,0.01,1.8311744367615534,-1.8211744367615534
2024-07-19,Precipitación,Training,1.45,1.833450953625563,-0.38345095362556303
2024-07-20,Precipitación,Training,2.4,2.1619083735817544,0.23809162641824555
2024-07-21,Precipitación,Training,0.17,2.470371614477739,-2.300371614477739
2024-07-22,Precipitación,Training,0.0,2.0492903614603457,-2.0492903614603457
2024-07-23,Precipitación,Training,0.03,1.892397014232769,-1.862397014232769
2024-07-24,Precipitación,Training,0.09,1.8551884455603807,-1.7651884455603806
2024-07-25,Precipitación,Training,0.0,1.8584035386727102,-1.8584035386727102
2024-07-26,Precipitación,Training,0.0,1.838817325759813,-1.838817325759813
2024-07-27,Precipitación,Training,0.0,1.8333197059088844,-1.8333197059088844
2024-07-28,Precipitación,Training,0.0,1.8317765886069468,-1.8317765886069468
2024-07-29,Precipitación,Training,0.0,1.8313434537100082,-1.8313434537100082
2024-07-30,Precipitación,Training,0.0,1.8312218778332356,-1.8312218778332356
2024-07-31,Precipitación,Training,0.01,1.8311877529129914,-1.8211877529129914
2024-08-01,Precipitación,Training,0.03,1.8334546913128231,-1.803454691312823
2024-08-02,Precipitación,Training,2.86,1.8386440280159777,1.0213559719840222
2024-08-03,Precipitación,Training,9.47,2.4843548863776164,6.985645113622384
2024-08-04,Precipitación,Training,0.0,4.170375985134067,-4.170375985134067
2024-08-05,Precipitación,Training,0.0,2.487760828671325,-2.487760828671325
2024-08-06,Precipitación,Training,0.28,2.0154705228944545,-1.7354705228944545
2024-08-07,Precipitación,Training,0.05,1.9466466550810293,-1.8966466550810293
2024-08-08,Precipitación,Training,0.95,1.874968716108496,-0.9249687161084961
2024-08-09,Precipitación,Training,0.0,2.0597360785275294,-2.0597360785275294
2024-08-10,Precipitación,Training,0.0,1.895329004289301,-1.895329004289301
2024-08-11,Precipitación,Training,0.0,1.8491818701299438,-1.8491818701299438
2024-08-12,Precipitación,Training,0.0,1.8362289117430322,-1.8362289117430322
2024-08-13,Precipitación,Training,0.0,1.8325931685050296,-1.8325931685050296
2024-08-14,Precipitación,Training,0.0,1.8315726580935985,-1.8315726580935985
2024-08-15,Precipitación,Training,0.0,1.831286212810842,-1.831286212810842
2024-08-16,Precipitación,Training,0.0,1.8312058109853493,-1.8312058109853493
2024-08-17,Precipitación,Training,0.0,1.8311832431375552,-1.8311832431375552
2024-08-18,Precipitación,Training,0.02,1.8311769086078236,-1.8111769086078235
2024-08-19,Precipitación,Training,0.05,1.8357281643077887,-1.7857281643077887
2024-08-20,Precipitación,Training,1.04,1.843835198903213,-0.8038351989032129
2024-08-21,Precipitación,Training,0.98,2.0714859178044085,-1.0914859178044085
2024-08-22,Precipitación,Training,0.02,2.121725698802123,-2.101725698802123
2024-08-23,Precipitación,Training,0.0,1.9172817961272248,-1.9172817961272248
2024-08-24,Precipitación,Training,0.49,1.855343760880759,-1.365343760880759
2024-08-25,Precipitación,Training,0.0,1.9495078084191322,-1.9495078084191322
2024-08-26,Precipitación,Training,0.0,1.8643892239154023,-1.8643892239154023
2024-08-27,Precipitación,Training,0.0,1.8404974372830551,-1.8404974372830551
2024-08-28,Precipitación,Training,0.0,1.8337912934742309,-1.8337912934742309
2024-08-29,Precipitación,Training,0.0,1.83190895769597,-1.83190895769597
2024-08-30,Precipitación,Training,19.76,1.831380608158124,17.928619391841877
2024-08-31,Precipitación,Training,1.92,6.329629629951563,-4.409629629951563
2024-09-01,Precipitación,Training,0.33,3.530929196109626,-3.200929196109626
2024-09-02,Precipitación,Training,0.0,2.3834006842118622,-2.3834006842118622
2024-09-03,Precipitación,Training,0.0,1.9861778564470098,-1.9861778564470098
2024-09-04,Precipitación,Training,0.0,1.8746820755692215,-1.8746820755692215
2024-09-05,Precipitación,Training,0.0,1.8433865198140351,-1.8433865198140351
2024-09-06,Precipitación,Training,0.0,1.8346022249975384,-1.8346022249975384
2024-09-07,Precipitación,Training,0.0,1.8321365766471225,-1.8321365766471225
2024-09-08,Precipitación,Training,0.0,1.8314444981234723,-1.8314444981234723
2024-09-09,Precipitación,Training,0.0,1.8312502398129484,-1.8312502398129484
2024-09-10,Precipitación,Training,0.04,1.8311957137874786,-1.7911957137874785
2024-09-11,Precipitación,Training,0.0,1.840286476428818,-1.840286476428818
2024-09-12,Precipitación,Training,0.0,1.833732079240975,-1.833732079240975
2024-09-13,Precipitación,Training,0.0,1.831892336956389,-1.831892336956389
2024-09-14,Precipitación,Training,0.0,1.831375942911797,-1.831375942911797
2024-09-15,Precipitación,Training,0.0,1.8312309971704699,-1.8312309971704699
2024-09-16,Precipitación,Training,0.0,1.831190312603812,-1.831190312603812
2024-09-17,Precipitación,Training,0.0,1.8311788929239445,-1.8311788929239445
2024-09-18,Precipitación,Training,0.0,1.8311756875539729,-1.8311756875539729
2024-09-19,Precipitación,Training,0.45,1.8311747878442808,-1.3811747878442808
2024-09-20,Precipitación,Training,0.01,1.9336177941871893,-1.9236177941871893
2024-09-21,Precipitación,Training,0.0,1.8622056004724836,-1.8622056004724836
2024-09-22,Precipitación,Training,0.0,1.8398845198374967,-1.8398845198374967
2024-09-23,Precipitación,Training,0.72,1.8336192547482826,-1.1136192547482826
2024-09-24,Precipitación,Training,0.0,1.9957698826561958,-1.9957698826561958
2024-09-25,Precipitación,Training,0.0,1.8773744446317229,-1.8773744446317229
2024-09-26,Precipitación,Training,0.0,1.8441422361778803,-1.8441422361778803
2024-09-27,Precipitación,Training,0.0,1.8348143457021395,-1.8348143457021395
2024-09-28,Precipitación,Training,0.0,1.8321961164367488,-1.8321961164367488
2024-09-29,Precipitación,Training,0.0,1.8314612102429018,-1.8314612102429018
2024-09-30,Precipitación,Training,0.33,1.8312549307085257,-1.5012549307085257
2024-10-01,Precipitación,Training,0.03,1.9063220869793773,-1.8763220869793773
2024-10-02,Precipitación,Training,0.0,1.859097049878011,-1.859097049878011
2024-10-03,Precipitación,Training,0.0,1.839011986207244,-1.839011986207244
2024-10-04,Precipitación,Training,0.0,1.8333743448094593,-1.8333743448094593
2024-10-05,Precipitación,Training,0.0,1.8317919251043988,-1.8317919251043988
2024-10-06,Precipitación,Training,0.0,1.8313477584846583,-1.8313477584846583
2024-10-07,Precipitación,Training,4.62,1.831223086132904,2.788776913867096
2024-10-08,Precipitación,Training,0.01,2.882938883245224,-2.872938883245224
2024-10-09,Precipitación,Training,0.45,2.128668876825111,-1.678668876825111
2024-10-10,Precipitación,Training,0.08,2.0171208897773534,-1.9371208897773533
2024-10-11,Precipitación,Training,0.0,1.901579556394917,-1.901579556394917
2024-10-12,Precipitación,Training,16.62,1.8509363266697516,14.76906367333025
2024-10-13,Precipitación,Training,14.63,5.620292395080407,9.009707604919594
2024-10-14,Precipitación,Training,4.32,6.225279502282433,-1.9052795022824327
2024-10-15,Precipitación,Training,1.6,4.048003388622068,-2.4480033886220682
2024-10-16,Precipitación,Training,0.0,2.8176549767997328,-2.8176549767997328
2024-10-17,Precipitación,Training,12.38,2.1080679344268143,10.271932065573186
2024-10-18,Precipitación,Training,0.09,4.727223066056181,-4.6372230660561815
2024-10-19,Precipitación,Training,0.0,2.6645499137994313,-2.6645499137994313
2024-10-20,Precipitación,Training,0.0,2.0650931420373215,-2.0650931420373215
2024-10-21,Precipitación,Training,0.0,1.8968326690776443,-1.8968326690776443
2024-10-22,Precipitación,Training,14.12,1.8496039311698347,12.270396068830165
2024-10-23,Precipitación,Training,63.65,5.05078919131286,58.59921080868714
2024-10-24,Precipitación,Training,7.28,17.22491231136197,-9.944912311361968
2024-10-25,Precipitación,Training,1.1,7.809320077830552,-6.709320077830553
2024-10-26,Precipitación,Training,0.0,3.75958653745126,-3.75958653745126
2024-10-27,Precipitación,Training,0.0,2.3724570569735333,-2.3724570569735333
2024-10-28,Precipitación,Training,0.0,1.9831061088552646,-1.9831061088552646
2024-10-29,Precipitación,Training,0.0,1.8738198721094448,-1.8738198721094448
2024-10-30,Precipitación,Training,0.0,1.8431445094326975,-1.8431445094326975
2024-10-31,Precipitación,Training,0.0,1.8345342955268191,-1.8345342955268191
2024-11-01,Precipitación,Training,0.46,1.8321175096427786,-1.3721175096427787
2024-11-02,Precipitación,Training,0.59,1.9361589219842341,-1.3461589219842343
2024-11-03,Precipitación,Training,0.52,1.9949568433031064,-1.4749568433031064
2024-11-04,Precipitación,Training,12.33,1.9955251109664958,10.334474889033505
2024-11-05,Precipitación,Training,0.08,4.684251033429438,-4.6042510334294375
2024-11-06,Precipitación,Training,3.35,2.650211652245199,0.6997883477548013
2024-11-07,Precipitación,Training,1.06,2.8237017099221644,-1.7637017099221644
2024-11-08,Precipitación,Training,0.0,2.351075968958661,-2.351075968958661
2024-11-09,Precipitación,Training,0.0,1.977104688650769,-1.977104688650769
2024-11-10,Precipitación,Training,1.62,1.8721353439672908,-0.25213534396729065
2024-11-11,Precipitación,Training,4.95,2.2114674141453667,2.7385325858546334
2024-11-12,Precipitación,Training,0.0,3.064794055231463,-3.064794055231463
2024-11-13,Precipitación,Training,0.0,2.177436970164797,-2.177436970164797
2024-11-14,Precipitación,Training,0.0,1.928366261732314,-1.928366261732314
2024-11-15,Precipitación,Training,0.0,1.8584550401473776,-1.8584550401473776
2024-11-16,Precipitación,Training,0.0,1.8388317816186737,-1.8388317816186737
2024-11-17,Precipitación,Training,2.81,1.833323763498628,0.9766762365013721
2024-11-18,Precipitación,Training,0.0,2.471478966314015,-2.471478966314015
2024-11-19,Precipitación,Training,0.07,2.0109003954224565,-1.9409003954224564
2024-11-20,Precipitación,Training,0.73,1.897557019848576,-1.167557019848576
2024-11-21,Precipitación,Training,0.02,2.015992978994388,-1.995992978994388
2024-11-22,Precipitación,Training,0.0,1.887603863905579,-1.887603863905579
2024-11-23,Precipitación,Training,0.0,1.8470135139850563,-1.8470135139850563
2024-11-24,Precipitación,Training,8.09,1.835620279648659,6.254379720351341
2024-11-25,Precipitación,Training,8.22,3.674124475618066,4.545875524381934
2024-11-26,Precipitación,Training,0.57,4.219765722513738,-3.6497657225137385
2024-11-27,Precipitación,Training,16.82,2.631385408934686,14.188614591065313
2024-11-28,Precipitación,Training,0.17,5.884885620443324,-5.714885620443324
2024-11-29,Precipitación,Training,1.62,3.007704326628145,-1.3877043266281448
2024-11-30,Precipitación,Training,1.11,2.53020828605044,-1.4202082860504397
2024-12-01,Precipitación,Training,3.17,2.2800783973818612,0.8899216026181387
2024-12-02,Precipitación,Training,0.0,2.6788323503365916,-2.6788323503365916
2024-12-03,Precipitación,Training,0.0,2.0691020541723786,-2.0691020541723786
2024-12-04,Precipitación,Training,0.0,1.8979579236142068,-1.8979579236142068
2024-12-05,Precipitación,Training,0.17,1.8499197768979019,-1.679919776897902
2024-12-06,Precipitación,Training,69.43,1.8751368201916288,67.55486317980838
2024-12-07,Precipitación,Training,0.02,17.64937074816978,-17.62937074816978
2024-12-08,Precipitación,Training,0.0,6.275709330904366,-6.275709330904366
2024-12-09,Precipitación,Training,0.0,3.0787031637721287,-3.0787031637721287
2024-12-10,Precipitación,Training,0.0,2.181341093517379,-2.181341093517379
2024-12-11,Precipitación,Training,0.0,1.9294621032887742,-1.9294621032887742
2024-12-12,Precipitación,Training,2.27,1.8587626299974962,0.4112373700025038
2024-12-13,Precipitación,Training,2.3,2.3556874466080826,-0.05568744660808278
2024-12-14,Precipitación,Training,5.41,2.5019979549721527,2.9080020450278474
2024-12-15,Precipitación,Training,0.5,3.2510623404127132,-2.7510623404127132
2024-12-16,Precipitación,Training,0.0,2.3435461325946747,-2.3435461325946747
2024-12-17,Precipitación,Training,0.0,1.9749911520496408,-1.9749911520496408
2024-12-18,Precipitación,Training,2.95,1.871542099074789,1.078457900925211
2024-12-19,Precipitación,Training,0.48,2.5140776401884417,-2.0340776401884417
2024-12-20,Precipitación,Training,0.37,2.1321301521703027,-1.7621301521703026
2024-12-21,Precipitación,Training,28.19,1.9998802941889036,26.1901197058111
2024-12-22,Precipitación,Training,0.0,8.296029228525871,-8.296029228525871
2024-12-23,Precipitación,Training,0.5,3.645783222780194,-3.145783222780194
2024-12-24,Precipitación,Training,4.71,2.454339646794178,2.255660353205822
2024-12-25,Precipitación,Training,0.0,3.078329032751877,-3.078329032751877
2024-12-26,Precipitación,Training,0.0,2.1812360793355703,-2.1812360793355703
2024-12-27,Precipitación,Training,0.0,1.929432627041727,-1.929432627041727
2024-12-28,Precipitación,Training,0.0,1.8587543563612594,-1.8587543563612594
2024-12-29,Precipitación,Training,0.0,1.8389157961633158,-1.8389157961633158
2024-12-30,Precipitación,Training,0.0,1.8333473453942424,-1.8333473453942424
2024-12-31,Precipitación,Training,0.24,1.8317843466857568,-1.5917843466857569
2025-01-01,Precipitación,Testing,0.07,1.8859820360480348,-1.8159820360480348
2025-01-02,Precipitación,Testing,0.0,2.2759052769899073,-2.2759052769899073
2025-01-03,Precipitación,Testing,0.0,2.4741188329752872,-2.4741188329752872
2025-01-04,Precipitación,Testing,0.0,2.574878699664604,-2.574878699664604
2025-01-05,Precipitación,Testing,0.0,2.6260989640142216,-2.6260989640142216
2025-01-06,Precipitación,Testing,0.0,2.6521362699996898,-2.6521362699996898
2025-01-07,Precipitación,Testing,0.0,2.665372072500696,-2.665372072500696
2025-01-08,Precipitación,Testing,0.0,2.6721003595186934,-2.6721003595186934
2025-01-09,Precipitación,Testing,0.0,2.6755206165218564,-2.6755206165218564
2025-01-10,Precipitación,Testing,0.0,2.677259269753563,-2.677259269753563
2025-01-11,Precipitación,Testing,0.0,2.678143096628949,-2.678143096628949
2025-01-12,Precipitación,Testing,0.0,2.678592381127668,-2.678592381127668
2025-01-13,Precipitación,Testing,0.0,2.6788207703817304,-2.6788207703817304
2025-01-14,Precipitación,Testing,0.0,2.678936869760898,-2.678936869760898
2025-01-15,Precipitación,Testing,0.0,2.6789958877120648,-2.6789958877120648
2025-01-16,Precipitación,Testing,0.04,2.6790258888936807,-2.6390258888936806
2025-01-17,Precipitación,Testing,1.56,2.6790411396924725,-1.1190411396924724
2025-01-18,Precipitación,Testing,4.02,2.6790488922825793,1.3409511077174203
2025-01-19,Precipitación,Testing,7.67,2.679052833233751,4.990947166766249
2025-01-20,Precipitación,Testing,0.07,2.679054836576624,-2.609054836576624
2025-01-21,Precipitación,Testing,0.0,2.6790558549558146,-2.6790558549558146
2025-01-22,Precipitación,Testing,0.0,2.679056372638629,-2.679056372638629
2025-01-23,Precipitación,Testing,0.31,2.6790566357974788,-2.3690566357974787
2025-01-24,Precipitación,Testing,19.54,2.679056769571632,16.86094323042837
2025-01-25,Precipitación,Testing,0.91,2.679056837574376,-1.769056837574376
2025-01-26,Precipitación,Testing,2.22,2.679056872142887,-0.4590568721428867
2025-01-27,Precipitación,Testing,1.5,2.679056889715442,-1.1790568897154419
2025-01-28,Precipitación,Testing,3.21,2.6790568986482732,0.5309431013517267
2025-01-29,Precipitación,Testing,0.0,2.6790569031891884,-2.6790569031891884
2025-01-30,Precipitación,Testing,0.0,2.679056905497517,-2.679056905497517
2025-01-31,Precipitación,Testing,0.0,2.679056906670932,-2.679056906670932
2025-02-01,Precipitación,Testing,0.0,2.679056907267426,-2.679056907267426
2025-02-02,Precipitación,Testing,0.0,2.679056907570648,-2.679056907570648
2025-02-03,Precipitación,Testing,0.0,2.679056907724788,-2.679056907724788
2025-02-04,Precipitación,Testing,9.34,2.679056907803143,6.660943092196857
2025-02-05,Precipitación,Testing,65.53,2.6790569078429742,62.850943092157024
2025-02-06,Precipitación,Testing,1.23,2.679056907863222,-1.449056907863222
2025-02-07,Precipitación,Testing,0.0,2.6790569078735147,-2.6790569078735147
2025-02-08,Precipitación,Testing,0.0,2.679056907878747,-2.679056907878747
2025-02-09,Precipitación,Testing,0.91,2.6790569078814066,-1.7690569078814065
2025-02-10,Precipitación,Testing,0.0,2.6790569078827584,-2.6790569078827584
2025-02-11,Precipitación,Testing,5.81,2.679056907883446,3.1309430921165537
2025-02-12,Precipitación,Testing,23.81,2.6790569078837954,21.130943092116205
2025-02-13,Precipitación,Testing,0.0,2.679056907883973,-2.679056907883973
2025-02-14,Precipitación,Testing,0.09,2.679056907884063,-2.5890569078840633
2025-02-15,Precipitación,Testing,13.16,2.6790569078841093,10.48094309211589
2025-02-16,Precipitación,Testing,15.91,2.6790569078841324,13.230943092115869
2025-02-17,Precipitación,Testing,0.02,2.6790569078841444,-2.6590569078841444
2025-02-18,Precipitación,Testing,0.0,2.67905690788415,-2.67905690788415
2025-02-19,Precipitación,Testing,0.0,2.6790569078841533,-2.6790569078841533
2025-02-20,Precipitación,Testing,0.0,2.6790569078841546,-2.6790569078841546
2025-02-21,Precipitación,Testing,2.13,2.6790569078841555,-0.5490569078841556
2025-02-22,Precipitación,Testing,1.09,2.6790569078841564,-1.5890569078841563
2025-02-23,Precipitación,Testing,1.87,2.6790569078841564,-0.8090569078841563
2025-02-24,Precipitación,Testing,37.34,2.6790569078841564,34.66094309211584
2025-02-25,Precipitación,Testing,36.0,2.6790569078841564,33.32094309211584
2025-02-26,Precipitación,Testing,4.94,2.6790569078841564,2.260943092115844
2025-02-27,Precipitación,Testing,3.81,2.6790569078841564,1.1309430921158437
2025-02-28,Precipitación,Testing,22.68,2.6790569078841564,20.000943092115843
2025-03-01,Precipitación,Testing,7.25,2.6790569078841564,4.570943092115844
2025-03-02,Precipitación,Testing,2.59,2.6790569078841564,-0.08905690788415654
2025-03-03,Precipitación,Testing,20.81,2.6790569078841564,18.130943092115842
2025-03-04,Precipitación,Testing,0.17,2.6790569078841564,-2.5090569078841565
2025-03-05,Precipitación,Testing,0.06,2.6790569078841564,-2.6190569078841563
2025-03-06,Precipitación,Testing,0.2,2.6790569078841564,-2.4790569078841562
2025-03-07,Precipitación,Testing,1.77,2.6790569078841564,-0.9090569078841564
2025-03-08,Precipitación,Testing,29.78,2.6790569078841564,27.100943092115845
2025-03-09,Precipitación,Testing,0.17,2.6790569078841564,-2.5090569078841565
2025-03-10,Precipitación,Testing,0.0,2.6790569078841564,-2.6790569078841564
2025-03-11,Precipitación,Testing,1.05,2.6790569078841564,-1.6290569078841564
2025-03-12,Precipitación,Testing,3.4,2.6790569078841564,0.7209430921158435
2025-03-13,Precipitación,Testing,0.0,2.6790569078841564,-2.6790569078841564
2025-03-14,Precipitación,Testing,0.0,2.6790569078841564,-2.6790569078841564
2025-03-15,Precipitación,Testing,0.01,2.6790569078841564,-2.6690569078841566
2025-03-16,Precipitación,Testing,0.96,2.6790569078841564,-1.7190569078841564
2025-03-17,Precipitación,Testing,0.27,2.6790569078841564,-2.4090569078841564
2025-03-18,Precipitación,Testing,0.0,2.6790569078841564,-2.6790569078841564
2025-03-19,Precipitación,Testing,0.0,2.6790569078841564,-2.6790569078841564
2025-03-20,Precipitación,Testing,0.0,2.6790569078841564,-2.6790569078841564
2025-03-21,Precipitación,Testing,0.83,2.6790569078841564,-1.8490569078841563
2025-03-22,Precipitación,Testing,0.52,2.6790569078841564,-2.1590569078841564
2025-03-23,Precipitación,Testing,13.52,2.6790569078841564,10.840943092115843
2025-03-24,Precipitación,Testing,4.27,2.6790569078841564,1.5909430921158432
2025-03-25,Precipitación,Testing,3.38,2.6790569078841564,0.7009430921158435
2025-03-26,Precipitación,Testing,0.48,2.6790569078841564,-2.1990569078841564
2025-03-27,Precipitación,Testing,13.68,2.6790569078841564,11.000943092115843
2025-03-28,Precipitación,Testing,16.88,2.6790569078841564,14.200943092115843
2025-03-29,Precipitación,Testing,0.0,2.6790569078841564,-2.6790569078841564
2025-03-30,Precipitación,Testing,3.13,2.6790569078841564,0.4509430921158435
2025-03-31,Precipitación,Testing,2.2,2.6790569078841564,-0.4790569078841562
2025-04-01,Precipitación,Testing,0.12,2.6790569078841564,-2.5590569078841563
2025-04-02,Precipitación,Testing,0.0,2.6790569078841564,-2.6790569078841564
2025-04-03,Precipitación,Testing,0.0,2.6790569078841564,-2.6790569078841564
2025-04-04,Precipitación,Testing,0.0,2.6790569078841564,-2.6790569078841564
2025-04-05,Precipitación,Testing,0.0,2.6790569078841564,-2.6790569078841564
2025-04-06,Precipitación,Testing,4.36,2.6790569078841564,1.680943092115844
2025-04-07,Precipitación,Testing,38.63,2.6790569078841564,35.95094309211585
2025-04-08,Precipitación,Testing,2.11,2.6790569078841564,-0.5690569078841565
2025-04-09,Precipitación,Testing,0.32,2.6790569078841564,-2.3590569078841566
2025-04-10,Precipitación,Testing,0.16,2.6790569078841564,-2.5190569078841563
2025-04-11,Precipitación,Testing,0.78,2.6790569078841564,-1.8990569078841564
2025-04-12,Precipitación,Testing,0.46,2.6790569078841564,-2.2190569078841564
2025-04-13,Precipitación,Testing,0.0,2.6790569078841564,-2.6790569078841564
2025-04-14,Precipitación,Testing,0.09,2.6790569078841564,-2.5890569078841565
2025-04-15,Precipitación,Testing,0.35,2.6790569078841564,-2.3290569078841563
2025-04-16,Precipitación,Testing,1.49,2.6790569078841564,-1.1890569078841564
2025-04-17,Precipitación,Testing,2.19,2.6790569078841564,-0.48905690788415646
2025-04-18,Precipitación,Testing,0.62,2.6790569078841564,-2.0590569078841563
2025-04-19,Precipitación,Testing,0.0,2.6790569078841564,-2.6790569078841564
2025-04-20,Precipitación,Testing,3.8,2.6790569078841564,1.1209430921158434
2025-04-21,Precipitación,Testing,0.02,2.6790569078841564,-2.6590569078841564
2025-04-22,Precipitación,Testing,0.0,2.6790569078841564,-2.6790569078841564
2025-04-23,Precipitación,Testing,0.03,2.6790569078841564,-2.6490569078841566
2025-04-24,Precipitación,Testing,5.75,2.6790569078841564,3.0709430921158436
2025-04-25,Precipitación,Testing,0.32,2.6790569078841564,-2.3590569078841566
2025-04-26,Precipitación,Testing,1.04,2.6790569078841564,-1.6390569078841564
2025-04-27,Precipitación,Testing,0.02,2.6790569078841564,-2.6590569078841564
2025-04-28,Precipitación,Testing,0.0,2.6790569078841564,-2.6790569078841564
2025-04-29,Precipitación,Testing,0.0,2.6790569078841564,-2.6790569078841564
2025-04-30,Precipitación,Testing,0.0,2.6790569078841564,-2.6790569078841564
2025-05-01,Precipitación,Testing,0.0,2.6790569078841564,-2.6790569078841564
2025-05-02,Precipitación,Testing,0.0,2.6790569078841564,-2.6790569078841564
2025-05-03,Precipitación,Testing,0.0,2.6790569078841564,-2.6790569078841564
2025-05-04,Precipitación,Testing,2.82,2.6790569078841564,0.14094309211584344
2025-05-05,Precipitación,Testing,3.98,2.6790569078841564,1.3009430921158436
2025-05-06,Precipitación,Testing,3.03,2.6790569078841564,0.3509430921158434
2025-05-07,Precipitación,Testing,1.61,2.6790569078841564,-1.0690569078841563
2025-05-08,Precipitación,Testing,0.25,2.6790569078841564,-2.4290569078841564
2025-05-09,Precipitación,Testing,0.0,2.6790569078841564,-2.6790569078841564
2025-05-10,Precipitación,Testing,0.0,2.6790569078841564,-2.6790569078841564
2025-05-11,Precipitación,Testing,0.0,2.6790569078841564,-2.6790569078841564
2025-05-12,Precipitación,Testing,0.0,2.6790569078841564,-2.6790569078841564
2025-05-13,Precipitación,Testing,0.0,2.6790569078841564,-2.6790569078841564
2025-05-14,Precipitación,Testing,0.02,2.6790569078841564,-2.6590569078841564
2025-05-15,Precipitación,Testing,3.46,2.6790569078841564,0.7809430921158436
2025-05-16,Precipitación,Testing,6.29,2.6790569078841564,3.6109430921158436
2025-05-17,Precipitación,Testing,65.97,2.6790569078841564,63.29094309211584
2025-05-18,Precipitación,Testing,19.79,2.6790569078841564,17.110943092115843
2025-05-19,Precipitación,Testing,0.56,2.6790569078841564,-2.1190569078841563
2025-05-20,Precipitación,Testing,0.01,2.6790569078841564,-2.6690569078841566
2025-05-21,Precipitación,Testing,0.0,2.6790569078841564,-2.6790569078841564
2025-05-22,Precipitación,Testing,0.0,2.6790569078841564,-2.6790569078841564
2025-05-23,Precipitación,Testing,0.06,2.6790569078841564,-2.6190569078841563
2025-05-24,Precipitación,Testing,0.47,2.6790569078841564,-2.2090569078841567
2025-05-25,Precipitación,Testing,2.57,2.6790569078841564,-0.10905690788415656
2025-05-26,Precipitación,Testing,1.7,2.6790569078841564,-0.9790569078841564
2025-05-27,Precipitación,Testing,4.63,2.6790569078841564,1.9509430921158435
2025-05-28,Precipitación,Testing,0.08,2.6790569078841564,-2.5990569078841563
2025-05-29,Precipitación,Testing,0.0,2.6790569078841564,-2.6790569078841564
2025-05-30,Precipitación,Testing,0.0,2.6790569078841564,-2.6790569078841564
2025-05-31,Precipitación,Testing,0.0,2.6790569078841564,-2.6790569078841564
2025-06-01,Precipitación,Testing,0.0,2.6790569078841564,-2.6790569078841564
2025-06-02,Precipitación,Testing,66.91,2.6790569078841564,64.23094309211584
2025-06-03,Precipitación,Testing,0.0,2.6790569078841564,-2.6790569078841564
2025-06-04,Precipitación,Testing,0.0,2.6790569078841564,-2.6790569078841564
2025-06-05,Precipitación,Testing,0.01,2.6790569078841564,-2.6690569078841566
2025-06-06,Precipitación,Testing,0.0,2.6790569078841564,-2.6790569078841564
2025-06-07,Precipitación,Testing,0.26,2.6790569078841564,-2.4190569078841566
2025-06-08,Precipitación,Testing,0.02,2.6790569078841564,-2.6590569078841564
2025-06-09,Precipitación,Testing,0.0,2.6790569078841564,-2.6790569078841564
2025-06-10,Precipitación,Testing,0.0,2.6790569078841564,-2.6790569078841564
2025-06-11,Precipitación,Testing,0.0,2.6790569078841564,-2.6790569078841564
2025-06-12,Precipitación,Testing,0.0,2.6790569078841564,-2.6790569078841564
2025-06-13,Precipitación,Testing,3.88,2.6790569078841564,1.2009430921158435
2025-06-14,Precipitación,Testing,5.48,2.6790569078841564,2.800943092115844
2025-06-15,Precipitación,Testing,0.0,2.6790569078841564,-2.6790569078841564
2025-06-16,Precipitación,Testing,0.01,2.6790569078841564,-2.6690569078841566
2025-06-17,Precipitación,Testing,0.0,2.6790569078841564,-2.6790569078841564
2025-06-18,Precipitación,Testing,36.91,2.6790569078841564,34.23094309211584
2025-06-19,Precipitación,Testing,29.86,2.6790569078841564,27.180943092115843
2025-06-20,Precipitación,Testing,0.0,2.6790569078841564,-2.6790569078841564
2025-06-21,Precipitación,Testing,0.0,2.6790569078841564,-2.6790569078841564
2025-06-22,Precipitación,Testing,0.02,2.6790569078841564,-2.6590569078841564
2025-06-23,Precipitación,Testing,0.0,2.6790569078841564,-2.6790569078841564
2025-06-24,Precipitación,Testing,0.0,2.6790569078841564,-2.6790569078841564
2025-06-25,Precipitación,Testing,0.0,2.6790569078841564,-2.6790569078841564
2025-06-26,Precipitación,Testing,0.0,2.6790569078841564,-2.6790569078841564
2025-06-27,Precipitación,Testing,0.0,2.6790569078841564,-2.6790569078841564
2025-06-28,Precipitación,Testing,0.0,2.6790569078841564,-2.6790569078841564
2025-06-29,Precipitación,Testing,0.0,2.6790569078841564,-2.6790569078841564
2025-06-30,Precipitación,Testing,0.0,2.6790569078841564,-2.6790569078841564
2025-07-01,Precipitación,Testing,0.0,2.6790569078841564,-2.6790569078841564
2025-07-02,Precipitación,Testing,0.0,2.6790569078841564,-2.6790569078841564
2025-07-03,Precipitación,Testing,0.0,2.6790569078841564,-2.6790569078841564
2025-07-04,Precipitación,Testing,0.0,2.6790569078841564,-2.6790569078841564
2025-07-05,Precipitación,Testing,0.0,2.6790569078841564,-2.6790569078841564
2025-07-06,Precipitación,Testing,0.01,2.6790569078841564,-2.6690569078841566
2025-07-07,Precipitación,Testing,0.17,2.6790569078841564,-2.5090569078841565
2025-07-08,Precipitación,Testing,0.0,2.6790569078841564,-2.6790569078841564
2025-07-09,Precipitación,Testing,0.01,2.6790569078841564,-2.6690569078841566
2025-07-10,Precipitación,Testing,1.42,2.6790569078841564,-1.2590569078841565
2025-07-11,Precipitación,Testing,2.72,2.6790569078841564,0.04094309211584379
2025-07-12,Precipitación,Testing,0.61,2.6790569078841564,-2.0690569078841565
2025-07-13,Precipitación,Testing,0.0,2.6790569078841564,-2.6790569078841564
2025-07-14,Precipitación,Testing,0.0,2.6790569078841564,-2.6790569078841564
2025-07-15,Precipitación,Testing,0.38,2.6790569078841564,-2.2990569078841565
2025-07-16,Precipitación,Testing,24.65,2.6790569078841564,21.970943092115842
2025-07-17,Precipitación,Testing,0.0,2.6790569078841564,-2.6790569078841564
2025-07-18,Precipitación,Testing,0.0,2.6790569078841564,-2.6790569078841564
2025-07-19,Precipitación,Testing,0.0,2.6790569078841564,-2.6790569078841564
2025-07-20,Precipitación,Testing,0.0,2.6790569078841564,-2.6790569078841564
2025-07-21,Precipitación,Testing,0.0,2.6790569078841564,-2.6790569078841564
2025-07-22,Precipitación,Testing,0.09,2.6790569078841564,-2.5890569078841565
2025-07-23,Precipitación,Testing,6.67,2.6790569078841564,3.9909430921158435
2025-07-24,Precipitación,Testing,2.57,2.6790569078841564,-0.10905690788415656
2025-07-25,Precipitación,Testing,0.06,2.6790569078841564,-2.6190569078841563
2025-07-26,Precipitación,Testing,15.76,2.6790569078841564,13.080943092115843
2025-07-27,Precipitación,Testing,12.21,2.6790569078841564,9.530943092115844
2025-07-28,Precipitación,Testing,1.98,2.6790569078841564,-0.6990569078841564
2025-07-29,Precipitación,Testing,0.0,2.6790569078841564,-2.6790569078841564
2025-07-30,Precipitación,Testing,0.0,2.6790569078841564,-2.6790569078841564
2025-07-31,Precipitación,Testing,0.19,2.6790569078841564,-2.4890569078841565
2025-08-01,Precipitación,Testing,2.55,2.6790569078841564,-0.12905690788415658
2025-08-02,Precipitación,Testing,0.22,2.6790569078841564,-2.459056907884156
2025-08-03,Precipitación,Testing,0.0,2.6790569078841564,-2.6790569078841564
2025-08-04,Precipitación,Testing,0.0,2.6790569078841564,-2.6790569078841564
2025-08-05,Precipitación,Testing,0.0,2.6790569078841564,-2.6790569078841564
2025-08-06,Precipitación,Testing,0.0,2.6790569078841564,-2.6790569078841564
2025-08-07,Precipitación,Testing,0.0,2.6790569078841564,-2.6790569078841564
2025-08-08,Precipitación,Testing,0.0,2.6790569078841564,-2.6790569078841564
2025-08-09,Precipitación,Testing,0.0,2.6790569078841564,-2.6790569078841564
2025-08-10,Precipitación,Testing,0.0,2.6790569078841564,-2.6790569078841564
2025-08-11,Precipitación,Testing,0.0,2.6790569078841564,-2.6790569078841564
2025-08-12,Precipitación,Testing,0.0,2.6790569078841564,-2.6790569078841564
2025-08-13,Precipitación,Testing,0.0,2.6790569078841564,-2.6790569078841564
2025-08-14,Precipitación,Testing,0.0,2.6790569078841564,-2.6790569078841564
2025-08-15,Precipitación,Testing,0.0,2.6790569078841564,-2.6790569078841564
2025-08-16,Precipitación,Testing,0.0,2.6790569078841564,-2.6790569078841564
2025-08-17,Precipitación,Testing,0.01,2.6790569078841564,-2.6690569078841566
2025-08-18,Precipitación,Testing,4.47,2.6790569078841564,1.7909430921158433
2025-08-19,Precipitación,Testing,80.17,2.6790569078841564,77.49094309211584
2025-08-20,Precipitación,Testing,1.99,2.6790569078841564,-0.6890569078841564
2025-08-21,Precipitación,Testing,0.0,2.6790569078841564,-2.6790569078841564
2025-08-22,Precipitación,Testing,0.0,2.6790569078841564,-2.6790569078841564
2025-08-23,Precipitación,Testing,0.0,2.6790569078841564,-2.6790569078841564
2025-08-24,Precipitación,Testing,0.0,2.6790569078841564,-2.6790569078841564
2025-08-25,Precipitación,Testing,0.0,2.6790569078841564,-2.6790569078841564
2025-08-26,Precipitación,Testing,0.0,2.6790569078841564,-2.6790569078841564
2025-08-27,Precipitación,Testing,0.0,2.6790569078841564,-2.6790569078841564
2025-08-28,Precipitación,Testing,0.0,2.6790569078841564,-2.6790569078841564
2025-08-29,Precipitación,Testing,0.0,2.6790569078841564,-2.6790569078841564
2025-08-30,Precipitación,Testing,46.82,2.6790569078841564,44.14094309211585
2025-08-31,Precipitación,Testing,49.0,2.6790569078841564,46.32094309211584
2025-09-01,Precipitación,Testing,1.59,2.6790569078841564,-1.0890569078841563
2025-09-02,Precipitación,Testing,0.22,2.6790569078841564,-2.459056907884156
2025-09-03,Precipitación,Testing,0.52,2.6790569078841564,-2.1590569078841564
2025-09-04,Precipitación,Testing,0.0,2.6790569078841564,-2.6790569078841564
2025-09-05,Precipitación,Testing,0.0,2.6790569078841564,-2.6790569078841564
2025-09-06,Precipitación,Testing,0.0,2.6790569078841564,-2.6790569078841564
2025-09-07,Precipitación,Testing,0.0,2.6790569078841564,-2.6790569078841564
2025-09-08,Precipitación,Testing,0.0,2.6790569078841564,-2.6790569078841564
2025-09-09,Precipitación,Testing,0.0,2.6790569078841564,-2.6790569078841564
2025-09-10,Precipitación,Testing,0.0,2.6790569078841564,-2.6790569078841564
2025-09-11,Precipitación,Testing,0.0,2.6790569078841564,-2.6790569078841564
2025-09-12,Precipitación,Testing,0.0,2.6790569078841564,-2.6790569078841564
2025-09-13,Precipitación,Testing,0.0,2.6790569078841564,-2.6790569078841564
2025-09-14,Precipitación,Testing,0.47,2.6790569078841564,-2.2090569078841567
2025-09-15,Precipitación,Testing,3.06,2.6790569078841564,0.38094309211584365
2025-09-16,Precipitación,Testing,0.33,2.6790569078841564,-2.3490569078841563
2025-09-17,Precipitación,Testing,0.98,2.6790569078841564,-1.6990569078841564
2025-09-18,Precipitación,Testing,0.86,2.6790569078841564,-1.8190569078841565
2025-09-19,Precipitación,Testing,1.44,2.6790569078841564,-1.2390569078841565
2025-09-20,Precipitación,Testing,16.04,2.6790569078841564,13.360943092115843
2025-09-21,Precipitación,Testing,0.19,2.6790569078841564,-2.4890569078841565
2025-09-22,Precipitación,Testing,0.0,2.6790569078841564,-2.6790569078841564
2025-09-23,Precipitación,Testing,0.0,2.6790569078841564,-2.6790569078841564
2025-09-24,Precipitación,Testing,0.0,2.6790569078841564,-2.6790569078841564
2025-09-25,Precipitación,Testing,0.0,2.6790569078841564,-2.6790569078841564
2025-09-26,Precipitación,Testing,0.01,2.6790569078841564,-2.6690569078841566
2025-09-27,Precipitación,Testing,16.96,2.6790569078841564,14.280943092115844
2025-09-28,Precipitación,Testing,0.06,2.6790569078841564,-2.6190569078841563
2025-09-29,Precipitación,Testing,0.0,2.6790569078841564,-2.6790569078841564
2025-09-30,Precipitación,Testing,0.0,2.6790569078841564,-2.6790569078841564
2025-10-01,Precipitación,Testing,0.0,2.6790569078841564,-2.6790569078841564
2025-10-02,Precipitación,Testing,0.0,2.6790569078841564,-2.6790569078841564
2025-10-03,Precipitación,Testing,0.0,2.6790569078841564,-2.6790569078841564
2025-10-04,Precipitación,Testing,0.1,2.6790569078841564,-2.5790569078841563
2025-10-05,Precipitación,Testing,31.27,2.6790569078841564,28.590943092115843
2025-10-06,Precipitación,Testing,0.02,2.6790569078841564,-2.6590569078841564
2025-10-07,Precipitación,Testing,0.0,2.6790569078841564,-2.6790569078841564
2025-10-08,Precipitación,Testing,0.0,2.6790569078841564,-2.6790569078841564
2025-10-09,Precipitación,Testing,0.0,2.6790569078841564,-2.6790569078841564
2025-10-10,Precipitación,Testing,0.0,2.6790569078841564,-2.6790569078841564
2025-10-11,Precipitación,Testing,1.73,2.6790569078841564,-0.9490569078841564
2025-10-12,Precipitación,Testing,0.0,2.6790569078841564,-2.6790569078841564
2025-10-13,Precipitación,Testing,0.0,2.6790569078841564,-2.6790569078841564
2025-10-14,Precipitación,Testing,0.0,2.6790569078841564,-2.6790569078841564
2025-10-15,Precipitación,Testing,0.0,2.6790569078841564,-2.6790569078841564
2025-10-16,Precipitación,Testing,0.24,2.6790569078841564,-2.439056907884156
2025-10-17,Precipitación,Testing,0.87,2.6790569078841564,-1.8090569078841563
2025-10-18,Precipitación,Testing,0.01,2.6790569078841564,-2.6690569078841566
2025-10-19,Precipitación,Testing,0.0,2.6790569078841564,-2.6790569078841564
2025-10-20,Precipitación,Testing,0.0,2.6790569078841564,-2.6790569078841564
2025-10-21,Precipitación,Testing,0.0,2.6790569078841564,-2.6790569078841564
2025-10-22,Precipitación,Testing,0.0,2.6790569078841564,-2.6790569078841564
2025-10-23,Precipitación,Testing,0.0,2.6790569078841564,-2.6790569078841564
2025-10-24,Precipitación,Testing,1.62,2.6790569078841564,-1.0590569078841563
2025-10-25,Precipitación,Testing,0.91,2.6790569078841564,-1.7690569078841563
2025-10-26,Precipitación,Testing,0.0,2.6790569078841564,-2.6790569078841564
2025-10-27,Precipitación,Testing,0.08,2.6790569078841564,-2.5990569078841563
2025-10-28,Precipitación,Testing,0.1,2.6790569078841564,-2.5790569078841563
2025-10-29,Precipitación,Testing,0.0,2.6790569078841564,-2.6790569078841564
2025-10-30,Precipitación,Testing,0.0,2.6790569078841564,-2.6790569078841564
2025-10-31,Precipitación,Testing,0.0,2.6790569078841564,-2.6790569078841564
2025-11-01,Precipitación,Testing,0.0,2.6790569078841564,-2.6790569078841564
2025-11-02,Precipitación,Testing,0.0,2.6790569078841564,-2.6790569078841564
2025-11-03,Precipitación,Testing,2.67,2.6790569078841564,-0.009056907884156473
2025-11-04,Precipitación,Testing,19.95,2.6790569078841564,17.270943092115843
2025-11-05,Precipitación,Testing,0.32,2.6790569078841564,-2.3590569078841566
2025-11-06,Precipitación,Testing,0.0,2.6790569078841564,-2.6790569078841564
2025-11-07,Precipitación,Testing,18.9,2.6790569078841564,16.220943092115842
2025-11-08,Precipitación,Testing,0.07,2.6790569078841564,-2.6090569078841566
2025-11-09,Precipitación,Testing,0.0,2.6790569078841564,-2.6790569078841564
2025-11-10,Precipitación,Testing,0.0,2.6790569078841564,-2.6790569078841564
2025-11-11,Precipitación,Testing,4.07,2.6790569078841564,1.3909430921158439
2025-11-12,Precipitación,Testing,0.6,2.6790569078841564,-2.0790569078841563
2025-11-13,Precipitación,Testing,0.19,2.6790569078841564,-2.4890569078841565
2025-11-14,Precipitación,Testing,0.0,2.6790569078841564,-2.6790569078841564
2025-11-15,Precipitación,Testing,4.88,2.6790569078841564,2.2009430921158435
2025-11-16,Precipitación,Testing,37.54,2.6790569078841564,34.860943092115846
2025-11-17,Precipitación,Testing,0.0,2.6790569078841564,-2.6790569078841564
2025-11-18,Precipitación,Testing,0.0,2.6790569078841564,-2.6790569078841564
2025-11-19,Precipitación,Testing,0.0,2.6790569078841564,-2.6790569078841564
2025-11-20,Precipitación,Testing,12.62,2.6790569078841564,9.940943092115843
2025-11-21,Precipitación,Testing,0.13,2.6790569078841564,-2.5490569078841565
2025-11-22,Precipitación,Testing,0.0,2.6790569078841564,-2.6790569078841564
2025-11-23,Precipitación,Testing,0.0,2.6790569078841564,-2.6790569078841564
2025-11-24,Precipitación,Testing,0.0,2.6790569078841564,-2.6790569078841564
2025-11-25,Precipitación,Testing,0.0,2.6790569078841564,-2.6790569078841564
2025-11-26,Precipitación,Testing,0.0,2.6790569078841564,-2.6790569078841564
2025-11-27,Precipitación,Testing,0.63,2.6790569078841564,-2.0490569078841565
2025-11-28,Precipitación,Testing,0.16,2.6790569078841564,-2.5190569078841563
2025-11-29,Precipitación,Testing,5.06,2.6790569078841564,2.380943092115843
2025-11-30,Precipitación,Testing,12.61,2.6790569078841564,9.930943092115843
2025-12-01,Precipitación,Testing,0.47,2.6790569078841564,-2.2090569078841567
2025-12-02,Precipitación,Testing,0.0,2.6790569078841564,-2.6790569078841564
2025-12-03,Precipitación,Testing,0.0,2.6790569078841564,-2.6790569078841564
2025-12-04,Precipitación,Testing,0.02,2.6790569078841564,-2.6590569078841564
2025-12-05,Precipitación,Testing,0.0,2.6790569078841564,-2.6790569078841564
2025-12-06,Precipitación,Testing,0.0,2.6790569078841564,-2.6790569078841564
2025-12-07,Precipitación,Testing,0.05,2.6790569078841564,-2.6290569078841566
2025-12-08,Precipitación,Testing,0.35,2.6790569078841564,-2.3290569078841563
2025-12-09,Precipitación,Testing,0.71,2.6790569078841564,-1.9690569078841564
2025-12-10,Precipitación,Testing,0.18,2.6790569078841564,-2.4990569078841562
2025-12-11,Precipitación,Testing,2.55,2.6790569078841564,-0.12905690788415658
2025-12-12,Precipitación,Testing,12.66,2.6790569078841564,9.980943092115844
2025-12-13,Precipitación,Testing,0.0,2.6790569078841564,-2.6790569078841564
2025-12-14,Precipitación,Testing,35.63,2.6790569078841564,32.95094309211585
2025-12-15,Precipitación,Testing,1.35,2.6790569078841564,-1.3290569078841563
2025-12-16,Precipitación,Testing,0.0,2.6790569078841564,-2.6790569078841564
2025-12-17,Precipitación,Testing,0.0,2.6790569078841564,-2.6790569078841564
2025-12-18,Precipitación,Testing,0.0,2.6790569078841564,-2.6790569078841564
2025-12-19,Precipitación,Testing,0.0,2.6790569078841564,-2.6790569078841564
2025-12-20,Precipitación,Testing,35.72,2.6790569078841564,33.04094309211584
2025-12-21,Precipitación,Testing,4.42,2.6790569078841564,1.7409430921158435
2025-12-22,Precipitación,Testing,0.19,2.6790569078841564,-2.4890569078841565
2025-12-23,Precipitación,Testing,0.01,2.6790569078841564,-2.6690569078841566
2025-12-24,Precipitación,Testing,2.45,2.6790569078841564,-0.22905690788415622
2025-12-25,Precipitación,Testing,1.49,2.6790569078841564,-1.1890569078841564
2025-12-26,Precipitación,Testing,0.0,2.6790569078841564,-2.6790569078841564
2025-12-27,Precipitación,Testing,0.7,2.6790569078841564,-1.9790569078841564
2025-12-28,Precipitación,Testing,1.16,2.6790569078841564,-1.5190569078841565
2025-12-29,Precipitación,Testing,0.45,2.6790569078841564,-2.2290569078841562
2025-12-30,Precipitación,Testing,0.0,2.6790569078841564,-2.6790569078841564
2025-12-31,Precipitación,Testing,0.0,2.6790569078841564,-2.6790569078841564
